job_title,job_type,position_level,city,experience,skills,job_fields,salary,salary_min,salary_max,unit,avg_salary
trưởng nhóm digital marketing,nhân viên chính thức,quản lý,hồ chí minh,2 - 25 năm,"online, digital marketer, trưởng nhóm digital marketing, digital ô tô, nhân viên digital marketing, social media, chuyên viên digital marketing, chuyên viên digital","marketing, truyền thông, cơ khí, đối ngoại, quảng cáo, tự động hóa, ô tô, tiếp thị",14 tr - 25 tr vnd,14.0,25.0,vnd,19.5
retail associate nhân viên bán hàng,nhân viên chính thức,nhân viên,hồ chí minh,1 - 3 năm,"store manager, operation manager, sales staff, retail manager, retail operation manager, nhân viên bán hàng","nhà hàng, bán sỉ, bán lẻ, kinh doanh, bán hàng, khách sạn",10 tr - 15 tr vnd,10.0,15.0,vnd,12.5
vietjet air nhân viên chăm sóc khách hàng quốc tế,nhân viên chính thức,nhân viên,hồ chí minh,không yêu cầu,"tiếng anh, vietjet air nhân viên chăm sóc khách hàng quốc tế, tân bình, chăm sóc khách hàng",dịch vụ khách hàng,8 tr - 9 tr vnd,8.0,9.0,vnd,8.5
phó giám đốc chi nhánh phụ trách mảng khdn chi nhánh đăk nông gia lai,nhân viên chính thức,phó giám đốc,gia lai,3 - 5 năm,Unknown,ngân hàng,45 tr - 65 tr vnd,45.0,65.0,vnd,55.0
kiến trúc sư triển khai,nhân viên chính thức,nhân viên,hà nội,trên 5 năm,"kiến trúc sư triển khai, cadddesigner, civil engineer, draftsman, họa viên kiến trúc, architect, architectural drafter, nhân viên thiết kế kiến trúc, architectural, site engineer, structural drafter","kiến trúc, nội ngoại thất, xây dựng",15 tr - 21 tr vnd,15.0,21.0,vnd,18.0
chuyên viên tuyển sinh ocean edu quốc oai thu nhập hấp dẫn từ 13 triệu tháng phỏng vấn đi làm ngay,nhân viên chính thức,nhân viên,hà nội,không yêu cầu,"chuyên viên tuyển sinh ocean edu quốc oai thu nhập hấp dẫn từ triệu, tháng phỏng vấn đi làm ngay","kinh doanh, bán hàng, tư vấn, dịch vụ khách hàng",13 tr - 15 tr vnd,13.0,15.0,vnd,14.0
tổng đài chăm sóc khách hàng vietjet air phỏng vấn online trước tết nhận việc sau tết,nhân viên chính thức,nhân viên,hồ chí minh,không yêu cầu, tổng đài chăm sóc khách hàng vietjet air phỏng vấn online trước tếtnhận việc sau tết,"hàng không, dịch vụ khách hàng","7 tr - 7,5 tr vnd",7.0,7.5,vnd,7.25
chuyên viên digital marketing,nhân viên chính thức,nhân viên,hà nội,1 - 3 năm,Unknown,"tiếp thị, marketing",12 tr - 18 tr vnd,12.0,18.0,vnd,15.0
nhân viên kinh doanh thị trường khu vực đăk lăk kon tum gia lai,nhân viên chính thức,nhân viên,kon tum,trên 1 năm,Unknown,"dược phẩm, hóa mỹ phẩm, chăm sóc cá nhân, kinh doanh, bán hàng, hàng gia dụng",12 tr - 20 tr vnd,12.0,20.0,vnd,16.0
kiến trúc sư triển khai 3d,nhân viên chính thức,nhân viên,hà nội,trên 1 năm,"kiến trúc sư nội thất, kiến trúc sư 2d, kiến trúc sư","nghệ thuật, thiết kế, kiến trúc, nội ngoại thất, mỹ thuật",lên đến 30 tr vnd,0.0,30.0,vnd,15.0
nhân viên khai báo hải quan,nhân viên chính thức,nhân viên,hồ chí minh,1 - 2 năm,Unknown,xuất nhập khẩu,9 tr - 12 tr vnd,9.0,12.0,vnd,10.5
116984 production engineer manager manufacturing,nhân viên chính thức,nhân viên,hồ chí minh,5 - 10 năm," production engineer manager manufacturing, kỹ sư sản xuất bo mạch điện tử dạng dẻo fpc, kỹ sư sản xuất, manufacturing engineer","vận hành sản xuất, sản xuất",25 tr - 35 tr vnd,25.0,35.0,vnd,30.0
115196 junior electrical engineer construction,nhân viên chính thức,nhân viên,hồ chí minh,6 - 8 năm,"kỹ sư m&e, kỹ sư giám sát điện, kỹ sư điện, junior electrical engineer construction, m&e engineer, kỹ sư cơ điện công trình","kiến trúc, xây dựng",20 tr - 25 tr vnd,20.0,25.0,vnd,22.5
chuyên viên digital marketing,nhân viên chính thức,nhân viên,hồ chí minh,1 - 2 năm,"marketer, marketing executive, chuyên viên pr marketing, chuyên viên social media, chuyên viên marketing online, nhân viên marketing online, marketing operations officer, online marketing executive, chuyên viên digital marketing, nhân viên marketing, marketing specialist","thẩm mỹ, y tế, chăm sóc sức khỏe, làm đẹp",11 tr - 12 tr vnd,11.0,12.0,vnd,11.5
content editor,nhân viên chính thức,nhân viên,hà nội,1 - 2 năm,"content editor, nhân viên biên tập tin nội bộ, biên tập viên","truyền hình, biên tập, truyền thông, dược phẩm, đối ngoại, quảng cáo, hóa mỹ phẩm, báo chí",8 tr - 12 tr vnd,8.0,12.0,vnd,10.0
nhân viên digital marketing,nhân viên chính thức,nhân viên,hồ chí minh,1 - 5 năm,Unknown,"marketing, chăm sóc cá nhân, kinh doanh, tiếp thị, bán hàng, hàng gia dụng",12 tr - 15 tr vnd,12.0,15.0,vnd,13.5
117492 sales staff nhân viên kinh doanh và hỗ trợ khách hàng it network,nhân viên chính thức,nhân viên,hồ chí minh,5 - 7 năm,"sales executive, nhân viên phòng kinh doanh, chuyên viên kinh doanh, đại diện bán hàng, đại diện kinh doanh, sales engineer, sales dept, telesales, salesman, sales staff nhân viên kinh doanh và hỗ trợ khách hàng it network, nhân viên bán hàng","cntt - phần cứng, mạng, cntt - phần mềm",25 tr - 30 tr vnd,25.0,30.0,vnd,27.5
community specialist,nhân viên chính thức,nhân viên,hà nội,1 - 2 năm,"manager, officier, coordinator, associates accountant, nhân viên mua hàng staff, purchasing staff, staff, supervisor, executive, purchasing, community specialist","tiếp thị, marketing",12 tr - 20 tr vnd,12.0,20.0,vnd,16.0
sales engineer ebraco international hn,nhân viên chính thức,nhân viên,hà nội,2 - 3 năm,"sales engineer ebraco international hn, kỹ sư kinh doanh, kỹ sư bán hàng","kinh doanh, bán hàng",12 tr - 15 tr vnd,12.0,15.0,vnd,13.5
mechanical engineer kỹ sư chế tạo máy móc,nhân viên chính thức,nhân viên,long an,3 - 5 năm,"kỹ sư chế tạo máy, kỹ sư cơ khí chế tạo máy, kỹ sư cơ khí","sửa chữa, cơ khí, bảo trì, tự động hóa, ô tô",18 tr - 25 tr vnd,18.0,25.0,vnd,21.5
chuyên viên tập sự khách hàng cá nhân cn gia lai,nhân viên chính thức,nhân viên,gia lai,không yêu cầu,chuyên viên tập sự khách hàng cá nhân cn. gia lai cnlt.,"bán sỉ, bảo hiểm, bán lẻ, ngân hàng",5 tr - 15 tr vnd,5.0,15.0,vnd,10.0
digital marketing manager,nhân viên chính thức,quản lý,hà nội,1 - 2 năm,"online marketing manager, digital marketing manager","tiếp thị, marketing",25 tr - 35 tr vnd,25.0,35.0,vnd,30.0
quality assurance nhân viên quản lý chất lượng,nhân viên chính thức,nhân viên,hồ chí minh,1 - 2 năm, quality assurance nhân viên quản lý chất lượng,"qc), kinh doanh, bán hàng, dịch vụ khách hàng, quản lý chất lượng (qa",13 tr - 14 tr vnd,13.0,14.0,vnd,13.5
video editor,nhân viên chính thức,nhân viên,hồ chí minh,3 - 7 năm,"da vinci resolve, video editor, food content, adobe premier pro, leader, communication, long form video editing","giải trí, truyền hình, nghệ thuật, biên tập, thiết kế, mỹ thuật, báo chí","1,000 - 1,500 usd",25.0,37.5,usd,31.25
lighting design engineer,nhân viên chính thức,nhân viên,hồ chí minh,1 - 2 năm,"nhân viên phòng khai thác phát triển mẫu, nhân viên cad 3d, họa viên, web designer, lighting design engineer, formwork specialist, trợ lý chế tạo khuôn mẫu, designer, nhân viên thiết kế khuôn mẫu ngành nhựa, exterior, nhân viên thiết kế","điện, xây dựng, điện tử, điện lạnh, điện công nghiệp",7 tr - 10 tr vnd,7.0,10.0,vnd,8.5
retail marketing manager,nhân viên chính thức,quản lý,hồ chí minh,2 - 3 năm,"giám đốc marketing, head of marketing, marketing director, trưởng phòng marketing, makerting manager, makerting director, marketing supervisor, giám sát tiếp thị, retail marketing manager, giám đốc truyền thông & tiếp thị, giám đốc tiếp thị","tiếp thị, marketing, thực phẩm & đồ uống",20 tr - 25 tr vnd,20.0,25.0,vnd,22.5
chuyên viên digital marketing,nhân viên chính thức,nhân viên,hà nội,1 - 2 năm,"marketer, marketing executive, chuyên viên pr marketing, chuyên viên social media, chuyên viên marketing online, nhân viên marketing online, marketing operations officer, online marketing executive, chuyên viên digital marketing, nhân viên marketing, marketing specialist","tiếp thị, marketing, tiếp thị trực tuyến",13 tr - 15 tr vnd,13.0,15.0,vnd,14.0
phó phòng chứng từ khai báo hải quan,nhân viên chính thức,"trưởng nhóm , giám sát",hồ chí minh,2 - 3 năm,"deputy head of office, phó phòng chứng từ khai báo hải quan, chứng từ hải quan","sản xuất, giao nhận, vận chuyển, xuất nhập khẩu, vận hành sản xuất, kho vận",17 tr - 19 tr vnd,17.0,19.0,vnd,18.0
digital marketing,nhân viên chính thức,nhân viên,hà nội,2 - 5 năm,Unknown,"vận hành sản xuất, sản xuất",14 tr - 16 tr vnd,14.0,16.0,vnd,15.0
nhân viên tư vấn qua điện thoại data tiềm năng làm giờ hành chính,nhân viên chính thức,nhân viên,hồ chí minh,lên đến 1 năm,"nhân viên tư vấn bán hàng giày dép thời trang, nhân viên tư vấn kinh doanh khối nhà thuốc, nhân viên kinh doanh và marketing, nhân viên kinh doanh hóa chất hương liệu, nhân viên tư vấn bán hàng rượu, online marketing sales, nhân viên bán lẻ, hotel restaurant cafe sales, nhân viên kinh doanh phụ tùng quản lý đại lý, nhân viên kinh doanh xử lý môi trường, nhân viên tư vấn qua điện thoại data tiềm năng làm giờ hành chính","kinh doanh, bán hàng, tư vấn, dịch vụ khách hàng","8,5 tr - 11,6 tr vnd",8.5,11.6,vnd,10.05
graphic design kiêm video editor,nhân viên chính thức,nhân viên,hà nội,1 - 2 năm,"graphic designer, nhân viên thiết kế, editor","truyền hình, marketing, biên tập, nghệ thuật, thiết kế, mỹ thuật, tiếp thị, báo chí",8 tr - 10 tr vnd,8.0,10.0,vnd,9.0
gia lai chuyên viên kinh doanh,nhân viên chính thức,nhân viên,gia lai,1 - 2 năm,"đại diện kinh doanh thương mại, chuyên viên kinh doanh dự án, nhân viên kinh doanh phụ trách dự án, nhân viên điều phối khách hàng, accounts officer, sales in agricultural product, chuyên viên kinh doanh thiết bị nhiệt, account representative, network solution account manager, boutique sales associate, gia lai chuyên viên kinh doanh bb chuyển phát nhanh","kinh doanh, bưu chính viễn thông, bán hàng, xuất nhập khẩu",10 tr - 20 tr vnd,10.0,20.0,vnd,15.0
116994 quality control assistant manager staff manufacturing,nhân viên chính thức,"trưởng nhóm , giám sát",hồ chí minh,trên 3 năm," quality control assistant manager, assistant director, staff manufacturing, trợ lý giám đốc","vận hành sản xuất, sản xuất",18 tr - 23 tr vnd,18.0,23.0,vnd,20.5
engineering manager,nhân viên chính thức,quản lý,hồ chí minh,8 - 10 năm,"manager, engineering manager, officier, coordinator, nhân viên mua hàng staff, associates accountant, purchasing staff, staff, supervisor, executive, purchasing, specialist","y tế, dược phẩm, thẩm mỹ, hóa mỹ phẩm, làm đẹp, chăm sóc sức khỏe, cntt - phần mềm",60 tr - 80 tr vnd,60.0,80.0,vnd,70.0
general affairs intern tts hành chính tổng hợp,thực tập,"sinh viên, thực tập sinh",hồ chí minh,không yêu cầu,Unknown,"giao nhận, vận chuyển, xuất nhập khẩu, nhân sự, kho vận",2 tr - 3 tr vnd,2.0,3.0,vnd,2.5
captain,nhân viên chính thức,nhân viên,hồ chí minh,1 - 5 năm,"food and beverage captain, nhân viên phục vụ bàn, phục vụ bàn, pha chế và phục vụ quán, nhân viên phục vụ tiệc cưới, nhân viên phục vụ nhà hàng cao cấp, nhân viên phục vụ nhà hàng hải sản, restaurant captain, nhân viên phục vụ","khách sạn, du lịch, nhà hàng","8 tr - 9,5 tr vnd",8.0,9.5,vnd,8.75
vietjet air tổng đài viên chăm sóc khách hàng,nhân viên chính thức,nhân viên,hồ chí minh,không yêu cầu,"tân bình, vietjet air tổng đài viên chăm sóc khách hàng line tiếng anh",dịch vụ khách hàng,8 tr - 9 tr vnd,8.0,9.0,vnd,8.5
video editor,nhân viên chính thức,nhân viên,hà nội,lên đến 1 năm,"video editor, social media marketing specialist, social media, social media staff, editor","nghệ thuật, truyền thông, marketing, thiết kế, đối ngoại, quảng cáo, mỹ thuật, tiếp thị",10 tr - 15 tr vnd,10.0,15.0,vnd,12.5
nhân viên triển khai bản vẽ 2d full – time,nhân viên chính thức,nhân viên,thừa thiên huế,không yêu cầu,Unknown,"nghệ thuật, bất động sản, thiết kế, kiến trúc, mỹ thuật","trên 5,5 tr vnd",5.5,0.0,vnd,2.75
nhân viên kinh doanh khách đoàn du lịch nội địa lữ hành saigontourist buôn ma thuột,nhân viên chính thức,nhân viên,đắk lắk,1 - 2 năm,"sales executive, chuyên viên kinh doanh, đại diện bán hàng, đại diện kinh doanh, sales engineer, sales dept, telesales, salesman, nhân viên bán hàng","kinh doanh, bán hàng",5 tr - 7 tr vnd,5.0,7.0,vnd,6.0
back end developer,nhân viên chính thức,nhân viên,hồ chí minh,2 - 3 năm,lập trình,cntt - phần mềm,15 tr - 25 tr vnd,15.0,25.0,vnd,20.0
ai engineer,nhân viên chính thức,nhân viên,hồ chí minh,3 - 4 năm,Unknown,cntt - phần mềm,15 tr - 25 tr vnd,15.0,25.0,vnd,20.0
nhân viên kinh doanh phát triển thị trường khu vực đồng nai lương cứng 10 15tr hoa hồng,nhân viên chính thức,nhân viên,đồng nai,2 - 5 năm,"sales executive, nhân viên phòng kinh doanh, nhân viên kinh doanh phát triển thị trường khu vực đồng nai. lương cứng tr + hoa hồng, chuyên viên kinh doanh, đại diện bán hàng, đại diện kinh doanh, sales engineer, sales dept, telesales, salesman, nhân viên bán hàng","kinh doanh, bán hàng",15 tr - 35 tr vnd,15.0,35.0,vnd,25.0
data entry operator,nhân viên chính thức,nhân viên,hà nội,không yêu cầu,"nhân viên nhập liệu tại nhà, nhân viên nhập liệu, nhân viên nhập liệu đánh máy tại nhà, data entry operator, nhân viên đánh máy","cntt - phần cứng, mạng, cntt - phần mềm",10 tr - 15 tr vnd,10.0,15.0,vnd,12.5
nhân viên it,nhân viên chính thức,nhân viên,long an,1 - 2 năm,"it engineer, it administrator, it supervisor, it executive, it staff, it support, it officer, nhân viên tin học, it helpdesk, it specialist, nhân viên it làm việc tại hoà khánh tây đức hoà long an","cntt - phần cứng, mạng, cntt - phần mềm",9 tr - 12 tr vnd,9.0,12.0,vnd,10.5
quality assurance,nhân viên chính thức,nhân viên,bà rịa  vũng tàu,3 - 5 năm,Unknown,"dệt may, da giày, thời trang, qc), vận hành sản xuất, sản xuất, quản lý chất lượng (qa",16 tr - 17 tr vnd,16.0,17.0,vnd,16.5
sale engineer hải dương hải phòng,nhân viên chính thức,nhân viên,hải dương,lên đến 2 năm,"tư vấn kinh doanh, đại diện bán hàng, đại diện kinh doanh, tư vấn bán hàng, sale engineer nhân viên bán hàng kỹ thuật hải dương hải phòng, sales representative, nvkd, nhân viên kinh doanh, salesman, bán hàng","cơ khí, bán sỉ, bán lẻ, tự động hóa, kinh doanh, ô tô, bán hàng",11 tr - 20 tr vnd,11.0,20.0,vnd,15.5
digital marketing leader,nhân viên chính thức,"trưởng nhóm , giám sát",hồ chí minh,2 - 5 năm,Unknown,"tiếp thị, marketing",11 tr - 14 tr vnd,11.0,14.0,vnd,12.5
chuyên viên digital marketing,nhân viên chính thức,nhân viên,hồ chí minh,1 - 2 năm,"marketer, marketing executive, chuyên viên pr marketing, chuyên viên social media, chuyên viên marketing online, nhân viên marketing online, marketing operations officer, online marketing executive, chuyên viên digital marketing, nhân viên marketing, marketing specialist","marketing, truyền thông, đối ngoại, quảng cáo, tiếp thị trực tuyến, tiếp thị",10 tr - 12 tr vnd,10.0,12.0,vnd,11.0
nhân viên triển khai dự án,nhân viên chính thức,nhân viên,hồ chí minh,trên 2 năm,Unknown,"điện, sửa chữa, bảo trì, mạng, điện tử, điện lạnh, điện công nghiệp, cntt - phần cứng",10 tr - 18 tr vnd,10.0,18.0,vnd,14.0
building maintenance technician nhân viên bảo trì toà nhà nhân viên kỹ thuật,nhân viên chính thức,nhân viên,hồ chí minh,1 - 2 năm,Unknown,"điện, sửa chữa, bảo trì, điện tử, điện lạnh, điện công nghiệp",trên 9 tr vnd,9.0,0.0,vnd,4.5
academics affairs,nhân viên chính thức,nhân viên,hồ chí minh,2 - 3 năm,Unknown,"giáo dục, đào tạo",8 tr - 12 tr vnd,8.0,12.0,vnd,10.0
nhân viên digital designer,nhân viên chính thức,nhân viên,hồ chí minh,trên 2 năm,"chuyên viên thiết kế, graphic designer","marketing, nghệ thuật, thiết kế, mỹ thuật, tiếp thị",10 tr - 12 tr vnd,10.0,12.0,vnd,11.0
nhân viên it,nhân viên chính thức,nhân viên,đồng nai,lên đến 1 năm,Unknown,"cntt - phần cứng, mạng, cntt - phần mềm",8 tr - 10 tr vnd,8.0,10.0,vnd,9.0
tổng đài chăm sóc khách hàng hãng hàng không vietjet air không yêu cầu kinh nghiệm,nhân viên chính thức,nhân viên,hồ chí minh,không yêu cầu, tổng đài chăm sóc khách hàng hãng hàng không vietjet air không yêu cầu kinh nghiệm,"hàng không, dịch vụ khách hàng",7 tr - 8 tr vnd,7.0,8.0,vnd,7.5
nhân viên khai thác hàng hóa,nhân viên chính thức,nhân viên,hà nội,1 - 2 năm,Unknown,"vật tư, thu mua, xuất nhập khẩu, qc), quản lý chất lượng (qa",9 tr - 12 tr vnd,9.0,12.0,vnd,10.5
nhân viên admin kho đồng nai,nhân viên chính thức,nhân viên,đồng nai,1 - 2 năm,Unknown,"kế toán, kiểm toán, giao nhận, vận chuyển, kho vận",9 tr - 10 tr vnd,9.0,10.0,vnd,9.5
brand digital lead,nhân viên chính thức,"trưởng nhóm , giám sát",hồ chí minh,trên 3 năm,"online, social media","marketing, bán sỉ, tiếp thị trực tuyến, bán lẻ, tiếp thị",trên 15 tr vnd,15.0,0.0,vnd,7.5
triển khai kỹ thuật shop drawing,nhân viên chính thức,nhân viên,hà nội,2 - 3 năm,Unknown,"nội ngoại thất, xây dựng",14 tr - 18 tr vnd,14.0,18.0,vnd,16.0
đồng nai thư ký kỹ thuật,nhân viên chính thức,nhân viên,đồng nai,1 - 2 năm,"secretary, clerk, trợ lý, đồng nai thư ký kỹ thuật","thư ký, cơ khí, hành chính, tự động hóa, ô tô, vận hành sản xuất, sản xuất",10 tr - 15 tr vnd,10.0,15.0,vnd,12.5
chuyên viên it chi nhánh hà nội,nhân viên chính thức,nhân viên,hà nội,2 - 3 năm,"nhân viên it, it engineer, chuyên viên it chi nhánh hà nội, it supervisor, it executive, it staff, it support, nhân viên tin học, it helpdesk, it specialist, it officer","thực phẩm & đồ uống, mạng, bán sỉ, bán lẻ, cntt - phần cứng",13 tr - 17 tr vnd,13.0,17.0,vnd,15.0
lead nlp cv engineer,nhân viên chính thức,"trưởng nhóm , giám sát",hà nội,không yêu cầu,"lead nlp, cv engineer",cntt - phần mềm,lên đến 50 tr vnd,0.0,50.0,vnd,25.0
tổng đài chăm sóc khách hàng vietjet air không yêu cầu kinh nghiệm,nhân viên chính thức,nhân viên,hồ chí minh,chưa có kinh nghiệm," tổng đài chăm sóc khách hàng vietjet air không yêu cầu kinh nghiệm, customer services, khách hàng, cskh","hàng không, dịch vụ khách hàng",7 tr - 8 tr vnd,7.0,8.0,vnd,7.5
chuyên viên quay dựng video editor,nhân viên chính thức,nhân viên,hà nội,1 - 2 năm,Unknown,"truyền hình, truyền thông, biên tập, đối ngoại, quảng cáo, báo chí",12 tr - 18 tr vnd,12.0,18.0,vnd,15.0
chuyên viên it,nhân viên chính thức,"trưởng nhóm , giám sát",hà nội,3 - 5 năm,"nhân viên it, it engineer, it supervisor, it executive, it staff, chuyên viên it, it support, nhân viên tin học, it helpdesk, it specialist, it officer","vận hành sản xuất, sản xuất",13 tr - 18 tr vnd,13.0,18.0,vnd,15.5
process and quality control engineer,nhân viên chính thức,nhân viên,long an,2 - 3 năm,"process and quality control engineer, quality controler, qa, chuyên viên quản lý chất lượng, qc, chuyên viên qa, quality assurance engineer, nhân viên quản lý chất lượng, qc staff","hóa học, cơ khí, xây dựng, tự động hóa, ô tô",10 tr - 12 tr vnd,10.0,12.0,vnd,11.0
digital marketing junior,nhân viên chính thức,nhân viên,hà nội,không yêu cầu,"online, digital marketing junior, social media","tiếp thị, marketing, bất động sản",8 tr - 12 tr vnd,8.0,12.0,vnd,10.0
nhân viên thiết kế revit 3d môi trường,nhân viên chính thức,nhân viên,bắc ninh,không yêu cầu,"chuyên viên thiết kế, nhân viên thiết kế revit d môi trường, designer","thiết kế, nghệ thuật, mỹ thuật",10 tr - 14 tr vnd,10.0,14.0,vnd,12.0
nhân viên editor,nhân viên chính thức,nhân viên,hà nội,trên 1 năm,"biên tập viên, nhân viên editor, nhân viên biên tập tin nội bộ","giải trí, truyền hình, biên tập, truyền thông, đối ngoại, quảng cáo, báo chí",8 tr - 10 tr vnd,8.0,10.0,vnd,9.0
chuyên viên dựng phim video editor,nhân viên chính thức,nhân viên,hồ chí minh,1 - 2 năm,"chuyên viên dựng phim, video editor, nhân viên biên tập tin nội bộ, biên tập viên","thực phẩm & đồ uống, bán sỉ, bán lẻ, kinh doanh, bán hàng",20 tr - 25 tr vnd,20.0,25.0,vnd,22.5
data engineer,nhân viên chính thức,nhân viên,hà nội,không yêu cầu,data engineer,"cntt - phần cứng, mạng, cntt - phần mềm",lên đến 50 tr vnd,0.0,50.0,vnd,25.0
media trainee,thực tập,"sinh viên, thực tập sinh",hồ chí minh,không yêu cầu,"social media executive, media trainee, junior media executive","giải trí, marketing, truyền thông, đối ngoại, quảng cáo, tiếp thị",4 tr - 5 tr vnd,4.0,5.0,vnd,4.5
collections initiatives expert,nhân viên chính thức,nhân viên,hồ chí minh,3 - 4 năm,Unknown,"đầu tư, tài chính, ngân hàng","lên đến 1,800 usd",0.0,45.0,usd,22.5
chuyên viên tư vấn giáo dục ocean edu xuân mai lương từ 13 triệu tháng,nhân viên chính thức,nhân viên,hà nội,lên đến 1 năm,"chuyên viên tư vấn giáo dục ocean edu xuân mai lương từ triệu, tháng","kinh doanh, giáo dục, bán hàng, dịch vụ khách hàng, đào tạo",13 tr - 15 tr vnd,13.0,15.0,vnd,14.0
civil engineer,nhân viên chính thức,nhân viên,bà rịa  vũng tàu,3 - 5 năm,"c&s engineer, kỹ sư công trình, kỹ sư xây dựng, civil engineer work at phu my ba ria vung tau, construction engineer, site engineer","nghệ thuật, thiết kế, kiến trúc, xây dựng, mỹ thuật",18 tr - 20 tr vnd,18.0,20.0,vnd,19.0
digital marketing leader,nhân viên chính thức,"trưởng nhóm , giám sát",hồ chí minh,2 - 3 năm,"giám đốc marketing, head of marketing and communication, makerting director, marketing supervisor, giám sát tiếp thị, giám đốc truyền thông & tiếp thị, giám đốc tiếp thị","hóa mỹ phẩm, tiếp thị, marketing, dược phẩm",20 tr - 40 tr vnd,20.0,40.0,vnd,30.0
backend developer supervisor,nhân viên chính thức,nhân viên,hà nội,3 - 10 năm,", manager, officier, coordinator, associates accountant, nhân viên mua hàng staff, purchasing staff, staff, specialist, executive, purchasing","giáo dục, đào tạo, cntt - phần mềm",28 tr - 40 tr vnd,28.0,40.0,vnd,34.0
product developer,nhân viên chính thức,nhân viên,hồ chí minh,1 - 5 năm,"merchandiser, product developer","dệt may, vật tư, da giày, biên phiên dịch, thu mua, thời trang",11 tr - 15 tr vnd,11.0,15.0,vnd,13.0
trưởng nhóm nhân viên triển khai bản vẽ,nhân viên chính thức,nhân viên,hà nội,1 - 3 năm,"terumo việt nam, hetc, seoul semiconductor","vật tư, cơ khí, xây dựng, thu mua, tự động hóa, ô tô",700 - 900 usd,17.5,22.5,usd,20.0
nhân viên digital marketing,nhân viên chính thức,nhân viên,hồ chí minh,1 - 5 năm,"marketer, marketing executive, chuyên viên pr marketing, chuyên viên social media, chuyên viên marketing online, nhân viên marketing online, nhân viên digital marketing, marketing operations officer, online marketing executive, nhân viên marketing, marketing specialist","marketing, truyền thông, bất động sản, đối ngoại, quảng cáo, tiếp thị",9 tr - 15 tr vnd,9.0,15.0,vnd,12.0
kỹ sư hóa chemical engineer,nhân viên chính thức,nhân viên,bình dương,không yêu cầu,"kỹ sư hóa học, kỹ sư hóa chất, kỹ sư hóa, kỹ sư hóa thực phẩm, chemical engineer","dầu khí, hóa học",9 tr - 15 tr vnd,9.0,15.0,vnd,12.0
116134 mechanical engineer water treatment,nhân viên chính thức,"trưởng nhóm , giám sát",bình dương,4 - 7 năm,"kỹ sư cơ giới, mechanical engineer assistant manager waste water treatment, kỹ sư cơ khí, kỹ sư cơ khí ô tô động lực","cơ khí, tự động hóa, ô tô, vận hành sản xuất, sản xuất",23 tr - 35 tr vnd,23.0,35.0,vnd,29.0
nhân viên quay dựng video video editor,nhân viên chính thức,nhân viên,hà nội,trên 2 năm,Unknown,"truyền hình, marketing, biên tập, nghệ thuật, thiết kế, mỹ thuật, tiếp thị, báo chí",12 tr - 17 tr vnd,12.0,17.0,vnd,14.5
hcm senior digital marketing executive,nhân viên chính thức,nhân viên,hồ chí minh,2 - 3 năm,Unknown,"tiếp thị, marketing, tiếp thị trực tuyến",20 tr - 25 tr vnd,20.0,25.0,vnd,22.5
backend developer,nhân viên chính thức,nhân viên,hà nội,3 - 10 năm,Unknown,cntt - phần mềm,18 tr - 27 tr vnd,18.0,27.0,vnd,22.5
retail sales supervisor,nhân viên chính thức,"trưởng nhóm , giám sát",hồ chí minh,trên 5 năm,"sales executive, area sales executive, retail sales supervisor","kinh doanh, bán hàng",15 tr - 20 tr vnd,15.0,20.0,vnd,17.5
digital marketing,nhân viên chính thức,nhân viên,hà nội,1 - 3 năm,"online, digital marketing, social media","kinh doanh, chăm sóc cá nhân, bán hàng, hàng gia dụng",10 tr - 15 tr vnd,10.0,15.0,vnd,12.5
chuyên viên digital marketing,nhân viên chính thức,nhân viên,hà nội,trên 3 năm,"marketer, marketing executive, chuyên viên pr marketing, chuyên viên social media, chuyên viên marketing online, nhân viên marketing online, marketing operations officer, online marketing executive, chuyên viên digital marketing, nhân viên marketing, marketing specialist","tiếp thị, marketing, tiếp thị trực tuyến",11 tr - 13 tr vnd,11.0,13.0,vnd,12.0
nhân viên digital marketing,nhân viên chính thức,nhân viên,hồ chí minh,trên 1 năm,"marketer, marketing executive, chuyên viên pr marketing, chuyên viên social media, chuyên viên marketing online, nhân viên marketing online, nhân viên digital marketing, marketing operations officer, online marketing executive, nhân viên marketing, marketing specialist","marketing, truyền thông, đối ngoại, quảng cáo, tiếp thị trực tuyến, tiếp thị",12 tr - 15 tr vnd,12.0,15.0,vnd,13.5
trưởng nhóm digital marketing,nhân viên chính thức,"trưởng nhóm , giám sát",hà nội,3 - 5 năm,"online, social media, trưởng nhóm digital marketing","tiếp thị, marketing",17 tr - 20 tr vnd,17.0,20.0,vnd,18.5
campaign executive,nhân viên chính thức,nhân viên,hồ chí minh,trên 1 năm,"campaign executive, e commerce, campaign, campaign specialist, campaign planner","marketing, tiếp thị trực tuyến, kinh doanh, tiếp thị, bán hàng",10 tr - 15 tr vnd,10.0,15.0,vnd,12.5
digital marketing,nhân viên chính thức,"trưởng nhóm , giám sát",hồ chí minh,3 - 5 năm,"online, ecommerce, marketing, digital marketing executive, digital marketing, fmcg, social media, digital marketing specialist","thương mại điện tử, tiếp thị, marketing, tiếp thị trực tuyến",trên 30 tr vnd,30.0,0.0,vnd,15.0
chuyên viên tập sự ub cn gia lai,thực tập,"sinh viên, thực tập sinh",gia lai,không yêu cầu,chuyên viên tập sự ub cn. gia lai cnlt.,"ngân hàng, đầu tư, kinh doanh, bán hàng, tài chính","2,5 tr - 15 tr vnd",2.5,15.0,vnd,8.75
middle mobile developer,nhân viên chính thức,nhân viên,hà nội,trên 3 năm,middle mobile developer flutter,cntt - phần mềm,20 tr - 28 tr vnd,20.0,28.0,vnd,24.0
senior digital planner,nhân viên chính thức,nhân viên,hồ chí minh,trên 2 năm,Unknown,"giải trí, đối ngoại, truyền thông, quảng cáo",lên đến 23 tr vnd,0.0,23.0,vnd,11.5
sales audit ＆ traning manager,nhân viên chính thức,quản lý,hồ chí minh,5 - 7 năm,"manager, sales audit ＆ traning manager gt, general traditional sales manager, coordinator, associates accountant, purchasing staff, gt channel sales manager, staff, supervisor, executive, specialist","bán sỉ, bán hàng, bán lẻ, kinh doanh",30 tr - 40 tr vnd,30.0,40.0,vnd,35.0
nhân viên digital marketing,nhân viên chính thức,nhân viên,hà nội,1 - 5 năm,"marketer, marketing executive, chuyên viên pr marketing, online marketing executive, nhân viên marketing, marketing specialist","marketing, y tế, thẩm mỹ, làm đẹp, thương mại điện tử, tiếp thị, chăm sóc sức khỏe",8 tr - 18 tr vnd,8.0,18.0,vnd,13.0
sales engineer,nhân viên chính thức,nhân viên,hồ chí minh,lên đến 1 năm,"service engineer, kỹ sư bán hàng","hóa học, dinh dưỡng, công nghệ thực phẩm, kinh doanh, bán hàng",8 tr - 10 tr vnd,8.0,10.0,vnd,9.0
retail channel manager quản lý chuỗi bán lẻ,nhân viên chính thức,"trưởng nhóm , giám sát",bình dương,3 - 5 năm,"manager, retail channel manager, officier, quản lý chuỗi bán lẻ, coordinator, associates accountant, nhân viên mua hàng staff, purchasing staff, staff, supervisor, executive, purchasing, specialist","marketing, bán sỉ, bán lẻ, kinh doanh, tiếp thị, bán hàng","1,000 - 1,300 usd",25.0,32.5,usd,28.75
thực tập sinh net developer,thực tập,"sinh viên, thực tập sinh",hồ chí minh,không yêu cầu,Unknown,cntt - phần mềm,1 tr - 3 tr vnd,1.0,3.0,vnd,2.0
ai leader,nhân viên chính thức,"trưởng nhóm , giám sát",hồ chí minh,3 - 5 năm,Unknown,cntt - phần mềm,30 tr - 30 tr vnd,30.0,30.0,vnd,30.0
chuyên viên lập trình software developer,nhân viên chính thức,nhân viên,hà nội,1 - 3 năm,".net, web developer, angular, lập trình viên, lập trình, software developer (.net, angular), chuyên viên lập trình software developer .net, web programmer","cntt - phần cứng, mạng, cntt - phần mềm",15 tr - 25 tr vnd,15.0,25.0,vnd,20.0
digital marketing specialist,nhân viên chính thức,nhân viên,hồ chí minh,3 - 5 năm,"marketer, marketing executive, chuyên viên pr marketing, chuyên viên social media, chuyên viên marketing online, nhân viên marketing online, marketing operations officer, online marketing executive, digital marketing specialist, nhân viên marketing, marketing specialist","marketing, truyền thông, đối ngoại, quảng cáo, tiếp thị, giáo dục, đào tạo",trên 25 tr vnd,25.0,0.0,vnd,12.5
customer support laboratory service for clinic hospital nhân viên hỗ trợ khách hàng dịch vụ xét nghiệm cho phòng khám bệnh viện,nhân viên chính thức,nhân viên,hồ chí minh,1 - 5 năm,"customer service representative, nhân viên hỗ trợ khách hàng dịch vụ xét nghiệm cho phòng khám bệnh viện, customer support laboratory service for clinic & hospital, customer care staff, customer service executive, nhân viên chăm sóc khách hàng, customer service staff, customer services, nhân viên dịch vụ khách hàng","thư ký, y tế, thẩm mỹ, hành chính, làm đẹp, kinh doanh, bán hàng, chăm sóc sức khỏe",12 tr - 18 tr vnd,12.0,18.0,vnd,15.0
trưởng bộ phận ai bigdata,nhân viên chính thức,"trưởng nhóm , giám sát",hà nội,trên 3 năm,Unknown,cntt - phần mềm,35 tr - 45 tr vnd,35.0,45.0,vnd,40.0
digital marketing,nhân viên chính thức,nhân viên,hồ chí minh,trên 3 năm,"ui designer, chuyên viên thiết kế web, web designer, graphic designer, nhân viên thiết kế web, ux designer, digital marketing biết thiết kế web","marketing, truyền thông, nghệ thuật, thiết kế, đối ngoại, quảng cáo, mỹ thuật, tiếp thị",15 tr - 17 tr vnd,15.0,17.0,vnd,16.0
it business analyst,nhân viên chính thức,nhân viên,hồ chí minh,2 - 3 năm,"hệ thống thông tin quản lý, it business support analyst, phân tích hệ thống kinh doanh, web product mananger, chuyên viên phân tích hệ thống, it product mananger",cntt - phần mềm,10 tr - 19 tr vnd,10.0,19.0,vnd,14.5
nhân viên triển khai sản xuất làm việc tại kcn hải sơn long an,nhân viên chính thức,nhân viên,hồ chí minh,không yêu cầu,"kế toán, quản lý công nghiệp, triển khai sản phẩm, cơ khí, kỹ thuật hệ thống công nghiệp, triển khai sản xuất, giá thành kế hoạch","mới tốt nghiệp, kế toán, thực tập, kiểm toán, vận hành sản xuất, sản xuất",10 tr - 15 tr vnd,10.0,15.0,vnd,12.5
data analyst,nhân viên chính thức,nhân viên,hồ chí minh,trên 1 năm,Unknown,ngành khác,14 tr - 17 tr vnd,14.0,17.0,vnd,15.5
hr admin trainee,thực tập,"sinh viên, thực tập sinh",hồ chí minh,không yêu cầu,"human resource, recruitment, hr admin staff, admin trainee","quản lý điều hành, thư ký, hành chính, nhân sự",4 tr - 5 tr vnd,4.0,5.0,vnd,4.5
training specialist,nhân viên chính thức,nhân viên,hồ chí minh,1 - 3 năm,Unknown,"nhân sự, giáo dục, dịch vụ khách hàng, đào tạo",14 tr - 16 tr vnd,14.0,16.0,vnd,15.0
nvkd khách đoàn du lịch nước ngoài chi nhánh saigontourist nha trang,nhân viên chính thức,nhân viên,khánh hòa,chưa có kinh nghiệm,Unknown,"tư vấn, bán hàng, du lịch, kinh doanh",trên 5 tr vnd,5.0,0.0,vnd,2.5
senior recruitment consultant,nhân viên chính thức,nhân viên,hà nội,3 - 7 năm,"sourcing, recruitment agency background, hiring project, technical recruitment, hiring plan, stakeholder management, talent acquistion, corporate talent acquisition specialist, interview",nhân sự,15 tr - 25 tr vnd,15.0,25.0,vnd,20.0
video editor,"nhân viên chính thức, bán thời gian",nhân viên,hà nội,2 - 3 năm,"nhân viên media, video editor, biên tập viên, nhân viên quay dựng video, nhân viên biên tập tin nội bộ","truyền hình, marketing, biên tập, tiếp thị, báo chí",12 tr - 18 tr vnd,12.0,18.0,vnd,15.0
nhân viên digital maketing,nhân viên chính thức,nhân viên,hà nội,1 - 2 năm,"digital marketer, digital marketing officer, nhân viên digital marketing, digital marketing staff, chuyên viên digital marketing","marketing, truyền thông, y tế, đối ngoại, thẩm mỹ, quảng cáo, làm đẹp, tiếp thị, chăm sóc sức khỏe",15 tr - 30 tr vnd,15.0,30.0,vnd,22.5
chuyên viên khách hàng doanh nghiệp cn thanh oai,nhân viên chính thức,nhân viên,hà nội,không yêu cầu,chuyên viên khách hàng doanh nghiệp cn. thanh oai cnlt.,"bán sỉ, bảo hiểm, bán lẻ, ngân hàng",5 tr - 15 tr vnd,5.0,15.0,vnd,10.0
nhân viên data kho phú diễn bắc từ liêm,nhân viên chính thức,nhân viên,hà nội,trên 1 năm,"data, nhân viên data kho phú diễn bắc từ liêm, kho vận","thư ký, kế toán, hành chính, kiểm toán, vận hành sản xuất, sản xuất",7 tr - 9 tr vnd,7.0,9.0,vnd,8.0
dms cum data analyst executive,nhân viên chính thức,nhân viên,hồ chí minh,trên 2 năm,"dms, distributor management system, dms cum data analyst, dms executive","kế toán, cntt - phần cứng, kiểm toán, mạng",15 tr - 18 tr vnd,15.0,18.0,vnd,16.5
supplier quality engineer,nhân viên chính thức,nhân viên,đồng nai,5 - 7 năm,Unknown,"vận hành sản xuất, sản xuất, qc), quản lý chất lượng (qa",25 tr - 40 tr vnd,25.0,40.0,vnd,32.5
production engineer,nhân viên chính thức,nhân viên,bắc ninh,1 - 8 năm,kỹ sư sản xuất bo mạch điện tử dạng dẻo fpc,"điện, cơ khí, điện tử, điện lạnh, tự động hóa, điện công nghiệp, ô tô, vận hành sản xuất, sản xuất",10 tr - 25 tr vnd,10.0,25.0,vnd,17.5
quản lý clinic long thành đồng nai,nhân viên chính thức,quản lý,đồng nai,2 - 5 năm,Unknown,"y tế, thẩm mỹ, làm đẹp, dịch vụ khách hàng, chăm sóc sức khỏe",30 tr - 60 tr vnd,30.0,60.0,vnd,45.0
giáo viên tiếng anh dạy tại các trường đại học khu vực hai bà trưng hà nội,nhân viên chính thức,nhân viên,hà nội,lên đến 1 năm,"english teacher, giáo viên tiếng anh dạy tại các trường đại học khu vực hai bà trưng hà nội, teacher of english, english teaching, giáo viên anh ngữ, giáo viên anh văn","giáo dục, đào tạo",15 tr - 20 tr vnd,15.0,20.0,vnd,17.5
nhân viên khai thác trong nước,nhân viên chính thức,nhân viên,hồ chí minh,không yêu cầu,Unknown,bưu chính viễn thông,8 tr - 10 tr vnd,8.0,10.0,vnd,9.0
116576 engineering manager quản lý kỹ thuật manufacturing,nhân viên chính thức,quản lý,hồ chí minh,5 - 7 năm,"manager, officier, coordinator, associates accountant, nhân viên mua hàng staff, quản lý kỹ thuật manufacturing, engineering manager, purchasing staff, staff, supervisor, executive, purchasing, specialist","cơ khí, tự động hóa, ô tô, vận hành sản xuất, sản xuất",23 tr - 33 tr vnd,23.0,33.0,vnd,28.0
giám sát vệ sinh công nghiệp dầu giây đồng nai,nhân viên chính thức,"trưởng nhóm , giám sát",đồng nai,2 - 3 năm,"an toan moi truong, nhân viên môi trường, hse executive, chuyên viên môi trường, quản lý môi trường, giám sát vệ sinh công nghiệp dầu giây đồng nai, ky thuat moi truong, environmental officer, kỹ sư môi trường","thư ký, nhân sự, hành chính, dịch vụ khách hàng",8 tr - 10 tr vnd,8.0,10.0,vnd,9.0
chuyên viên cao cấp qhkh cá nhân cn gia lai,nhân viên chính thức,nhân viên,gia lai,1 - 2 năm,"nhân viên kinh doanh bảo hiểm, nhân viên ngân hàng, nhân viên bán hàng trực tiếp, cho vay thế chấp, chuyên viên quan hệ khách hàng, chuyên viên cho thuê tài chính, nhân viên kinh doanh bất động sản, nhân viên tín dụng, nhân viên kinh doanh chăm sóc khách hàng, chuyên viên quản lý quan hệ khách hàng cá nhân","ngân hàng, đầu tư, kinh doanh, bán hàng, tài chính",10 tr - 20 tr vnd,10.0,20.0,vnd,15.0
giao dịch viên tài chính tại pnj nhơn trạch đồng nai,nhân viên chính thức,nhân viên,đồng nai,lên đến 1 năm,"giao dịch, tư vấn, nhân viên chăm sóc khách hàng, pnj, tài chính","kinh doanh, bán hàng, tư vấn, dịch vụ khách hàng",9 tr - 20 tr vnd,9.0,20.0,vnd,14.5
sales engineer,nhân viên chính thức,nhân viên,hà nội,trên 2 năm,"kỹ sư kinh doanh, service engineer, sales engineer, kỹ sư bán hàng","cơ khí, tự động hóa, kinh doanh, ô tô, bán hàng, vận hành sản xuất, sản xuất",15 tr - 20 tr vnd,15.0,20.0,vnd,17.5
nhân viên editor,nhân viên chính thức,nhân viên,hà nội,1 - 3 năm,Unknown,"truyền hình, marketing, biên tập, nghệ thuật, thiết kế, mỹ thuật, tiếp thị, báo chí",15 tr - 20 tr vnd,15.0,20.0,vnd,17.5
chuyên viên tuyển sinh ocean edu xuân mai thu nhập hấp dẫn từ 13 triệu tháng phỏng vấn đi làm ngay,nhân viên chính thức,nhân viên,hà nội,không yêu cầu,"tháng phỏng vấn đi làm ngay, chuyên viên tuyển sinh ocean edu xuân mai thu nhập hấp dẫn từ triệu","kinh doanh, bán hàng, tư vấn, dịch vụ khách hàng",13 tr - 15 tr vnd,13.0,15.0,vnd,14.0
trợ lý kinh doanh kênh bán lẻ retail sales admin,nhân viên chính thức,nhân viên,hồ chí minh,1 - 2 năm,"trợ lý kinh doanh kênh bán lẻ retail sales admin, sales assistant, trợ lý phòng kinh doanh và giao nhận, trợ lý điều hành kinh doanh","bán sỉ, thương mại điện tử, bán lẻ, kinh doanh, bán hàng","8,5 tr - 10 tr vnd",8.5,10.0,vnd,9.25
process engineer supervisor,nhân viên chính thức,"trưởng nhóm , giám sát",bắc ninh,2 - 3 năm,Unknown,"in ấn, vận hành sản xuất, sản xuất, xuất bản",trên 15 tr vnd,15.0,0.0,vnd,7.5
te engineer,nhân viên chính thức,nhân viên,bình dương,1 - 2 năm,"nhân viên kiểm thử phần mềm, chuyên viên kiểm định phần mềm, software tester, qa, electrical engineer, qc, tester, manual tester, automation tester","điện, điện tử, điện lạnh, điện công nghiệp, vận hành sản xuất, sản xuất",8 tr - 12 tr vnd,8.0,12.0,vnd,10.0
recruitment consultant team leader,nhân viên chính thức,"trưởng nhóm , giám sát",hồ chí minh,5 - 15 năm,"recruitment executive, chuyên viên tư vấn tuyển dụng, chuyên viên tuyển dụng, trưởng nhóm tuyển dụng, recruitment consultant team leader mass recruitment",nhân sự,15 tr - 25 tr vnd,15.0,25.0,vnd,20.0
digital marketing executive,nhân viên chính thức,nhân viên,hà nội,2 - 5 năm,"marketer, marketing executive, chuyên viên pr marketing, chuyên viên social media, chuyên viên marketing online, nhân viên marketing online, marketing operations officer, online marketing executive, nhân viên marketing, marketing specialist","tiếp thị, marketing",20 tr - 40 tr vnd,20.0,40.0,vnd,30.0
developer ba,nhân viên chính thức,nhân viên,hà nội,3 - 4 năm,Unknown,"cntt - phần cứng, thống kê, mạng, cntt - phần mềm",20 tr - 30 tr vnd,20.0,30.0,vnd,25.0
marketing data analyst,nhân viên chính thức,nhân viên,bình dương,1 - 2 năm,"marketing & data analyst, nhân viên xử lý dữ liệu, data processing specialist, data analyst, data processing officer, data analysis specialist, cộng tác viên xử lý dữ liệu","thực phẩm & đồ uống, đầu tư, kinh doanh, bán hàng, tài chính",10 tr - 15 tr vnd,10.0,15.0,vnd,12.5
116114 mechanical design engineer water treatment,nhân viên chính thức,nhân viên,hồ chí minh,3 - 7 năm,"nhân viên phòng khai thác phát triển mẫu, nhân viên cad 3d, họa viên, mechanical design engineer water treatment, web designer, formwork specialist, designer, trợ lý chế tạo khuôn mẫu, exterior, nhân viên thiết kế khuôn mẫu ngành nhựa, nhân viên thiết kế","cơ khí, tự động hóa, ô tô, vận hành sản xuất, sản xuất",25 tr - 27 tr vnd,25.0,27.0,vnd,26.0
technical engineer – chuyên viên kỹ thuật,nhân viên chính thức,nhân viên,hà nội,không yêu cầu,"technical assurance engineer, technical engineer – chuyên viên kỹ thuật, technical support engineer","điện, sửa chữa, bảo trì, điện tử, điện lạnh, điện công nghiệp","600 - 1,000 usd",15.0,25.0,usd,20.0
nhân viên video editor,nhân viên chính thức,nhân viên,hà nội,trên 1 năm,"nhân viên video editor, nhân viên biên tập tin nội bộ, biên tập viên","nghệ thuật, dược phẩm, thiết kế, hóa mỹ phẩm, mỹ thuật",trên 13 tr vnd,13.0,0.0,vnd,6.5
chuyên viên giám sát vận hành gia lai,nhân viên chính thức,nhân viên,gia lai,3 - 10 năm,"commissioning supervisor, chuyên viên giám sát vận hành gia lai, giám sát thử máy, giám sát thử biển","giao nhận, vận chuyển, kho vận",15 tr - 23 tr vnd,15.0,23.0,vnd,19.0
hardware design engineer,nhân viên chính thức,nhân viên,hà nội,trên 1 năm,hardware design engineer pin bess,"điện, mạng, điện tử, điện lạnh, điện công nghiệp, cntt - phần cứng",15 tr - 30 tr vnd,15.0,30.0,vnd,22.5
nhân viên triển khai bản vẽ kỹ thuật nội thất làm việc tại văn phòng hà nội – phú quốc vĩnh phúc gấp,nhân viên chính thức,nhân viên,lâm đồng,2 - 15 năm,"accountant and administrative staff, nhân viên triển khai bản vẽ kỹ thuật nội thất làm việc tại văn phòng hà nội đà lạt vĩnh phúc gấp, chuyên viên kế toán chuyên quản, credit accountant, accounting executive, accountant cum office admin, nhân viên kế toán vật tư, nhân viên kế toán nhà máy, nhân viên phòng kế toán, kế toán kho vận, cán bộ tài chính kế toán","nghệ thuật, thiết kế, đồ gỗ, nội ngoại thất, mỹ thuật",12 tr - 20 tr vnd,12.0,20.0,vnd,16.0
116175 quality control manager ‐ metal processing,nhân viên chính thức,quản lý,long an,5 - 7 năm,"trưởng phòng quản lý chất lượng, trưởng bộ phận kcs, qc nhà máy, qa, qc director, qc, qc manager, quality control manager ‐ metal processing, giám đốc qa, quality management director, quality management manager, trưởng phòng qa, qc division head, trưởng bộ phận quản lý chất lượng","vận hành sản xuất, sản xuất",20 tr - 30 tr vnd,20.0,30.0,vnd,25.0
quản lý bếp ăn công nghiệp tại an phước long thành đồng nai,nhân viên chính thức,quản lý,đồng nai,2 - 5 năm,"chef, đầu bếp, bếp trưởng, quản lý bếp ăn công nghiệp tại an phước long thành đồng nai","thực phẩm & đồ uống, dinh dưỡng, nhà hàng, công nghệ thực phẩm, khách sạn",12 tr - 18 tr vnd,12.0,18.0,vnd,15.0
manufacturing engineer,nhân viên chính thức,quản lý,bắc ninh,1 - 5 năm,"mechanical, production engineer, nhân viên sản xuất, kỹ sư sản xuất, manufacturing engineer electrical","điện, cơ khí, điện tử, điện lạnh, tự động hóa, điện công nghiệp, ô tô, vận hành sản xuất, sản xuất",10 tr - 25 tr vnd,10.0,25.0,vnd,17.5
sale engineer long an vũng tàu,nhân viên chính thức,nhân viên,long an,lên đến 2 năm,"tư vấn kinh doanh, đại diện bán hàng, đại diện kinh doanh, tư vấn bán hàng, sales representative, nvkd, nhân viên kinh doanh, sale engineer nhân viên bán hàng kỹ thuật long an vũng tàu, salesman, bán hàng","cơ khí, bán sỉ, bán lẻ, tự động hóa, kinh doanh, ô tô, bán hàng",11 tr - 20 tr vnd,11.0,20.0,vnd,15.5
color matching engineer id25747,nhân viên chính thức,nhân viên,hồ chí minh,trên 2 năm,Unknown,"dược phẩm, hóa học, điện, điện tử, hóa mỹ phẩm, điện lạnh, điện công nghiệp",10 tr - 15 tr vnd,10.0,15.0,vnd,12.5
sales engineer nhân viên bán hàng lương từ 20tr đến 40tr,nhân viên chính thức,nhân viên,hà nội,2 - 5 năm,"tư vấn kinh doanh, kỹ sư kinh doanh, đại diện bán hàng, nhân viên bán hàng, sales representative, nvkd, nhân viên kinh doanh, salesman, bán hàng, sales engineer","bán sỉ, bán lẻ, kinh doanh, bán hàng, vận hành sản xuất, sản xuất",20 tr - 40 tr vnd,20.0,40.0,vnd,30.0
digital marketing,nhân viên chính thức,nhân viên,hà nội,trên 2 năm,"online, digital marketing, social media","tiếp thị, marketing, xây dựng, kiến trúc",trên 10 tr vnd,10.0,0.0,vnd,5.0
technical service engineer medical biomedical devices,nhân viên chính thức,nhân viên,hà nội,trên 4 năm,"biomedical devices usd, technical assistant, technical service engineer medical","y tế, dược phẩm, thẩm mỹ, hóa mỹ phẩm, làm đẹp, dịch vụ khách hàng, chăm sóc sức khỏe",20 tr - 30 tr vnd,20.0,30.0,vnd,25.0
junior odoo developer,nhân viên chính thức,nhân viên,hà nội,lên đến 1 năm,"junior odoo developer python, lập trình, odoo, erp",cntt - phần mềm,10 tr - 15 tr vnd,10.0,15.0,vnd,12.5
sbf chuyên viên digital marketing,nhân viên chính thức,nhân viên,hồ chí minh,2 - 3 năm,"marketer, marketing executive, chuyên viên pr marketing, chuyên viên social media, chuyên viên marketing online, nhân viên marketing online, marketing operations officer, online marketing executive, nhân viên marketing, marketing specialist","tiếp thị, marketing",13 tr - 17 tr vnd,13.0,17.0,vnd,15.0
tổng đài xử lý khiếu nại hãng hàng không vietjet air không yêu cầu kinh nghiệm thu nhập 9m 10m,nhân viên chính thức,nhân viên,hồ chí minh,không yêu cầu, tổng đài xử lý khiếu nại hãng hàng không vietjet air không yêu cầu kinh nghiệm thu nhập m m,"hàng không, dịch vụ khách hàng",9 tr - 10 tr vnd,9.0,10.0,vnd,9.5
sales engineer,nhân viên chính thức,nhân viên,hồ chí minh,1 - 2 năm,"nhân viên kỹ thuật sales, nhân viên kỹ thuật điện tử, kỹ sư bán hàng, technician, nhân viên bảo trì cơ điện","điện, cơ khí, kinh doanh, điện tử, điện lạnh, tự động hóa, điện công nghiệp, ô tô, bán hàng",9 tr - 20 tr vnd,9.0,20.0,vnd,14.5
117738 japanese speaking sales engineer construction,nhân viên chính thức,nhân viên,hà nội,2 - 3 năm,"service engineer, sales engineer, kỹ sư kinh doanh, kỹ sư bán hàng","xây dựng, bán hàng kỹ thuật",25 tr - 45 tr vnd,25.0,45.0,vnd,35.0
ai nlp engineer,nhân viên chính thức,nhân viên,hà nội,không yêu cầu,"nlp engineer, ai","cntt - phần cứng, mạng, cntt - phần mềm",lên đến 40 tr vnd,0.0,40.0,vnd,20.0
digital marketing leader,nhân viên chính thức,"trưởng nhóm , giám sát",hà nội,trên 3 năm,"giám đốc marketing, trưởng phòng marketing, makerting manager, head of marketing and communication, trưởng nhóm marketing, makerting director, marketing supervisor, digital marketing leader ưu tiên kinh nghiệm mobile app, giám sát tiếp thị, giám đốc truyền thông & tiếp thị, giám đốc tiếp thị","tiếp thị, marketing",20 tr - 30 tr vnd,20.0,30.0,vnd,25.0
digital marketing,nhân viên chính thức,nhân viên,hà nội,2 - 5 năm,"online, digital marketing, social media","vận hành sản xuất, sản xuất",13 tr - 15 tr vnd,13.0,15.0,vnd,14.0
nhân viên digital marketing,nhân viên chính thức,nhân viên,hà nội,2 - 3 năm,"marketer, marketing executive, chuyên viên pr marketing, chuyên viên social media, chuyên viên marketing online, nhân viên marketing online, nhân viên digital marketing, marketing operations officer, online marketing executive, nhân viên marketing, marketing specialist","marketing, truyền thông, nghệ thuật, đối ngoại, thiết kế, quảng cáo, mỹ thuật, tiếp thị",18 tr - 18 tr vnd,18.0,18.0,vnd,18.0
product developer,nhân viên chính thức,nhân viên,hồ chí minh,lên đến 5 năm,"merchandiser (chinese brand), product developer","dệt may, vật tư, da giày, biên phiên dịch, thu mua, thời trang",14 tr - 20 tr vnd,14.0,20.0,vnd,17.0
senior retail marketing team leader,nhân viên chính thức,quản lý,hồ chí minh,2 - 3 năm,"giám đốc marketing, head of marketing, marketing director, trưởng phòng marketing, makerting manager, makerting director, marketing supervisor, giám sát tiếp thị, retail marketing manager, giám đốc truyền thông & tiếp thị, giám đốc tiếp thị","tiếp thị, marketing, thực phẩm & đồ uống",20 tr - 25 tr vnd,20.0,25.0,vnd,22.5
chăm sóc khách hàng sàn thương mai điện tử thu nhập từ 22 23 triệu giờ hành chính nghỉ t7 cn,nhân viên chính thức,nhân viên,hồ chí minh,chưa có kinh nghiệm,"customer services, khách hàng, chăm sóc khách hàng sàn thương mai điện tử tiếng nhật n thu nhập từ triệu giờ hành chính nghỉ t cn, cskh","kinh doanh, bán hàng","22 tr - 23,2 tr vnd",22.0,23.2,vnd,22.6
cad engineer,nhân viên chính thức,nhân viên,đồng nai,không yêu cầu,Unknown,"điện, hóa học, cơ khí, điện tử, điện lạnh, tự động hóa, điện công nghiệp, ô tô",11 tr - 20 tr vnd,11.0,20.0,vnd,15.5
nhân viên it helpdesk,nhân viên chính thức,nhân viên,hồ chí minh,2 - 3 năm,"& it, phụ trách kỹ thuật, it staff, it support staff, service engineer, nhân viên hỗ trợ kỹ thuật, it support assistant, technical assistant, it helpdesk, it officer","cntt - phần cứng, mạng, cntt - phần mềm",12 tr - 15 tr vnd,12.0,15.0,vnd,13.5
senior fullstack dev,thực tập,nhân viên,hồ chí minh,3 - 7 năm,".net, developer, senior fullstack dev .net frontend and english, lập trình, back end, fullstack dev, javascript, fullstack .net dev, java, senior software engineer",cntt - phần mềm,20 tr - 35 tr vnd,20.0,35.0,vnd,27.5
senior system engineer,nhân viên chính thức,nhân viên,hà nội,5 - 10 năm,"nhân viên it, senior system engineer, it engineer, it executive, chuyên viên it, it assistant, kỹ sư hệ thống, it specialist","điện, mạng, điện tử, điện lạnh, điện công nghiệp, cntt - phần cứng, cntt - phần mềm",20 tr - 50 tr vnd,20.0,50.0,vnd,35.0
recruitment consultant,nhân viên chính thức,nhân viên,hồ chí minh,1 - 15 năm,"chuyên viên tư vấn tuyển dụng, recruitment consultant, headhunter",nhân sự,10 tr - 20 tr vnd,10.0,20.0,vnd,15.0
chuyên viên tập sự ub phòng giao dịch tân hòa cn đồng nai,thực tập,"sinh viên, thực tập sinh",đồng nai,không yêu cầu,chuyên viên tập sự ub phòng giao dịch tân hòa cn. đồng nai cnlt.,"ngân hàng, đầu tư, kinh doanh, bán hàng, tài chính","2,5 tr - 15 tr vnd",2.5,15.0,vnd,8.75
nhân viên digital marketing,nhân viên chính thức,nhân viên,hà nội,1 - 2 năm,"marketer, marketing executive, chuyên viên pr marketing, nhân viên digital marketing tiktok ads, chuyên viên social media, chuyên viên marketing online, nhân viên marketing online, marketing operations officer, online marketing executive, nhân viên marketing, marketing specialist","marketing, truyền thông, đối ngoại, quảng cáo, tiếp thị trực tuyến, tiếp thị",20 tr - 25 tr vnd,20.0,25.0,vnd,22.5
đồng nai nhân viên tư vấn trả góp tổng thu nhập 8 triệu trở lên,nhân viên chính thức,nhân viên,đồng nai,không yêu cầu,"consultant executive, chuyên viên tư vấn, tư vấn viên, đồng nai nhân viên tư vấn trả góp tổng thu nhập triệu trở lên, consultant, counsellor","kinh doanh, bán hàng, tư vấn, dịch vụ khách hàng",8 tr - 15 tr vnd,8.0,15.0,vnd,11.5
118174 japanese speaking site engineer construction,nhân viên chính thức,nhân viên,đà nẵng,không yêu cầu," japanese speaking site engineer construction, c&s engineer, kỹ sư công trình, kỹ sư xây dựng, civil engineer, construction engineer",xây dựng,15 tr - 30 tr vnd,15.0,30.0,vnd,22.5
106181 sales engineer water treatment nhân viên kinh doanh ngành xử lý nước thải,nhân viên chính thức,nhân viên,hà nội,không yêu cầu," sales engineer water treatment nhân viên kinh doanh ngành xử lý nước thải, nhân viên phòng kinh doanh, sales executive, chuyên viên kinh doanh, đại diện bán hàng, đại diện kinh doanh, sales engineer, sales dept, telesales, salesman, nhân viên bán hàng","kinh doanh, bán hàng",13 tr - 30 tr vnd,13.0,30.0,vnd,21.5
chuyên viên ứng dụng ai,nhân viên chính thức,"trưởng nhóm , giám sát",hà nội,1 - 2 năm,Unknown,"cntt - phần cứng, mạng, cntt - phần mềm",12 tr - 18 tr vnd,12.0,18.0,vnd,15.0
hr training staff,nhân viên chính thức,nhân viên,bình dương,2 - 3 năm,"hr training staff, nhân sự, recruitment, human resource","nhân sự, giáo dục, vận hành sản xuất, sản xuất, đào tạo",13 tr - 16 tr vnd,13.0,16.0,vnd,14.5
115269 esg auditor testing service,nhân viên chính thức,nhân viên,hồ chí minh,2 - 8 năm," esg environmental social and governance auditor testing service, kỹ sư bán hàng",tư vấn,25 tr - 30 tr vnd,25.0,30.0,vnd,27.5
nhân viên digital marketing,nhân viên chính thức,nhân viên,hà nội,2 - 5 năm,"marketer, chuyên viên social media, online marketing executive, marketing operations officer, marketing specialist","tiếp thị, marketing, cntt - phần mềm",9 tr - 15 tr vnd,9.0,15.0,vnd,12.0
nhân viên khai báo hải quan,nhân viên chính thức,nhân viên,hồ chí minh,lên đến 1 năm,Unknown,"kinh doanh, hàng hải, bán hàng, xuất nhập khẩu",8 tr - 10 tr vnd,8.0,10.0,vnd,9.0
training manager,nhân viên chính thức,quản lý,hà nội,trên 5 năm,Unknown,"dệt may, marketing, da giày, tiếp thị, giáo dục, đào tạo, thời trang",40 tr - 45 tr vnd,40.0,45.0,vnd,42.5
quản lý khai thác phát triển giày mẫu,nhân viên chính thức,"trưởng nhóm , giám sát",tiền giang,3 - 20 năm,"developer, quản lý khai thác phát triển giày mẫu developer, lập trình, footwear developer, shoes, việc làm giày da","dệt may, ngành khác, da giày, thời trang",15 tr - 25 tr vnd,15.0,25.0,vnd,20.0
chuyên viên editor media thu nhập lên lến 15tr,nhân viên chính thức,nhân viên,hồ chí minh,1 - 3 năm,Unknown,"thẩm mỹ, y tế, chăm sóc sức khỏe, làm đẹp",10 tr - 15 tr vnd,10.0,15.0,vnd,12.5
vietjet air tổng đài viên chăm sóc khách hàng,nhân viên chính thức,nhân viên,hồ chí minh,không yêu cầu, vietjet air tổng đài viên chăm sóc khách hàng nhận việc sau tết,dịch vụ khách hàng,6 tr - 9 tr vnd,6.0,9.0,vnd,7.5
lab engineer for the study program of architecture,nhân viên chính thức,nhân viên,bình dương,2 - 3 năm,"ural drafter, 30 s, lab engineer for the study program of architecture architecturer, kiến trúc sư, nhân viên thiết kế kiến trúc, ural engineer, technicians, structural drafter, ural designer","kiến trúc, giáo dục, xây dựng, đào tạo",20 tr - 26 tr vnd,20.0,26.0,vnd,23.0
nhân viên khai thác,nhân viên chính thức,nhân viên,hải phòng,0 - 0 năm,Unknown,"giao nhận, vận chuyển, dịch vụ khách hàng, kho vận",8 tr - 10 tr vnd,8.0,10.0,vnd,9.0
sale engineer hồ chí minh đồng nai bình dương,nhân viên chính thức,nhân viên,hồ chí minh,lên đến 2 năm,"tư vấn kinh doanh, đại diện bán hàng, đại diện kinh doanh, sale engineer nhân viên bán hàng kỹ thuật hồ chí minh đồng nai bình dương, tư vấn bán hàng, sales representative, nvkd, nhân viên kinh doanh, salesman, bán hàng","cơ khí, bán sỉ, bán lẻ, tự động hóa, kinh doanh, ô tô, bán hàng",11 tr - 20 tr vnd,11.0,20.0,vnd,15.5
giao dịch viên tài chính tại pnj gia lai,nhân viên chính thức,nhân viên,gia lai,lên đến 1 năm,Unknown,"kinh doanh, bán hàng, tư vấn, dịch vụ khách hàng",9 tr - 20 tr vnd,9.0,20.0,vnd,14.5
điều phối xe container,nhân viên chính thức,nhân viên,hải phòng,2 - 3 năm,Unknown,"sửa chữa, cơ khí, bảo trì, tự động hóa, ô tô",10 tr - 14 tr vnd,10.0,14.0,vnd,12.0
nv khai báo hải quan,nhân viên chính thức,nhân viên,hồ chí minh,lên đến 1 năm,Unknown,"xuất nhập khẩu, kinh doanh, luật, bán hàng, pháp lý",8 tr - 10 tr vnd,8.0,10.0,vnd,9.0
training representative,nhân viên chính thức,nhân viên,hồ chí minh,trên 2 năm,"training specialist, training assistant, assistant training manager, training and recruitment executive, training representative, training and recruitment officer, training and recruitment specialist","y tế, dược phẩm, thẩm mỹ, hóa mỹ phẩm, làm đẹp, giáo dục, chăm sóc sức khỏe, đào tạo",20 tr - 30 tr vnd,20.0,30.0,vnd,25.0
nhân viên sales engineer tiếng nhật lương từ 20tr đến 40tr,nhân viên chính thức,nhân viên,hồ chí minh,2 - 5 năm,"account assistant, nhân viên kỹ thuật, nhân viên kinh doanh bán hàng kỹ thuật, account manager, nhân viên bán hàng, sales kỹ thuật, nhân viên kinh doanh, nhân viên điều phối khách hàng, sales engineer, sales manager","bán sỉ, bán lẻ, kinh doanh, bán hàng, vận hành sản xuất, sản xuất",20 tr - 40 tr vnd,20.0,40.0,vnd,30.0
training specialist,nhân viên chính thức,nhân viên,hà nội,2 - 5 năm,"training specialist, teacher, chuyên viên đào tạo, coach, nhân viên phòng đào tạo, giáo viên, huấn luyện viên, chuyên viên huấn luyện","giáo dục, đào tạo",20 tr - 25 tr vnd,20.0,25.0,vnd,22.5
video editor intern,thực tập,nhân viên,hồ chí minh,không yêu cầu,"video editor intern, nhân viên biên tập tin nội bộ, biên tập viên","đối ngoại, truyền thông, quảng cáo","lên đến 3,6 tr vnd",0.0,3.6,vnd,1.8
nominated quality controller garment manufacturing,nhân viên chính thức,nhân viên,hồ chí minh,lên đến 3 năm,"chinese, garment, tiếng trung, nhân viên quản lý chất lượng, hsk, quality assurance, nominated quality controller garment manufacturing chinese speaking","dệt may, da giày, thời trang, qc), vận hành sản xuất, sản xuất, quản lý chất lượng (qa","1,200 - 1,400 usd",30.0,35.0,usd,32.5
nhân viên kinh doanh thị trường khu vực đồng nai bình dương vũng tàu,nhân viên chính thức,nhân viên,đồng nai,trên 1 năm,"sales executive, nhân viên phòng kinh doanh, chuyên viên kinh doanh, đại diện kinh doanh, đại diện bán hàng, vũng tàu, sales engineer, nhân viên kinh doanh thị trường khu vực: đồng nai, salesman, bình dương, nhân viên bán hàng","dược phẩm, hóa mỹ phẩm, chăm sóc cá nhân, kinh doanh, bán hàng, hàng gia dụng",12 tr - 20 tr vnd,12.0,20.0,vnd,16.0
118245 head of engineering machinery,nhân viên chính thức,quản lý,hồ chí minh,8 - 10 năm,Unknown,"cơ khí, tự động hóa, ô tô, vận hành sản xuất, sản xuất",40 tr - 50 tr vnd,40.0,50.0,vnd,45.0
nhân viên bán hàng biên hòa đồng nai,nhân viên chính thức,nhân viên,đồng nai,1 - 2 năm,"tư vấn kinh doanh, đại diện bán hàng, đại diện kinh doanh, tư vấn bán hàng, sales representative, nvkd, nhân viên bán hàng biên hòa đồng nai, nhân viên kinh doanh, salesman, bán hàng","tư vấn, bán sỉ, bán lẻ, kinh doanh, bán hàng",8 tr - 12 tr vnd,8.0,12.0,vnd,10.0
chuyên viên cao cấp qhkh doanh nghiệp cn gia lai,nhân viên chính thức,nhân viên,gia lai,1 - 2 năm,"chuyên viên quan hệ khách hàng sme, nhân viên kinh doanh bảo hiểm, chuyên viên quan hệ khách hàng doanh nghiệp, nhân viên bán hàng trực tiếp, nhân viên ngân hàng, cho vay thế chấp, quan hệ khách hàng doanh nghiệp, chuyên viên quan hệ khách hàng, chuyên viên kinh doanh bất động sản, tư vấn viên đầu tư tài chính","ngân hàng, đầu tư, kinh doanh, bán hàng, tài chính",10 tr - 20 tr vnd,10.0,20.0,vnd,15.0
digital marketing,nhân viên chính thức,nhân viên,hồ chí minh,1 - 2 năm,"online, digital marketing, digital marketing staff","tiếp thị, marketing, bất động sản",14 tr - 16 tr vnd,14.0,16.0,vnd,15.0
ceo stainless steel manufacturing,nhân viên chính thức,tổng giám đốc,hà nam,20 - 35 năm,"steel, boat, export, vietnam, manufacturing, ceo, marine yatch, expat","cơ khí, hàng hải, tự động hóa, ô tô, vận hành sản xuất, sản xuất","15,000 - 20,000 usd",375.0,500.0,usd,437.5
digital marketing specialist,nhân viên chính thức,nhân viên,hồ chí minh,2 - 4 năm,"marketer, marketing executive, chuyên viên pr marketing, chuyên viên social media, nhân viên marketing online, chuyên viên marketing online, marketing operations officer, digital marketing specialist chuyên viên marketing nền tảng số, online marketing executive, nhân viên marketing, marketing specialist","marketing, truyền thông, đối ngoại, quảng cáo, tiếp thị trực tuyến, tiếp thị",15 tr - 20 tr vnd,15.0,20.0,vnd,17.5
sales engineer,nhân viên chính thức,nhân viên,hồ chí minh,2 - 3 năm,Unknown,"cơ khí, môi trường, tự động hóa, kinh doanh, ô tô, bán hàng",15 tr - 25 tr vnd,15.0,25.0,vnd,20.0
kỹ sư chất lượng quality engineer,nhân viên chính thức,nhân viên,long an,2 - 3 năm,Unknown,"cơ khí, qc), tự động hóa, ô tô, vận hành sản xuất, sản xuất, quản lý chất lượng (qa",10 tr - 20 tr vnd,10.0,20.0,vnd,15.0
video editor,nhân viên chính thức,nhân viên,hà nội,1 - 3 năm,"nhân viên chỉnh sửa video, biên tập viên, video editor, editor, nhân viên biên tập tin nội bộ, nhân viên quay phim","truyền hình, marketing, biên tập, nghệ thuật, thiết kế, mỹ thuật, tiếp thị, báo chí",15 tr - 20 tr vnd,15.0,20.0,vnd,17.5
kỹ sư điện electrical engineer,nhân viên chính thức,nhân viên,đồng nai,1 - 3 năm,"kỹ sư giám sát thiết kế điện, kỹ sư giám sát điện, kỹ sư điện, kỹ sư điện công nghiệp, kỹ sư cơ điện công trình","điện công nghiệp, điện lạnh, điện, điện tử",13 tr - 18 tr vnd,13.0,18.0,vnd,15.5
backend developer,nhân viên chính thức,nhân viên,hà nội,trên 2 năm,"backend developer, lập trình",cntt - phần mềm,lên đến 30 tr vnd,0.0,30.0,vnd,15.0
nhân viên digital marketing,nhân viên chính thức,nhân viên,hồ chí minh,trên 2 năm,chuyên viên marketing,"truyền hình, marketing, biên tập, truyền thông, đối ngoại, quảng cáo, tiếp thị, báo chí",10 tr - 12 tr vnd,10.0,12.0,vnd,11.0
trợ lý phòng it,nhân viên chính thức,nhân viên,đồng nai,trên 1 năm,Unknown,"thư ký, hành chính, biên phiên dịch, cntt - phần mềm",10 tr - 15 tr vnd,10.0,15.0,vnd,12.5
digital marketing executive,nhân viên chính thức,nhân viên,hồ chí minh,trên 3 năm,"marketer, marketing executive, chuyên viên pr marketing, chuyên viên social media, chuyên viên marketing online, nhân viên marketing online, digital marketing executive ngành f&b, marketing operations officer, online marketing executive, nhân viên marketing, marketing specialist, nightlife","marketing, truyền thông, nghệ thuật, đối ngoại, thiết kế, quảng cáo, mỹ thuật, tiếp thị",15 tr - 20 tr vnd,15.0,20.0,vnd,17.5
garment quatility assurance,nhân viên chính thức,nhân viên,hồ chí minh,1 - 5 năm,"quality control, quản lý hệ thống chất lượng, garment quatility assurance fqa, qc, dqa, quality assurance","dệt may, da giày, vận hành sản xuất, sản xuất, thời trang",10 tr - 30 tr vnd,10.0,30.0,vnd,20.0
talent acquisition project recruiter,nhân viên chính thức,nhân viên,hồ chí minh,2 - 3 năm,Unknown,"nhân sự, thư ký, hành chính, dịch vụ khách hàng",13 tr - 18 tr vnd,13.0,18.0,vnd,15.5
chuyên viên it phát triển công nghệ,nhân viên chính thức,nhân viên,hà nội,1 - 2 năm,"phát triển công nghệ, chuyên viên it, chuyên viên phần mềm, it",cntt - phần mềm,12 tr - 15 tr vnd,12.0,15.0,vnd,13.5
pm furniture export,nhân viên chính thức,"trưởng nhóm , giám sát",hồ chí minh,3 - 5 năm,Unknown,nội ngoại thất,27 tr - 50 tr vnd,27.0,50.0,vnd,38.5
nhân viên tổng đài chăm sóc khách hàng vietjet air không yêu cầu kinh nghiệm,nhân viên chính thức,nhân viên,hồ chí minh,không yêu cầu, nhân viên tổng đài chăm sóc khách hàng vietjet air không yêu cầu kinh nghiệm,dịch vụ khách hàng,7 tr - 9 tr vnd,7.0,9.0,vnd,8.0
chuyên viên ub phòng giao dịch trảng bom cn đồng nai,nhân viên chính thức,nhân viên,đồng nai,không yêu cầu,chuyên viên ub phòng giao dịch trảng bom cn. đồng nai cnlt.,"ngân hàng, đầu tư, kinh doanh, bán hàng, tài chính",10 tr - 35 tr vnd,10.0,35.0,vnd,22.5
116546 senior process engineer cad cae solutions and plant engineering,nhân viên chính thức,nhân viên,hồ chí minh,2 - 7 năm," senior process engineer cad, kỹ sư quy trình, cae solutions and plant engineering","vận hành sản xuất, sản xuất",25 tr - 28 tr vnd,25.0,28.0,vnd,26.5
nhân viên it,nhân viên chính thức,nhân viên,hồ chí minh,trên 3 năm,"nhân viên it, nhân viên cntt","cntt - phần cứng, mạng",lên đến 13 tr vnd,0.0,13.0,vnd,6.5
trợ lý quản lý phòng đảm bảo chất lượng qc assitant manager,nhân viên chính thức,nhân viên,đồng nai,3 - 5 năm,Unknown,"điện, điện tử, điện lạnh, qc), điện công nghiệp, vận hành sản xuất, sản xuất, quản lý chất lượng (qa",trên 17 tr vnd,17.0,0.0,vnd,8.5
nhân viên triển khai kỹ thuật kiến trúc nội thất 2d,nhân viên chính thức,nhân viên,hà nội,2 - 5 năm,Unknown,"nghệ thuật, thiết kế, kiến trúc, nội ngoại thất, mỹ thuật",15 tr - 20 tr vnd,15.0,20.0,vnd,17.5
service engineer,nhân viên chính thức,nhân viên,kv nam trung bộ,trên 2 năm,"service engineer, technical assistant","điện, sửa chữa, cơ khí, bảo trì, điện tử, điện lạnh, tự động hóa, điện công nghiệp, ô tô","600 - 1,000 usd",15.0,25.0,usd,20.0
nhân viên kinh doanh chi nhánh saigontourist long an,nhân viên chính thức,nhân viên,long an,không yêu cầu,"sales executive, nhân viên phòng kinh doanh, chuyên viên kinh doanh, đại diện bán hàng, đại diện kinh doanh, nhân viên kinh doanh chi nhánh saigontourist long an, sales engineer, sales dept, telesales, salesman, nhân viên bán hàng",du lịch,"6,2 tr - 9 tr vnd",6.2,9.0,vnd,7.6
chuyên viên it,nhân viên chính thức,nhân viên,hà nội,2 - 3 năm,"nhân viên it, it engineer, it supervisor, it executive, it staff, chuyên viên it, it support, nhân viên tin học, it helpdesk, it specialist, it officer","cntt - phần cứng, mạng, cntt - phần mềm",14 tr - 18 tr vnd,14.0,18.0,vnd,16.0
process engineer,nhân viên chính thức,"trưởng nhóm , giám sát",bình dương,1 - 5 năm,"process engineer, kỹ sư quy trình","điện công nghiệp, điện lạnh, điện, điện tử",15 tr - 23 tr vnd,15.0,23.0,vnd,19.0
data system management,nhân viên chính thức,nhân viên,bình dương,2 - 3 năm,Unknown,"quản lý điều hành, thư ký, hành chính, cntt - phần mềm",12 tr - 18 tr vnd,12.0,18.0,vnd,15.0
tuyển dụng sale lào cai kênh gt,nhân viên chính thức,nhân viên,lào cai,không yêu cầu,Unknown,"marketing, bán sỉ, bán lẻ, kinh doanh, tiếp thị, bán hàng",11 tr - 17 tr vnd,11.0,17.0,vnd,14.0
security presales,nhân viên chính thức,nhân viên,hồ chí minh,trên 3 năm,"security presales, chuyên viên kinh doanh, nhân viên kinh doanh","kinh doanh, bán hàng",14 tr - 30 tr vnd,14.0,30.0,vnd,22.0
nhân viên bán hàng đồng nai,nhân viên chính thức,nhân viên,đồng nai,1 - 2 năm,"tư vấn kinh doanh, đại diện bán hàng, đại diện kinh doanh, tư vấn bán hàng, sales representative, nvkd, nhân viên kinh doanh, nhân viên bán hàng đồng nai, salesman, bán hàng","tư vấn, bán sỉ, bán lẻ, kinh doanh, bán hàng",8 tr - 12 tr vnd,8.0,12.0,vnd,10.0
bác sĩ làm việc tại định quán đồng nai,"nhân viên chính thức, bán thời gian",nhân viên,đồng nai,1 - 2 năm,"doctor, bác sĩ làm việc tại định quán đồng nai, therapist, bác sĩ chuyên khoa","y tế, dược phẩm, thẩm mỹ, hóa mỹ phẩm, làm đẹp, dịch vụ khách hàng, chăm sóc sức khỏe",18 tr - 25 tr vnd,18.0,25.0,vnd,21.5
nhân viên it,nhân viên chính thức,nhân viên,đồng nai,3 - 4 năm,"& it, phụ trách kỹ thuật, it staff, it support staff, service engineer, nhân viên hỗ trợ kỹ thuật, it support assistant, nhân viên it helpdesk, it support, technical assistant, it officer","điện, mạng, điện tử, điện lạnh, điện công nghiệp, cntt - phần cứng, vận hành sản xuất, sản xuất",13 tr - 17 tr vnd,13.0,17.0,vnd,15.0
giám sát dịch vụ hệ thống it,nhân viên chính thức,"trưởng nhóm , giám sát",đồng nai,2 - 5 năm,"chuyên gia tư vấn, tiếng trung làm việc tại vũng tàu & đồng nai, loi quoc viet, infotech, cố vấn, it helpdesk, giám sát dịch vụ hệ thống it tiếng anh","mạng, cntt - phần cứng, vận hành sản xuất, sản xuất, cntt - phần mềm",25 tr - 30 tr vnd,25.0,30.0,vnd,27.5
nhân viên chỉnh sửa hình ảnh photo editor,nhân viên chính thức,nhân viên,hồ chí minh,không yêu cầu,"photoshop, nhân viên chỉnh sửa hình ảnh photo editor, editor, retoucher, chỉnh sửa ảnh, photo editor","nghệ thuật, xuất bản, thiết kế, in ấn, nội ngoại thất, mỹ thuật",10 tr - 20 tr vnd,10.0,20.0,vnd,15.0
nhân viên đất đai,nhân viên chính thức,nhân viên,phú yên,1 - 3 năm,"nhân viên trắc địa, nhân viên đo đạc địa chính, khoáng sản, chuyên viên trắc địa, nhân viên đo đạc đất đai, nhân viên khoáng sản, đất đai","địa chất, trắc địa",10 tr - 15 tr vnd,10.0,15.0,vnd,12.5
video editor quản lý kênh youtube,nhân viên chính thức,nhân viên,hồ chí minh,không yêu cầu,"video editor quản lý kênh youtube, biên tập viên, nhân viên biên tập tin nội bộ","truyền hình, biên tập, truyền thông, đối ngoại, quảng cáo, báo chí",7 tr - 9 tr vnd,7.0,9.0,vnd,8.0
trưởng phòng it công nghệ thông tin,nhân viên chính thức,"trưởng nhóm , giám sát",hà nội,3 - 5 năm,Unknown,"cntt - phần cứng, mạng, cntt - phần mềm",30 tr - 60 tr vnd,30.0,60.0,vnd,45.0
kỹ sư bán hàng sales engineer,nhân viên chính thức,nhân viên,hà nội,1 - 2 năm,"sales executive, nhân viên phòng kinh doanh, chuyên viên kinh doanh, đại diện bán hàng, đại diện kinh doanh, nhân viên kinh doanh lương cứng từ tr + hoa hồng, sales engineer, sales dept, telesales, salesman, nhân viên bán hàng","kinh doanh, bán hàng, vận hành sản xuất, sản xuất",10 tr - 15 tr vnd,10.0,15.0,vnd,12.5
nhân viên triển khai bản vẽ kỹ thuật abf cnc,nhân viên chính thức,nhân viên,hồ chí minh,không yêu cầu,"cnc, abf, kỹ thuật","nghệ thuật, thiết kế, kiến trúc, nội ngoại thất, mỹ thuật",12 tr - 20 tr vnd,12.0,20.0,vnd,16.0
chuyên viên qhkh doanh nghiệp lào cai,nhân viên chính thức,nhân viên,lào cai,1 - 2 năm,Unknown,"kinh doanh, bán hàng, bất động sản, ngân hàng",10 tr - 20 tr vnd,10.0,20.0,vnd,15.0
nhân viên it helpdesk,nhân viên chính thức,mới tốt nghiệp,hồ chí minh,không yêu cầu,"service engineer, it support assistant, technical assistant, it staff","cntt - phần cứng, mạng",8 tr - 10 tr vnd,8.0,10.0,vnd,9.0
digital marketing leader,nhân viên chính thức,"trưởng nhóm , giám sát",hồ chí minh,1 - 2 năm,"giám đốc marketing, trưởng phòng marketing, makerting manager, head of marketing and communication, makerting director, marketing supervisor, giám sát tiếp thị, giám đốc truyền thông & tiếp thị, giám đốc tiếp thị","tiếp thị, marketing, bất động sản",trên 15 tr vnd,15.0,0.0,vnd,7.5
sales b2b it hardware products 33m,nhân viên chính thức,nhân viên,hà nội,3 - 5 năm,"nhân viên it, it engineer, it supervisor, it executive, chuyên viên it, sales bb project it hardware products m, it support, nhân viên tin học, it helpdesk, it specialist, it officer","marketing, mạng, kinh doanh, tiếp thị, bán hàng, cntt - phần cứng",26 tr - 33 tr vnd,26.0,33.0,vnd,29.5
purchasing supply chain manager,nhân viên chính thức,quản lý,hồ chí minh,5 - 8 năm,"supply chain manager, purchasing & supply chain manager, supply manager, suppy chain supervisor, quản lý cung ứng, quản lý chuỗi cung ứng, purchasing manager","thu mua, vật tư, xuất nhập khẩu, nội ngoại thất",40 tr - 45 tr vnd,40.0,45.0,vnd,42.5
overseas digital marketing,nhân viên chính thức,nhân viên,hồ chí minh,2 - 4 năm,"marketing, hochiminh, overseas, digital","chăm sóc cá nhân, kinh doanh, bán hàng, dịch vụ khách hàng, hàng gia dụng",12 tr - 19 tr vnd,12.0,19.0,vnd,15.5
chuyên viên video editor,nhân viên chính thức,nhân viên,hà nội,1 - 5 năm,Unknown,"tổ chức sự kiện, nghệ thuật, truyền thông, thiết kế, đối ngoại, quảng cáo, mỹ thuật",12 tr - 15 tr vnd,12.0,15.0,vnd,13.5
chuyên viên digital marketing,nhân viên chính thức,nhân viên,hà nội,1 - 3 năm,"marketer, marketing executive, chuyên viên pr marketing, chuyên viên marketing online, nhân viên marketing online, online marketing executive, chuyên viên digital marketing, nhân viên marketing, marketing specialist","tiếp thị, marketing",12 tr - 15 tr vnd,12.0,15.0,vnd,13.5
chuyên viên digital marketing,nhân viên chính thức,nhân viên,hà nội,trên 1 năm,"marketer, marketing executive, chuyên viên pr marketing, chuyên viên social media, chuyên viên marketing online, nhân viên marketing online, marketing operations officer, online marketing executive, chuyên viên digital marketing, nhân viên marketing, marketing specialist","dệt may, marketing, da giày, bán sỉ, bán lẻ, tiếp thị, thời trang",12 tr - 18 tr vnd,12.0,18.0,vnd,15.0
network security engineer kỹ sư an ninh mạng,nhân viên chính thức,nhân viên,hồ chí minh,5 - 7 năm,Unknown,"bưu chính viễn thông, cntt - phần cứng, mạng, cntt - phần mềm",20 tr - 50 tr vnd,20.0,50.0,vnd,35.0
talent acquisition executive,nhân viên chính thức,nhân viên,hồ chí minh,2 - 4 năm,"nhân viên tư vấn, chuyên viên tư vấn, tư vấn viên, consultant, talent acquisition executive, senior consultant, counsellor","thư ký, hành chính, nhân sự",14 tr - 16 tr vnd,14.0,16.0,vnd,15.0
senior sales it,nhân viên chính thức,nhân viên,hà nội,trên 1 năm,"sales executive, sales support, sales representative, it, senior sales it, sales","tư vấn, bán hàng, kinh doanh, cntt - phần mềm","1,000 - 1,500 usd",25.0,37.5,usd,31.25
sales trainee giám sát kinh doanh tài năng 2025,nhân viên chính thức,mới tốt nghiệp,cần thơ,không yêu cầu,Unknown,"mới tốt nghiệp, thực tập, bán sỉ, bán lẻ, kinh doanh, bán hàng",15 tr - 25 tr vnd,15.0,25.0,vnd,20.0
digital marketing executive,nhân viên chính thức,"trưởng nhóm , giám sát",hồ chí minh,trên 3 năm,"marketer, marketing executive, chuyên viên pr marketing, digital marketing executive, chuyên viên marketing online, chuyên viên social media, nhân viên marketing online, marketing operations officer, online marketing executive, nhân viên marketing, marketing specialist","thương mại điện tử, tiếp thị, marketing, tiếp thị trực tuyến",trên 11 tr vnd,11.0,0.0,vnd,5.5
senior data analyst xây dựng hệ thống bi portal,nhân viên chính thức,nhân viên,hà nội,3 - 4 năm,Unknown,"cntt - phần cứng, thống kê, mạng, cntt - phần mềm",30 tr - 47 tr vnd,30.0,47.0,vnd,38.5
giao dịch viên hai bà trưng,nhân viên chính thức,nhân viên,hà nội,không yêu cầu,"nhân viên môi giới, giao dịch viên hai bà trưng, nhân viên giao dịch ngân hàng, chuyên viên đối ngoại, nhân viên giao dịch","giao nhận, bưu chính viễn thông, vận chuyển, kho vận","7,5 tr - 8,5 tr vnd",7.5,8.5,vnd,8.0
chuyên viên r d công bố research data,nhân viên chính thức,nhân viên,long an,3 - 10 năm,"research and development assistant, chuyên viên nghiên cứu và phát triển, research data làm việc tại thảo điền quận hcm, trợ lý nghiên cứu và phát triển, r d staff, r & d officer, chuyên viên r&d công bố, reasearch assistant, development assistant, r & d executive, r & d specialist, research and development specialist","thực phẩm & đồ uống, dinh dưỡng, công nghệ thực phẩm, vận hành sản xuất, sản xuất",trên 15 tr vnd,15.0,0.0,vnd,7.5
hà nội service trainer,nhân viên chính thức,nhân viên,hà nội,1 - 3 năm,"training specialist, hà nội service trainer nhân viên đào tạo dịch vụ","dệt may, da giày, nhân sự, giáo dục, đào tạo, thời trang",12 tr - 15 tr vnd,12.0,15.0,vnd,13.5
digital mkt,nhân viên chính thức,nhân viên,hà nội,1 - 2 năm,online,"tiếp thị, marketing",14 tr - 20 tr vnd,14.0,20.0,vnd,17.0
gereral affairs executive,bán thời gian,nhân viên,hồ chí minh,3 - 5 năm,Unknown,"thư ký, kế toán, hành chính, kiểm toán",600 - 800 usd,15.0,20.0,usd,17.5
nhân viên bán hàng đồng nai,nhân viên chính thức,nhân viên,đồng nai,lên đến 1 năm,"tư vấn kinh doanh, đại diện bán hàng, đại diện kinh doanh, tư vấn bán hàng, sales representative, nhân viên thu ngân, nhân viên kinh doanh, salesman, bán hàng, nhân viên bán hàng","thực phẩm & đồ uống, bán sỉ, bán lẻ, kinh doanh, bán hàng",trên 9 tr vnd,9.0,0.0,vnd,4.5
sales engineer,nhân viên chính thức,nhân viên,hồ chí minh,lên đến 1 năm,"chuyên viên kinh doanh sales engineer, nhân viên kinh doanh, giám sát kinh doanh, sales executive","cơ khí, tự động hóa, kinh doanh, ô tô, bán hàng, bán hàng kỹ thuật",12 tr - 15 tr vnd,12.0,15.0,vnd,13.5
ai technical project manager,nhân viên chính thức,"trưởng nhóm , giám sát",hà nội,3 - 4 năm,"thư ký công trường, site secretary, phó ban quản lý dự án, ai technical project manager, trưởng ban quản lý dự án","thương mại điện tử, cntt - phần mềm",35 tr - 50 tr vnd,35.0,50.0,vnd,42.5
chuyên viên digital marketing,nhân viên chính thức,nhân viên,hồ chí minh,trên 2 năm,"marketer, marketing executive, chuyên viên pr marketing, chuyên viên social media, chuyên viên marketing online, nhân viên marketing online, marketing operations officer, online marketing executive, chuyên viên digital marketing, nhân viên marketing, marketing specialist","marketing, truyền thông, đối ngoại, quảng cáo, tiếp thị trực tuyến, tiếp thị",12 tr - 18 tr vnd,12.0,18.0,vnd,15.0
nhân viên tuyển dụng talent acquisition,nhân viên chính thức,nhân viên,hà nội,2 - 3 năm,"chuyên viên tuyển dụng, nhân viên tuyển dụng, executive recruitment, talent acquisition","bán sỉ, nhân sự, bán lẻ",15 tr - 20 tr vnd,15.0,20.0,vnd,17.5
kỹ sư cơ điện me engineer,nhân viên chính thức,nhân viên,hà nội,không yêu cầu,"kỹ sư m&e, electrical engineer, kỹ sư giám sát điện, kỹ sư cơ điện me engineer, m&e engineer, kỹ sư thiết kế hệ thống điện, mechanical and electrical engineer, nhân viên kỹ thuật điện cơ khí","điện, cơ khí, điện tử, điện lạnh, tự động hóa, điện công nghiệp, ô tô",12 tr - 25 tr vnd,12.0,25.0,vnd,18.5
chuyên viên triển khai phần mềm,nhân viên chính thức,nhân viên,hà nội,lên đến 1 năm,"chuyên viên tư vấn triển khai phần mềm erp, nhân viên it triển khai phần mềm, chuyên viên hỗ trợ và triển khai sản phẩm","tư vấn, dịch vụ khách hàng, cntt - phần mềm",lên đến 12 tr vnd,0.0,12.0,vnd,6.0
digital marketing,nhân viên chính thức,nhân viên,hà nội,2 - 3 năm,"online, social media, digital","marketing, truyền thông, đối ngoại, quảng cáo, tiếp thị trực tuyến, tiếp thị",12 tr - 18 tr vnd,12.0,18.0,vnd,15.0
khai triển 2d kiến trúc nội thất,nhân viên chính thức,nhân viên,kiên giang,trên 1 năm,"khai triển kỹ thuật, cadman, kiến trúc, họa viên, khai triển 3d, khai triển thi công, kiến trúc sư, khai triển 2d, nhân viên thiết kế, nội thất","kiến trúc, nội ngoại thất, xây dựng",18 tr - 25 tr vnd,18.0,25.0,vnd,21.5
editor,nhân viên chính thức,nhân viên,hồ chí minh,lên đến 1 năm,"biên tập viên, nhân viên biên tập tin nội bộ, editor","y tế, dinh dưỡng, thẩm mỹ, công nghệ thực phẩm, làm đẹp, chăm sóc sức khỏe",14 tr - 18 tr vnd,14.0,18.0,vnd,16.0
senior it application support crm,nhân viên chính thức,nhân viên,hồ chí minh,2 - 5 năm,"nhân viên it, it manager, it staff, service engineer, chuyên viên it, nhân viên hỗ trợ kỹ thuật, it support assistant, it support, technical assistant, senior it application support crm, it helpdesk","đầu tư, tài chính, ngân hàng, cntt - phần mềm","1,000 - 1,600 usd",25.0,40.0,usd,32.5
kỹ sư điện triển khai bản vẽ hvac,nhân viên chính thức,nhân viên,cần thơ,không yêu cầu,"nhân viên điện công trình, kỹ sư m&e, electrical engineer, kỹ sư giám sát điện, m&e engineer, kỹ sư cơ điện công trình, kỹ sư thiết kế hệ thống điện, kỹ sư điện triển khai bản vẽ hvac gấp, chuyên viên kỹ thuật điện","điện công nghiệp, điện lạnh, điện, điện tử","7,5 tr - 11 tr vnd",7.5,11.0,vnd,9.25
fullstack developer,nhân viên chính thức,nhân viên,hà nội,2 - 3 năm,"lập trình, fullstack developer next.js & node.js","kinh doanh, bán hàng",20 tr - 30 tr vnd,20.0,30.0,vnd,25.0
digital marketing,nhân viên chính thức,nhân viên,hà nội,trên 1 năm,"online, digital marketing, social media","tiếp thị, marketing",12 tr - 17 tr vnd,12.0,17.0,vnd,14.5
kiến trúc sư triển khai,nhân viên chính thức,nhân viên,hà nội,trên 3 năm,Unknown,"kiến trúc, xây dựng",15 tr - 18 tr vnd,15.0,18.0,vnd,16.5
nhân viên it,nhân viên chính thức,nhân viên,hồ chí minh,2 - 3 năm,"nhân viên it, it engineer, it administrator, it supervisor, it executive, it staff, it support, nhân viên tin học, it helpdesk, it specialist, it officer","cntt - phần cứng, mạng, cntt - phần mềm",17 tr - 22 tr vnd,17.0,22.0,vnd,19.5
junior graduated developer,nhân viên chính thức,mới tốt nghiệp,hồ chí minh,không yêu cầu,".net, vb.net, .net developer, .net programmer, c#, lập trình viên asp.net, asp.net mvc developer, asp.net developer, asp.net, lập trình viên .net",cntt - phần mềm,7 tr - 15 tr vnd,7.0,15.0,vnd,11.0
nhân viên vận hành sản xuất phô mai bình dương,nhân viên chính thức,mới tốt nghiệp,bình dương,không yêu cầu,"operation staff, nhân viên vận hành sản xuất phô mai bình dương, nhân viên phòng sản xuất, process operation","điện, dinh dưỡng, điện tử, điện lạnh, công nghệ thực phẩm, điện công nghiệp, công nghệ sinh học",9 tr - 10 tr vnd,9.0,10.0,vnd,9.5
data engineer,nhân viên chính thức,nhân viên,hồ chí minh,không yêu cầu,Unknown,cntt - phần mềm,12 tr - 26 tr vnd,12.0,26.0,vnd,19.0
giao dịch viên lào cai,nhân viên chính thức,nhân viên,lào cai,không yêu cầu,"nhân viên môi giới, nhân viên giao dịch ngân hàng, giao dịch viên lào cai, chuyên viên đối ngoại, nhân viên giao dịch","đầu tư, tài chính, ngân hàng",7 tr - 10 tr vnd,7.0,10.0,vnd,8.5
vietjet air tổng đài viên chăm sóc khách hàng line tiếng anh,nhân viên chính thức,nhân viên,hồ chí minh,không yêu cầu,"customer services, khách hàng, vietjet air tổng đài viên chăm sóc khách hàng line tiếng anh nhận việc ngay, cskh","hàng không, dịch vụ khách hàng",8 tr - 9 tr vnd,8.0,9.0,vnd,8.5
kiến trúc sư architect,nhân viên chính thức,nhân viên,hồ chí minh,trên 2 năm,"kiến trúc sư công trình, creative specialist, kiến trúc sư architect, họa sĩ, graphic designer, kiến trúc sư họa viên kiến trúc, trưởng bộ phận thiết kế, họa viên kiến trúc, animation artist, creative director, chief of designers",kiến trúc,10 tr - 14 tr vnd,10.0,14.0,vnd,12.0
117941 mechanical engineer water and wastewater treatment system,nhân viên chính thức,nhân viên,hồ chí minh,trên 2 năm,"kỹ sư cơ giới, kỹ sư cơ khí, kỹ sư cơ khí ô tô động lực, mechanical engineer water and wastewater treatment system",xây dựng,12 tr - 25 tr vnd,12.0,25.0,vnd,18.5
chuyên viên digital marketing,nhân viên chính thức,nhân viên,hà nội,1 - 2 năm,"marketer, marketing executive, chuyên viên pr marketing, chuyên viên social media, chuyên viên marketing online, nhân viên marketing online, marketing operations officer, online marketing executive, chuyên viên digital marketing, nhân viên marketing, marketing specialist","tiếp thị, marketing",12 tr - 20 tr vnd,12.0,20.0,vnd,16.0
chuyên viên digital marketing,nhân viên chính thức,nhân viên,bình dương,1 - 2 năm,"marketer, marketing executive, chuyên viên pr marketing, chuyên viên social media, chuyên viên marketing online, nhân viên marketing online, marketing operations officer, online marketing executive, chuyên viên digital marketing, nhân viên marketing, marketing specialist","tiếp thị, marketing, tiếp thị trực tuyến",18 tr - 25 tr vnd,18.0,25.0,vnd,21.5
talent acquisition executive chuyên viên tuyển dụng,nhân viên chính thức,nhân viên,hà nội,2 - 3 năm," talent acquisition executive, chuyên viên tuyển dụng, executive recruitment, recruiter, nhân viên tuyển dụng đào tạo, nhân viên tuyển dụng",nhân sự,8 tr - 12 tr vnd,8.0,12.0,vnd,10.0
kế toán master data,nhân viên chính thức,nhân viên,long an,1 - 4 năm,"chuyên viên kế toán, kế toán master data, thống kê, kế toán viên","đầu tư, kế toán, kiểm toán, tài chính",13 tr - 16 tr vnd,13.0,16.0,vnd,14.5
chăm sóc khách hàng quốc tế vietjet air không yêu cầu kinh nghiệm,nhân viên chính thức,nhân viên,hồ chí minh,không yêu cầu, chăm sóc khách hàng quốc tế tiếng anh vietjet air không yêu cầu kinh nghiệm,"hàng không, dịch vụ khách hàng, biên phiên dịch","8 tr - 8,2 tr vnd",8.0,8.2,vnd,8.1
chuyên viên tập sự khách hàng doanh nghiệp cn gia lai,thực tập,"sinh viên, thực tập sinh",gia lai,không yêu cầu,chuyên viên tập sự khách hàng doanh nghiệp cn. gia lai cnlt.,"ngân hàng, đầu tư, kinh doanh, bán hàng, tài chính","2,5 tr - 15 tr vnd",2.5,15.0,vnd,8.75
nutrition consultant doctor,nhân viên chính thức,nhân viên,hồ chí minh,3 - 5 năm,"nhân viên tư vấn, chuyên viên tư vấn, tư vấn viên, executive, nutrition consultant doctor, senior, counsellor","y tế, dược phẩm, thẩm mỹ, hóa mỹ phẩm, làm đẹp, chăm sóc sức khỏe","2,000 - 4,000 usd",50.0,100.0,usd,75.0
cam cad engineer id25761,nhân viên chính thức,nhân viên,hà nội,trên 3 năm,"nhân viên phòng khai thác phát triển mẫu, nhân viên cad 3d, họa viên, design engineer, web designer, cam, formwork specialist, trợ lý chế tạo khuôn mẫu, designer, nhân viên thiết kế khuôn mẫu ngành nhựa, nhân viên thiết kế, cad engineer id","điện, sửa chữa, cơ khí, bảo trì, điện tử, điện lạnh, tự động hóa, điện công nghiệp, ô tô",15 tr - 18 tr vnd,15.0,18.0,vnd,16.5
junior developer,nhân viên chính thức,nhân viên,hà nội,1 - 2 năm,"junior developer, frontend, javascript",cntt - phần mềm,25 tr - 35 tr vnd,25.0,35.0,vnd,30.0
nhân viên kinh doanh phát triển thị trường khu vực đồng nai lương cứng 10 15tr hoa hồng,nhân viên chính thức,nhân viên,đồng nai,2 - 5 năm,Unknown,"kinh doanh, bán hàng",15 tr - 35 tr vnd,15.0,35.0,vnd,25.0
giám đốc kinh doanh etc thầu làm việc tại đồng nai,nhân viên chính thức,quản lý,đồng nai,2 - 5 năm,"giám đốc công ty, giám đốc kinh doanh, giám đốc kinh doanh etc, quản lý kinh doanh etc, quản lý kinh doanh khu vực, trưởng phòng kinh doanh etc, quản lý kinh doanh thầu etc, trình dược viên etc, kinh doanh dược phẩm, etc supervisor","y tế, dược phẩm, thẩm mỹ, hóa mỹ phẩm, làm đẹp, kinh doanh, bán hàng, chăm sóc sức khỏe",30 tr - 50 tr vnd,30.0,50.0,vnd,40.0
sales engineer,nhân viên chính thức,nhân viên,hồ chí minh,3 - 5 năm,"kỹ sư kinh doanh, service engineer, sales engineer, kỹ sư bán hàng","kinh doanh, điện, điện tử, điện lạnh, điện công nghiệp, bán hàng, bán hàng kỹ thuật",12 tr - 25 tr vnd,12.0,25.0,vnd,18.5
tuyển lập trình viên net fullstack,nhân viên chính thức,nhân viên,hà nội,lên đến 3 năm,".net programmer, software developer asp net, frontend developer, lập trình viên, game developer, software developer, asp net software engineer, advert developer, tuyển lập trình viên .net fullstack, asp net software developer",cntt - phần mềm,15 tr - 30 tr vnd,15.0,30.0,vnd,22.5
nhân viên khai báo hải quan customs declarant executive,nhân viên chính thức,nhân viên,hồ chí minh,1 - 2 năm,"nhân viên tư vấn, chuyên viên tư vấn, tư vấn viên, consultant, nhân viên khai báo hải quan customs declarant executive, senior consultant, counsellor","giao nhận, vận chuyển, xuất nhập khẩu, kho vận",8 tr - 12 tr vnd,8.0,12.0,vnd,10.0
senior it budget and vendor management specialist,nhân viên chính thức,nhân viên,hồ chí minh,3 - 5 năm,"manager, senior it budget and vendor management specialist english, officier, coordinator, associates accountant, nhân viên mua hàng staff, purchasing staff, staff, supervisor, executive, purchasing","kế toán, kiểm toán, ngân hàng, cntt - phần mềm","1,000 - 1,500 usd",25.0,37.5,usd,31.25
nhân viên digital marketing,nhân viên chính thức,nhân viên,hà nội,2 - 3 năm,Unknown,"đối ngoại, tiếp thị trực tuyến, truyền thông, quảng cáo",15 tr - 20 tr vnd,15.0,20.0,vnd,17.5
hiệu phó chuyên môn tiểu học long khánh đồng nai,nhân viên chính thức,quản lý,đồng nai,2 - 3 năm,Unknown,"quản lý điều hành, giáo dục, đào tạo",20 tr - 25 tr vnd,20.0,25.0,vnd,22.5
mechanical engineer,nhân viên chính thức,nhân viên,hà nội,1 - 2 năm,"thợ cơ khí, kỹ sư cơ khí, công nhân cơ khí, kỹ sư cơ giới, kỹ sư cơ khí ô tô động lực, mechanical engineer","điện, cơ khí, điện tử, điện lạnh, tự động hóa, điện công nghiệp, ô tô",trên 8 tr vnd,8.0,0.0,vnd,4.0
backend developer,nhân viên chính thức,nhân viên,hồ chí minh,2 - 5 năm,"web developer, java developer, back end","đầu tư, tài chính, ngân hàng, cntt - phần mềm","900 - 1,200 usd",22.5,30.0,usd,26.25
chuyển viên kinh doanh software cloud,nhân viên chính thức,nhân viên,hà nội,2 - 10 năm,"giám sát kinh doanh, sales engineer","mạng, kinh doanh, bán hàng, cntt - phần cứng, cntt - phần mềm",20 tr - 35 tr vnd,20.0,35.0,vnd,27.5
talent acquisition executive,nhân viên chính thức,nhân viên,hồ chí minh,3 - 5 năm,"chuyên viên tuyển dụng, talent acquisition, tuyển dụng, talent acquisition executive, nhân viên tuyển dụng",nhân sự,10 tr - 13 tr vnd,10.0,13.0,vnd,11.5
117607 architectural operator manager construction,nhân viên chính thức,quản lý,hồ chí minh,5 - 7 năm,"cadddesigner, civil engineer, draftsman, họa viên kiến trúc, drafter, architect, architectural operator manager construction, kiến trúc sư, nhân viên thiết kế kiến trúc, site engineer, structural drafter","kiến trúc, xây dựng",23 tr - 32 tr vnd,23.0,32.0,vnd,27.5
kế hoạch sản xuất đồng nai,nhân viên chính thức,nhân viên,đồng nai,1 - 2 năm,Unknown,"vận hành sản xuất, sản xuất",9 tr - 10 tr vnd,9.0,10.0,vnd,9.5
trưởng phòng khai thác khách hàng,nhân viên chính thức,quản lý,hồ chí minh,2 - 3 năm,head of office,"tiếp thị, marketing, bất động sản",18 tr - 22 tr vnd,18.0,22.0,vnd,20.0
trưởng phòng khai thác cảng,nhân viên chính thức,quản lý,bà rịa  vũng tàu,3 - 5 năm,Unknown,"hàng hải, bất động sản, xây dựng","1,000 - 1,500 usd",25.0,37.5,usd,31.25
chuyên viên digital marketing,nhân viên chính thức,nhân viên,hồ chí minh,1 - 2 năm,"marketer, marketing executive, chuyên viên pr marketing, chuyên viên social media, chuyên viên marketing online, nhân viên marketing online, marketing operations officer, online marketing executive, chuyên viên digital marketing, nhân viên marketing, marketing specialist","marketing, dược phẩm, hóa mỹ phẩm, thương mại điện tử, tiếp thị",8 tr - 20 tr vnd,8.0,20.0,vnd,14.0
118155 digital marketing manager logistics,nhân viên chính thức,quản lý,hồ chí minh,3 - 5 năm," digital marketing manager logistics, online marketing manager","giao nhận, vận chuyển, kho vận",28 tr - 35 tr vnd,28.0,35.0,vnd,31.5
talent acquisition specialist chuyên viên tuyển dụng,nhân viên chính thức,nhân viên,bình dương,2 - 5 năm,"chuyên viên tuyển dụng, executive recruitment, recruiter, nhân viên tuyển dụng đào tạo, talent acquisition specialist, nhân viên tuyển dụng","thư ký, hành chính, nhân sự",10 tr - 16 tr vnd,10.0,16.0,vnd,13.0
trưởng phòng đào tạo training manager,nhân viên chính thức,quản lý,hồ chí minh,trên 5 năm,"training manager f&b, trưởng phòng đào tạo, training manager","thực phẩm & đồ uống, nhà hàng, giáo dục, khách sạn, đào tạo",30 tr - 40 tr vnd,30.0,40.0,vnd,35.0
data engineer,nhân viên chính thức,nhân viên,hồ chí minh,trên 2 năm,Unknown,cntt - phần mềm,12 tr - 40 tr vnd,12.0,40.0,vnd,26.0
cửa hàng phó g kitchen nguyễn đình chiểu,nhân viên chính thức,"trưởng nhóm , giám sát",hồ chí minh,2 - 3 năm,Unknown,"thực phẩm & đồ uống, bán sỉ, bán lẻ, kinh doanh, bán hàng",8 tr - 9 tr vnd,8.0,9.0,vnd,8.5
nhân viên marketing digital,nhân viên chính thức,nhân viên,hà nội,2 - 5 năm,"marketing executive, nhân viên phòng marketing xuất nhập khẩu, marketing training, chuyên viên marketing, marketer","vận hành sản xuất, sản xuất",13 tr - 15 tr vnd,13.0,15.0,vnd,14.0
nhân viên khai báo hải quan,nhân viên chính thức,nhân viên,hà nội,trên 2 năm,nhân viên khai báo hải quan,xuất nhập khẩu,12 tr - 17 tr vnd,12.0,17.0,vnd,14.5
hcm design engineer,nhân viên chính thức,nhân viên,hồ chí minh,2 - 3 năm,"hcm design engineer, nhân viên phòng khai thác phát triển mẫu, nhân viên cad 3d, họa viên, web designer, formwork specialist, designer, trợ lý chế tạo khuôn mẫu, exterior, nhân viên thiết kế khuôn mẫu ngành nhựa, nhân viên thiết kế","vận hành sản xuất, sản xuất",12 tr - 16 tr vnd,12.0,16.0,vnd,14.0
nhân viên kinh doanh thị trường khu vực đồng nai bình dương vũng tàu,nhân viên chính thức,nhân viên,đồng nai,trên 1 năm,Unknown,"dược phẩm, hóa mỹ phẩm, chăm sóc cá nhân, kinh doanh, bán hàng, hàng gia dụng",12 tr - 20 tr vnd,12.0,20.0,vnd,16.0
restaurant captain trưởng ca,nhân viên chính thức,"trưởng nhóm , giám sát",hồ chí minh,1 - 2 năm,Unknown,"quản lý điều hành, thực phẩm & đồ uống, khách sạn, nhà hàng",7 tr - 9 tr vnd,7.0,9.0,vnd,8.0
nhân viên devops,nhân viên chính thức,nhân viên,hà nội,2 - 5 năm,"chuyên viên quản trị hệ thống, devops","dịch vụ khách hàng, cntt - phần mềm",20 tr - 25 tr vnd,20.0,25.0,vnd,22.5
nhân viên quay dựng – video editor media,nhân viên chính thức,nhân viên,hà nội,1 - 2 năm,"biên tập viên, nhân viên quay dựng – video editor, nhân viên biên tập tin nội bộ, media","truyền hình, marketing, biên tập, truyền thông, đối ngoại, quảng cáo, tiếp thị, báo chí",trên 10 tr vnd,10.0,0.0,vnd,5.0
nhân viên it,nhân viên chính thức,nhân viên,hồ chí minh,3 - 6 năm,"system administrator, digital transformation, technical support specialist, chuyen doi so, automation","cntt - phần cứng, mạng, cntt - phần mềm",12 tr - 16 tr vnd,12.0,16.0,vnd,14.0
production assistant trainee,thực tập,"sinh viên, thực tập sinh",hồ chí minh,không yêu cầu,"production assistant, sales admin staff, event coordinator, nhân viên cải tiến công đoạn sản xuất, nhân viên điều phối sự kiện","giải trí, tổ chức sự kiện, truyền thông, đối ngoại, quảng cáo",4 tr - 5 tr vnd,4.0,5.0,vnd,4.5
executive english personal trainer,nhân viên chính thức,nhân viên,hồ chí minh,1 - 3 năm,"nhân viên tư vấn, chuyên viên tư vấn, executive english personal trainer, tư vấn viên, consultant, senior consultant, counsellor","giáo dục, đào tạo",20 tr - 30 tr vnd,20.0,30.0,vnd,25.0
nhân viên digital marketing,nhân viên chính thức,nhân viên,hà nội,lên đến 1 năm,"marketer, marketing executive, chuyên viên pr marketing, chuyên viên social media, chuyên viên marketing online, nhân viên marketing online, nhân viên digital marketing, marketing operations officer, online marketing executive, nhân viên marketing, marketing specialist","tiếp thị, marketing",10 tr - 12 tr vnd,10.0,12.0,vnd,11.0
nhân viên chứng từ khai báo hải quan,nhân viên chính thức,nhân viên,hồ chí minh,1 - 2 năm,"nhân viên khai thuế hải quan, logistic executive, documentation staff, opration","xuất nhập khẩu, kinh doanh, bán hàng, vận hành sản xuất, sản xuất",9 tr - 13 tr vnd,9.0,13.0,vnd,11.0
video editor,nhân viên chính thức,nhân viên,hồ chí minh,1 - 5 năm,"video editor, nhân viên quay dựng, biên tập viên, nhân viên biên tập tin nội bộ, nhân viên quay phim","marketing, y tế, thẩm mỹ, làm đẹp, tiếp thị, chăm sóc sức khỏe",12 tr - 15 tr vnd,12.0,15.0,vnd,13.5
116189 chief of general affairs trading,nhân viên chính thức,quản lý,hồ chí minh,5 - 7 năm,Unknown,"kinh doanh, bán sỉ, bán hàng, bán lẻ","15 tr - 22,5 tr vnd",15.0,22.5,vnd,18.75
unity developer,nhân viên chính thức,nhân viên,hồ chí minh,trên 2 năm,"unity developer, lập trình",cntt - phần mềm,12 tr - 40 tr vnd,12.0,40.0,vnd,26.0
senior technical support engineer trainer,nhân viên chính thức,nhân viên,bình dương,trên 3 năm,"kỹ sư kỹ thuật, kỹ sư hỗ trợ kỹ thuật, senior technical support engineer & trainer forklifts, technical engineer, crane, technical assurance engineer","ô tô, cơ khí, tự động hóa",15 tr - 20 tr vnd,15.0,20.0,vnd,17.5
video editor,nhân viên chính thức,nhân viên,hồ chí minh,1 - 2 năm,"biên tập viên, nhân viên biên tập tin nội bộ","truyền hình, marketing, biên tập, nghệ thuật, thiết kế, mỹ thuật, tiếp thị, báo chí",12 tr - 14 tr vnd,12.0,14.0,vnd,13.0
retail operations support specialist,nhân viên chính thức,nhân viên,hồ chí minh,2 - 5 năm,Unknown,"ngành khác, bán sỉ, bán lẻ, kinh doanh, bán hàng",15 tr - 25 tr vnd,15.0,25.0,vnd,20.0
nhân viên it helpdesk,nhân viên chính thức,nhân viên,hồ chí minh,1 - 2 năm,Unknown,"dược phẩm, bán sỉ, hóa mỹ phẩm, bán lẻ, cntt - phần mềm",10 tr - 15 tr vnd,10.0,15.0,vnd,12.5
115769 chinese speaking sales engineer semiconductors kỹ sư kinh doanh thiết bị bán dẫn,nhân viên chính thức,nhân viên,hà nội,không yêu cầu,"semiconductors, sales engineer, technical sales engineer, chinese speaking sales engineer semiconductors kỹ sư kinh doanh thiết bị bán dẫn, kỹ sư bán hàng, kỹ sư kinh doanh","cơ khí, qc), tự động hóa, kinh doanh, ô tô, bán hàng, quản lý chất lượng (qa",18 tr - 23 tr vnd,18.0,23.0,vnd,20.5
internal audit nhân viên kiểm toán nội bộ,nhân viên chính thức,nhân viên,đồng nai,1 - 2 năm,"audit, internal audit, internal auditor, kiểm toán nội bộ, kiểm toán viên","thực phẩm & đồ uống, kế toán, kiểm toán","8,5 tr - 8,7 tr vnd",8.5,8.7,vnd,8.6
editor intern,thực tập,"sinh viên, thực tập sinh",hồ chí minh,không yêu cầu,"biên tập viên, nhân viên biên tập tin nội bộ, editor","truyền hình, nghệ thuật, biên tập, mới tốt nghiệp, thiết kế, thực tập, mỹ thuật, báo chí",1 tr - 3 tr vnd,1.0,3.0,vnd,2.0
test technician test engineer,nhân viên chính thức,nhân viên,hưng yên,5 - 10 năm,Unknown,"điện, tư vấn, điện tử, điện lạnh, điện công nghiệp",30 tr - 40 tr vnd,30.0,40.0,vnd,35.0
đồng nai quản lý kinh doanh khu vực,nhân viên chính thức,"trưởng nhóm , giám sát",đồng nai,1 - 2 năm,"area sales manager out of home channel, đồng nai quản lý kinh doanh khu vực, area account supervisor, account director, trưởng bán hàng vùng, giám đốc phát triển kinh doanh, business director, digital business development manager, senior group account manager, sales marketing director, etc supervisor","tư vấn, đầu tư, kinh doanh, bán hàng, tài chính",15 tr - 40 tr vnd,15.0,40.0,vnd,27.5
nvkd khách đoàn du lịch nước ngoài chi nhánh saigontourist nha trang,nhân viên chính thức,nhân viên,khánh hòa,chưa có kinh nghiệm,"nvkd khách đoàn du lịch nước ngoài chi nhánh saigontourist nha trang, thu ngân, đại diện kinh doanh, đại diện bán hàng, saler, sales representative, mỹ phẩm, nhân viên kinh doanh, salesman, nhân viên bán hàng, thời trang","tư vấn, bán hàng, du lịch, kinh doanh",trên 5 tr vnd,5.0,0.0,vnd,2.5
solidworks cad design engineer,nhân viên chính thức,nhân viên,hồ chí minh,trên 2 năm,"solidworks & cad design engineer, nhân viên phòng khai thác phát triển mẫu, nhân viên cad 3d, họa viên, web designer, formwork specialist, designer, trợ lý chế tạo khuôn mẫu, exterior, nhân viên thiết kế khuôn mẫu ngành nhựa, nhân viên thiết kế","nghệ thuật, cơ khí, thiết kế, xây dựng, mỹ thuật, tự động hóa, ô tô",14 tr - 17 tr vnd,14.0,17.0,vnd,15.5
117411 technical sales engineer machinery kỹ sư bán hàng ngành máy móc,nhân viên chính thức,nhân viên,hà nội,trên 2 năm,"kỹ sư kinh doanh, technical sales engineer machinery kỹ sư bán hàng ngành máy móc, technical sales engineer, kỹ sư bán hàng, technical sales, sales engineer","điện, cơ khí, điện tử, điện lạnh, tự động hóa, điện công nghiệp, ô tô, bán hàng kỹ thuật",20 tr - 22 tr vnd,20.0,22.0,vnd,21.0
developer fullstack,nhân viên chính thức,nhân viên,hà nội,1 - 5 năm,"developer fullstack, lập trình","cntt - phần cứng, mạng, cntt - phần mềm","1,300 - 2,100 usd",32.5,52.5,usd,42.5
nhân viên kinh doanh chi nhánh saigontourist tiền giang,nhân viên chính thức,nhân viên,tiền giang,trên 1 năm,"sales executive, nhân viên phòng kinh doanh, chuyên viên kinh doanh, đại diện bán hàng, đại diện kinh doanh, sales engineer, sales dept, nhân viên kinh doanh chi nhánh saigontourist tiền giang, telesales, salesman, nhân viên bán hàng",du lịch,"trên 5,5 tr vnd",5.5,0.0,vnd,2.75
training specialist sport fashion retail,nhân viên chính thức,nhân viên,hồ chí minh,2 - 3 năm,Unknown,"dệt may, da giày, bán sỉ, bán lẻ, giáo dục, đào tạo, thời trang","800 - 1,000 usd",20.0,25.0,usd,22.5
product owner digital customer,nhân viên chính thức,nhân viên,hồ chí minh,3 - 5 năm,"online, product owner digital customer, social media","đầu tư, tài chính, ngân hàng, cntt - phần mềm","1,000 - 1,700 usd",25.0,42.5,usd,33.75
nhân viên kế hoạch supply chain,nhân viên chính thức,nhân viên,hồ chí minh,1 - 2 năm,"chuyên viên kế hoạch, nhân viên kế hoạch supply chain xnk, planning specialist","đồ gỗ, vận hành sản xuất, sản xuất, xuất nhập khẩu",9 tr - 13 tr vnd,9.0,13.0,vnd,11.0
chuyên viên tập sự khách hàng doanh nghiệp phòng giao dịch chư sê cn gia lai,thực tập,"sinh viên, thực tập sinh",gia lai,không yêu cầu,chuyên viên tập sự khách hàng doanh nghiệp phòng giao dịch chư sê cn. gia lai cnlt.,"ngân hàng, đầu tư, kinh doanh, bán hàng, tài chính","2,5 tr - 15 tr vnd",2.5,15.0,vnd,8.75
kỹ sư triển khai điện nhẹ,nhân viên chính thức,nhân viên,hà nội,1 - 5 năm,"kỹ sư điện tử viễn thông, nhân viên kỹ thuật điện tử, kỹ sư triển khai điện nhẹ, kỹ sư điện, kỹ thuật điện điện tử, kỹ sư me, điện điện tử, hệ thống điện",xây dựng,13 tr - 15 tr vnd,13.0,15.0,vnd,14.0
senior supervisor hr recruitment and training,nhân viên chính thức,nhân viên,hồ chí minh,5 - 10 năm,Unknown,"thực phẩm & đồ uống, bán sỉ, bán lẻ, vận hành sản xuất, sản xuất",15 tr - 20 tr vnd,15.0,20.0,vnd,17.5
service engineer,nhân viên chính thức,nhân viên,hồ chí minh,không yêu cầu,hỗ trợ kỹ thuật,"điện, sửa chữa, hóa học, bảo trì, điện tử, điện lạnh, điện công nghiệp",10 tr - 20 tr vnd,10.0,20.0,vnd,15.0
user acquisition,nhân viên chính thức,nhân viên,hà nội,trên 2 năm,"accountant and administrative staff, chuyên viên kế toán chuyên quản, credit accountant, accounting executive, user acquisition senior, accountant cum office admin, nhân viên kế toán vật tư, nhân viên kế toán nhà máy, nhân viên phòng kế toán, kế toán kho vận, cán bộ tài chính kế toán",cntt - phần mềm,lên đến 30 tr vnd,0.0,30.0,vnd,15.0
strategy investment trainee,thực tập,mới tốt nghiệp,hồ chí minh,không yêu cầu,Unknown,"kế toán, đầu tư, kiểm toán, giáo dục, tài chính, đào tạo",5 tr - 8 tr vnd,5.0,8.0,vnd,6.5
hà nội điện biên lào cai chuyên viên tư vấn bảo hiểm kênh ngân hàng vietinbank,nhân viên chính thức,nhân viên,hà nội,1 - 5 năm,"insurance counselor, hà nội điện biên lào cai chuyên viên tư vấn bảo hiểm kênh ngân hàng vietinbank, insurance consultant, nhân viên tư vấn vay tiêu dùng, tư vấn viên bảo hiểm, nhân viên tư vấn bảo hiểm","kinh doanh, bán hàng, bảo hiểm, ngân hàng",8 tr - 12 tr vnd,8.0,12.0,vnd,10.0
mechanical process engineer,nhân viên chính thức,nhân viên,hồ chí minh,2 - 5 năm,Unknown,"cơ khí, tự động hóa, ô tô, vận hành sản xuất, sản xuất",15 tr - 25 tr vnd,15.0,25.0,vnd,20.0
chuyên viên đào tạo training,nhân viên chính thức,nhân viên,hà nội,1 - 2 năm,Unknown,"kinh doanh, giáo dục, bán hàng, dịch vụ khách hàng, đào tạo",9 tr - 11 tr vnd,9.0,11.0,vnd,10.0
nhân viên digital marketing,nhân viên chính thức,nhân viên,hồ chí minh,1 - 2 năm,Unknown,"tiếp thị, marketing",8 tr - 10 tr vnd,8.0,10.0,vnd,9.0
internal auditor – internal audit department h o,nhân viên chính thức,nhân viên,hồ chí minh,1 - 3 năm,"it auditor, internal auditor, internal auditor in charge of information technology it– internal audit department h.o, kiểm toán viên, chuyên viên kiểm toán, auditor","kế toán, kiểm toán, mạng, cntt - phần cứng, cntt - phần mềm",650 - 850 usd,16.25,21.25,usd,18.75
global digital marketing,nhân viên chính thức,nhân viên,hà nội,3 - 5 năm,"online, social media, global digital marketing e commerce",thương mại điện tử,15 tr - 25 tr vnd,15.0,25.0,vnd,20.0
nhân viên kinh doanh đồng nai,nhân viên chính thức,nhân viên,đồng nai,không yêu cầu,Unknown,"mới tốt nghiệp, cơ khí, thực tập, tự động hóa, kinh doanh, ô tô, bán hàng",8 tr - 30 tr vnd,8.0,30.0,vnd,19.0
software technical support,nhân viên chính thức,nhân viên,hồ chí minh,1 - 2 năm,"technical support specialist, business analyst, consultant",cntt - phần mềm,10 tr - 15 tr vnd,10.0,15.0,vnd,12.5
senior it business analyst,nhân viên chính thức,nhân viên,hồ chí minh,3 - 5 năm,"tms, software business analyst, senior it business analyst logistics domain, it business support analyst",cntt - phần mềm,"1,000 - 2,000 usd",25.0,50.0,usd,37.5
kiến trúc sư kỹ thuật revit id25706,nhân viên chính thức,nhân viên,hà nội,trên 1 năm,"cadddesigner, civil engineer, draftsman, họa viên kiến trúc, architect, architectural drafter, nhân viên thiết kế kiến trúc, architectural, site engineer, structural drafter, kiến trúc sư kỹ thuật revit id","kiến trúc, nội ngoại thất, xây dựng",12 tr - 15 tr vnd,12.0,15.0,vnd,13.5
115426 electrical installation engineer construction,nhân viên chính thức,nhân viên,quảng ninh,trên 7 năm,"lắp đặt điện, electrical installation engineer, installation, electrical engineer, kỹ sư điện, xây dựng","điện, xây dựng, điện tử, điện lạnh, điện công nghiệp",30 tr - 38 tr vnd,30.0,38.0,vnd,34.0
scientific affairs officer,nhân viên chính thức,nhân viên,hà nội,trên 1 năm,"medical devices, in vitro diagnostic, ivd, ivd industry, scientific, reagents, moh","y tế, hóa học, thẩm mỹ, làm đẹp, chăm sóc sức khỏe, công nghệ sinh học",lên đến 40 tr vnd,0.0,40.0,vnd,20.0
senior full stack developer,nhân viên chính thức,"trưởng nhóm , giám sát",hồ chí minh,2 - 5 năm,"lập trình, senior full stack developer",cntt - phần mềm,25 tr - 45 tr vnd,25.0,45.0,vnd,35.0
trưởng phòng digital marketing mảng thẩm mỹ,nhân viên chính thức,quản lý,hà nội,3 - 5 năm,Unknown,"quản lý điều hành, đối ngoại, truyền thông, quảng cáo",30 tr - 45 tr vnd,30.0,45.0,vnd,37.5
sales engineer,nhân viên chính thức,nhân viên,bình dương,1 - 3 năm,"service engineer, thanh thanh cong joint stock company, thổ tùng, kỹ sư bán hàng, sales engineer automation, kỹ sư kinh doanh","kinh doanh, bán hàng","800 - 1,500 usd",20.0,37.5,usd,28.75
maintenance engineer kỹ sư bảo trì,nhân viên chính thức,nhân viên,hồ chí minh,1 - 2 năm,Unknown,"sửa chữa, cơ khí, bảo trì, tự động hóa, ô tô",12 tr - 16 tr vnd,12.0,16.0,vnd,14.0
assistant store manager sc vivo city quận 7,nhân viên chính thức,"trưởng nhóm , giám sát",hồ chí minh,2 - 3 năm,"retail store manager, store manager, assistant key account manager, trợ lý giám sát bán hàng, store assistant, assistant store manager department leader retail sc vivo city quận","bán sỉ, bán hàng, bán lẻ, kinh doanh",14 tr - 18 tr vnd,14.0,18.0,vnd,16.0
kĩ thuật đội xe container,nhân viên chính thức,"trưởng nhóm , giám sát",hưng yên,trên 5 năm,Unknown,"sửa chữa, cơ khí, bảo trì, giao nhận, vận chuyển, tự động hóa, ô tô, kho vận",500 - 800 usd,12.5,20.0,usd,16.25
tổng đài chăm sóc khách hàng hãng hàng không vietjet air không yêu cầu kinh nghiệm hỗ trợ mộc thực tập,nhân viên chính thức,nhân viên,hồ chí minh,không yêu cầu, tổng đài chăm sóc khách hàng hãng hàng không vietjet air không yêu cầu kinh nghiệm hỗ trợ mộc thực tập,"hàng không, dịch vụ khách hàng",7 tr - 8 tr vnd,7.0,8.0,vnd,7.5
project engineer,nhân viên chính thức,nhân viên,hồ chí minh,1 - 4 năm,"giám sát dự án, vina takeuchi","cơ khí, kiến trúc, xây dựng, tự động hóa, ô tô",10 tr - 15 tr vnd,10.0,15.0,vnd,12.5
nhân viên khai báo hải quan,nhân viên chính thức,nhân viên,hà nội,trên 3 năm,Unknown,xuất nhập khẩu,12 tr - 16 tr vnd,12.0,16.0,vnd,14.0
chuyên viên ub phòng giao dịch pleiku cn gia lai,nhân viên chính thức,nhân viên,gia lai,không yêu cầu,chuyên viên ub phòng giao dịch pleiku cn. gia lai cnlt.,"ngân hàng, đầu tư, kinh doanh, bán hàng, tài chính",9 tr - 35 tr vnd,9.0,35.0,vnd,22.0
nhân viên video editor,nhân viên chính thức,nhân viên,hồ chí minh,1 - 2 năm,"nhân viên video editor, nhân viên biên tập tin nội bộ, biên tập viên","marketing, nghệ thuật, thiết kế, tiếp thị trực tuyến, mỹ thuật, tiếp thị",lên đến 16 tr vnd,0.0,16.0,vnd,8.0
chuyên viên ub phòng giao dịch chư sê cn gia lai,nhân viên chính thức,nhân viên,gia lai,không yêu cầu,chuyên viên ub phòng giao dịch chư sê cn. gia lai cnlt.,"ngân hàng, đầu tư, kinh doanh, bán hàng, tài chính",9 tr - 35 tr vnd,9.0,35.0,vnd,22.0
maintenance engineer,nhân viên chính thức,nhân viên,hà nội,trên 1 năm,"nhân viên bảo trì, chuyên viên bảo trì, maintenance man, kỹ sư bảo trì, maintenance engineer","sản xuất, vận hành sản xuất, bảo trì, sửa chữa",18 tr - 28 tr vnd,18.0,28.0,vnd,23.0
ai project manager,nhân viên chính thức,quản lý,hà nội,3 - 5 năm,"thư ký công trường, site secretary, phó ban quản lý dự án, agile, trưởng ban quản lý dự án, ai project manager",cntt - phần mềm,35 tr - 50 tr vnd,35.0,50.0,vnd,42.5
thủ kho đồng nai,nhân viên chính thức,nhân viên,đồng nai,1 - 2 năm,Unknown,"giao nhận, vận chuyển, kho vận",10 tr - 12 tr vnd,10.0,12.0,vnd,11.0
crm email marketing,nhân viên chính thức,nhân viên,hà nội,1 - 2 năm,Unknown,"tiếp thị, marketing",15 tr - 25 tr vnd,15.0,25.0,vnd,20.0
nhân viên it helpdesk,nhân viên chính thức,nhân viên,bình dương,2 - 3 năm,"& it, phụ trách kỹ thuật, it staff, it support staff, service engineer, nhân viên hỗ trợ kỹ thuật, it support assistant, nhân viên it helpdesk, it support, technical assistant, it officer","cntt - phần cứng, mạng, cntt - phần mềm",10 tr - 13 tr vnd,10.0,13.0,vnd,11.5
senior recruiter,nhân viên chính thức,nhân viên,hà nội,2 - 5 năm,"chuyên viên tuyển dụng, nhân viên tuyển dụng, executive recruitment, senior recruiter định hướng phát triển hrbp thu nhập upto triệu","thư ký, hành chính, nhân sự",15 tr - 20 tr vnd,15.0,20.0,vnd,17.5
kỹ sư triển khai shop drawing kết cấu thép,nhân viên chính thức,nhân viên,hồ chí minh,2 - 3 năm,"xà gồ, tekla, shop drawing kết cấu thép, triển khai bản vẽ shop tôn diềm, phần mềm tekla","ô tô, xây dựng, cơ khí, tự động hóa",16 tr - 19 tr vnd,16.0,19.0,vnd,17.5
it support phần mềm,nhân viên chính thức,nhân viên,hồ chí minh,2 - 3 năm,Unknown,cntt - phần mềm,16 tr - 17 tr vnd,16.0,17.0,vnd,16.5
maintenance staff,nhân viên chính thức,nhân viên,long an,1 - 3 năm,Unknown,"vận hành sản xuất, sản xuất",10 tr - 20 tr vnd,10.0,20.0,vnd,15.0
nhân viên digital marketing zalo ads,nhân viên chính thức,nhân viên,hà nội,1 - 2 năm,"marketer, marketing executive, chuyên viên pr marketing, chuyên viên social media, chuyên viên marketing online, nhân viên marketing online, marketing specialist, marketing operations officer, online marketing executive, nhân viên marketing, nhân viên digital marketing zalo ads","tiếp thị, marketing, tiếp thị trực tuyến",10 tr - 15 tr vnd,10.0,15.0,vnd,12.5
vietjet air tổng đài viên chăm sóc khách hàng,nhân viên chính thức,nhân viên,hồ chí minh,không yêu cầu,"tân bình, vietjet air tổng đài viên chăm sóc khách hàng, chăm sóc khách hàng",dịch vụ khách hàng,8 tr - 9 tr vnd,8.0,9.0,vnd,8.5
giám sát cơ khí maintenance senior supervisor,nhân viên chính thức,"trưởng nhóm , giám sát",gia lai,2 - 10 năm,Unknown,"ô tô, cơ khí, tự động hóa",10 tr - 20 tr vnd,10.0,20.0,vnd,15.0
retail channel manager quản lý chuỗi bán lẻ,nhân viên chính thức,"trưởng nhóm , giám sát",bình dương,3 - 5 năm,Unknown,"marketing, bán sỉ, bán lẻ, kinh doanh, tiếp thị, bán hàng","1,000 - 1,300 usd",25.0,32.5,usd,28.75
airfreight operation specialist,nhân viên chính thức,nhân viên,hồ chí minh,3 - 5 năm,Unknown,"dịch vụ khách hàng, xuất nhập khẩu",15 tr - 20 tr vnd,15.0,20.0,vnd,17.5
117535 legal affair staff construction,nhân viên chính thức,nhân viên,hồ chí minh,3 - 5 năm,Unknown,"kiến trúc, xây dựng",23 tr - 23 tr vnd,23.0,23.0,vnd,23.0
nhân viên seo website,nhân viên chính thức,nhân viên,hà nội,không yêu cầu,"marketer, marketing executive, chuyên viên pr marketing, chuyên viên social media, nhân viên marketing online, chuyên viên marketing online, marketing operations officer, nhân viên seo website, online marketing executive, nhân viên marketing, marketing specialist","truyền hình, marketing, truyền thông, biên tập, đối ngoại, quảng cáo, tiếp thị, báo chí",lên đến 16 tr vnd,0.0,16.0,vnd,8.0
it application support crm,nhân viên chính thức,nhân viên,hồ chí minh,1 - 3 năm,"nhân viên it, it manager, it staff, it application support crm junior, service engineer, chuyên viên it, nhân viên hỗ trợ kỹ thuật, it support assistant, it support, technical assistant, it helpdesk","cntt - phần cứng, mạng, cntt - phần mềm","700 - 1,200 usd",17.5,30.0,usd,23.75
automation sales engineer,nhân viên chính thức,nhân viên,hà nội,1 - 20 năm,"automation sales engineer, automation, inverter, kỹ sư kinh doanh","kinh doanh, điện, điện tử, điện lạnh, điện công nghiệp, bán hàng",13 tr - 20 tr vnd,13.0,20.0,vnd,16.5
digital marketing,nhân viên chính thức,nhân viên,hà nội,2 - 3 năm,Unknown,"marketing, truyền thông, đối ngoại, quảng cáo, chăm sóc cá nhân, tiếp thị, hàng gia dụng",11 tr - 14 tr vnd,11.0,14.0,vnd,12.5
chuyên viên media video editor,nhân viên chính thức,nhân viên,hồ chí minh,trên 1 năm,"video editor quay phim chụp ảnh, biên tập viên, nhân viên biên tập tin nội bộ, chuyên viên media","truyền hình, truyền thông, biên tập, đối ngoại, quảng cáo, báo chí",10 tr - 15 tr vnd,10.0,15.0,vnd,12.5
software engineer,nhân viên chính thức,nhân viên,bình dương,1 - 5 năm,"lập trình viên, software engineer, php",cntt - phần mềm,15 tr - 23 tr vnd,15.0,23.0,vnd,19.0
quản lý trung tâm ngoại ngữ đồng nai bà rịa vũng tàu,nhân viên chính thức,quản lý,đồng nai,2 - 3 năm,Unknown,"quản lý điều hành, kinh doanh, giáo dục, bán hàng, đào tạo",15 tr - 20 tr vnd,15.0,20.0,vnd,17.5
audit admin cum internal trainer kiểm định đào tạo nội bộ,nhân viên chính thức,nhân viên,hồ chí minh,2 - 4 năm,"chuyên viên đào tạo, trainer, kiểm định chất lượng, customer service operation, audit admin cum internal trainer kiểm định & đào tạo nội bộ, kiểm soát nội bộ","quản lý điều hành, dịch vụ khách hàng, qc), quản lý chất lượng (qa",15 tr - 20 tr vnd,15.0,20.0,vnd,17.5
chuyên viên tư vấn và triển khai,nhân viên chính thức,nhân viên,hà nội,2 - 3 năm,"consultant executive, chuyên viên tư vấn và triển khai, nhân viên tư vấn, tư vấn viên, consultant, counsellor","thương mại điện tử, cntt - phần mềm",15 tr - 25 tr vnd,15.0,25.0,vnd,20.0
chuyên viên tập sự ub phòng giao dịch pleiku cn gia lai,thực tập,"sinh viên, thực tập sinh",gia lai,không yêu cầu,chuyên viên tập sự ub cn. gia lai cnlt.,"ngân hàng, đầu tư, kinh doanh, bán hàng, tài chính","2,5 tr - 15 tr vnd",2.5,15.0,vnd,8.75
115670 process engineering leader water treatment,nhân viên chính thức,"trưởng nhóm , giám sát",hồ chí minh,5 - 10 năm," process engineering leader water treatment, kỹ sư quy trình","xây dựng, vận hành sản xuất, sản xuất",30 tr - 40 tr vnd,30.0,40.0,vnd,35.0
tổng đài chăm sóc khách hàng hãng hàng không vietjet air,nhân viên chính thức,nhân viên,hồ chí minh,không yêu cầu, tổng đài chăm sóc khách hàng hãng hàng không vietjet air,dịch vụ khách hàng,"7 tr - 7,5 tr vnd",7.0,7.5,vnd,7.25
phó phòng chất lượng deputy quality manager,nhân viên chính thức,quản lý,bình dương,3 - 5 năm,Unknown,"thực phẩm & đồ uống, dinh dưỡng, qc), công nghệ thực phẩm, quản lý chất lượng (qa",20 tr - 30 tr vnd,20.0,30.0,vnd,25.0
trưởng nhóm kinh doanh tại hoàng mai hà nội,nhân viên chính thức,"trưởng nhóm , giám sát",hà nội,trên 3 năm,"nhân viên bán hàng trực tiếp, trưởng phòng kinh doanh, giám đốc kinh doanh, trưởng nhóm kinh doanh tại hoàng mai hà nội, nhân viên phòng, tư vấn viên bán hàng, nhân viên kinh doanh, chăm sóc khách hàng, kỹ sư bán hàng, kỹ sư kinh doanh","quản lý điều hành, bán sỉ, bán lẻ, kinh doanh, bán hàng",10 tr - 50 tr vnd,10.0,50.0,vnd,30.0
115191 junior hvac engineer construction,nhân viên chính thức,nhân viên,hồ chí minh,6 - 10 năm,"kỹ sư điện đhkk, heating ventillation air conditioning, air conditioning engineer, kỹ sư cơ điện lạnh điều hòa không khí, kỹ sư điện nhiệt lạnh, kỹ sư điện điều hòa không khí, junior hvac engineer construction","kiến trúc, xây dựng",20 tr - 25 tr vnd,20.0,25.0,vnd,22.5
nhân viên digital performance tiktok shop,nhân viên chính thức,nhân viên,hà nội,1 - 2 năm,"online, nhân viên digital marketing, social media, digital, nhân viên digital performance tiktok shop","marketing, truyền thông, đối ngoại, quảng cáo, tiếp thị trực tuyến, tiếp thị",10 tr - 12 tr vnd,10.0,12.0,vnd,11.0
chuyên viên tập sự khách hàng cá nhân cn xuân mai,nhân viên chính thức,"sinh viên, thực tập sinh",hà nội,không yêu cầu,chuyên viên tập sự khách hàng cá nhân cn. hoài đức cnlt.,"bán sỉ, bảo hiểm, bán lẻ, ngân hàng",5 tr - 15 tr vnd,5.0,15.0,vnd,10.0
triển khai kiến trúc 2d,nhân viên chính thức,nhân viên,hồ chí minh,1 - 2 năm,"cadddesigner, civil engineer, draftsman, architect, architectural drafter, họa viên, site engineer, structural drafter","kiến trúc, nội ngoại thất, xây dựng",20 tr - 30 tr vnd,20.0,30.0,vnd,25.0
devops engineer,nhân viên chính thức,nhân viên,hồ chí minh,2 - 3 năm,"depops, developer, lập trình",cntt - phần mềm,15 tr - 25 tr vnd,15.0,25.0,vnd,20.0
chuyên viên digital marketing,nhân viên chính thức,nhân viên,hà nội,1 - 5 năm,"marketer, marketing executive, chuyên viên pr marketing, chuyên viên social media, chuyên viên marketing online, nhân viên marketing online, marketing operations officer, online marketing executive, chuyên viên digital marketing, nhân viên marketing, marketing specialist","tiếp thị, marketing, bán hàng kỹ thuật, cntt - phần mềm",9 tr - 15 tr vnd,9.0,15.0,vnd,12.0
trưởng phòng ai,nhân viên chính thức,quản lý,hà nội,3 - 5 năm,"trưởng phòng ai, head of office","thương mại điện tử, cntt - phần mềm",35 tr - 50 tr vnd,35.0,50.0,vnd,42.5
hà nội talent acquisition supervisor,nhân viên chính thức,"trưởng nhóm , giám sát",hà nội,3 - 5 năm,"human resource, nhân sự, hr, hà nội recruitment supervisor","bán sỉ, bán lẻ, kinh doanh, nhân sự, bán hàng",17 tr - 20 tr vnd,17.0,20.0,vnd,18.5
chuyên viên triển khai ai,nhân viên chính thức,nhân viên,hà nội,2 - 5 năm,"agile, ai",cntt - phần mềm,25 tr - 35 tr vnd,25.0,35.0,vnd,30.0
giám sát chuyên môn tiếng anh long khánh đồng nai,nhân viên chính thức,"trưởng nhóm , giám sát",đồng nai,2 - 3 năm,Unknown,"giáo dục, đào tạo, biên phiên dịch",14 tr - 18 tr vnd,14.0,18.0,vnd,16.0
nhân viên kinh doanh phát triển thị trường khu vực đồng nai base biên hòa lương cứng 10 15tr hoa hồng,nhân viên chính thức,nhân viên,đồng nai,2 - 5 năm,"sales executive, nhân viên phòng kinh doanh, chuyên viên kinh doanh, nhân viên kinh doanh phát triển thị trường khu vực đồng nai base biên hòa. lương cứng tr + hoa hồng, đại diện bán hàng, đại diện kinh doanh, sales engineer, sales dept, telesales, salesman, nhân viên bán hàng","kinh doanh, bán hàng",15 tr - 35 tr vnd,15.0,35.0,vnd,25.0
video editor,nhân viên chính thức,nhân viên,hà nội,trên 3 năm,"design, media","thiết kế, nghệ thuật, mỹ thuật",15 tr - 19 tr vnd,15.0,19.0,vnd,17.0
chuyên viên digital marketing,nhân viên chính thức,nhân viên,hồ chí minh,không yêu cầu,"marketer, marketing executive, chuyên viên pr marketing, chuyên viên social media, nhân viên marketing online, chuyên viên marketing online, chuyên viên digital marketing lương cứng tối thiểu .. vnđ, marketing operations officer, online marketing executive, nhân viên marketing, marketing specialist","marketing, truyền thông, nghệ thuật, thiết kế, đối ngoại, quảng cáo, mỹ thuật, tiếp thị",13 tr - 15 tr vnd,13.0,15.0,vnd,14.0
nhân viên digital marketing,nhân viên chính thức,nhân viên,hồ chí minh,trên 2 năm,"marketer, marketing executive, chuyên viên pr marketing, chuyên viên social media, chuyên viên marketing online, nhân viên marketing online, nhân viên digital marketing, marketing operations officer, online marketing executive, nhân viên marketing, marketing specialist","marketing, truyền thông, đối ngoại, quảng cáo, tiếp thị trực tuyến, tiếp thị",12 tr - 18 tr vnd,12.0,18.0,vnd,15.0
credit collection executive,nhân viên chính thức,nhân viên,hồ chí minh,2 - 5 năm,"nhân viên tư vấn, chuyên viên tư vấn, tư vấn viên, consultant, senior consultant, credit & collection executive m m, counsellor","đầu tư, bảo hiểm, tài chính, ngân hàng",20 tr - 23 tr vnd,20.0,23.0,vnd,21.5
chuyên viên khách hàng doanh nghiệp phòng giao dịch trảng bom cn đồng nai,nhân viên chính thức,nhân viên,đồng nai,không yêu cầu,chuyên viên khách hàng doanh nghiệp phòng giao dịch tân hòa cn. đồng nai cnlt.,"ngân hàng, đầu tư, kinh doanh, bán hàng, tài chính",10 tr - 35 tr vnd,10.0,35.0,vnd,22.5
kỹ sư lên men fermentation engineer,nhân viên chính thức,nhân viên,đồng nai,3 - 8 năm,"lên men, nhân viên phòng thí nghiệm, kỹ sư vi sinh, chủng vi sinh, fermentation, nhân viên phòng lab","hóa học, công nghệ sinh học",12 tr - 18 tr vnd,12.0,18.0,vnd,15.0
staff engineer,nhân viên chính thức,nhân viên,bình dương,trên 1 năm,Unknown,"điện, sửa chữa, bảo trì, điện tử, điện lạnh, điện công nghiệp, vận hành sản xuất, sản xuất",trên 8 tr vnd,8.0,0.0,vnd,4.0
sbg sales engineer,nhân viên chính thức,nhân viên,hồ chí minh,1 - 3 năm,"service engineer, sbg sales engineer, kỹ sư kinh doanh, kỹ sư bán hàng","kinh doanh, bán hàng, bán hàng kỹ thuật",15 tr - 50 tr vnd,15.0,50.0,vnd,32.5
chuyên viên digital marketing alphanam group,nhân viên chính thức,nhân viên,hà nội,2 - 3 năm,Unknown,"truyền hình, marketing, truyền thông, biên tập, đối ngoại, quảng cáo, tiếp thị, báo chí",18 tr - 23 tr vnd,18.0,23.0,vnd,20.5
chuyên viên digital marketing,nhân viên chính thức,nhân viên,hà nội,3 - 5 năm,"nhân viên seo sem, cộng tác viên sem, digital marketing executive, nhân viên sửa máy, marketing specialist, marketing executive, chuyên viên pr marketing, chuyên viên marketing online, nhân viên marketing online, nhân viên seo, marketing operations officer, nhân viên marketing, chuyên viên social media, cộng tác viên seo, marketing operations specialist, digital marketing staff, online marketing executive, social media marketer, digital marketer, chuyên viên tác nghiệp marketing, digital marketing officer, marketing coordinator, marketing operations executive, offline marketing executive, nhân viên digital marketing, nhân viên marketing kinh doanh, digital marketing specialist, marketer, online marketer","marketing, truyền thông, đối ngoại, quảng cáo, kinh doanh, tiếp thị, bán hàng",18 tr - 20 tr vnd,18.0,20.0,vnd,19.0
chuyên viên digital marketing thu nhập 20 35tr,nhân viên chính thức,nhân viên,hồ chí minh,1 - 4 năm,Unknown,"thẩm mỹ, y tế, chăm sóc sức khỏe, làm đẹp",20 tr - 35 tr vnd,20.0,35.0,vnd,27.5
nhân viên bán hàng minh khai hai bà trưng,nhân viên chính thức,nhân viên,hà nội,1 - 2 năm,Unknown,"tư vấn, bán sỉ, bán lẻ, kinh doanh, bán hàng",10 tr - 20 tr vnd,10.0,20.0,vnd,15.0
nhân viên điều vận container,nhân viên chính thức,nhân viên,hà nội,3 - 5 năm,"nhân viên giao nhận hàng tại cảng, nhân viên giao nhận, trợ lý hậu cần, delivery departmentimport and export assistant, nhân viên hiện trường giao nhận xnk, import export warehouse staff, nhân viên giao nhận quốc tế quốc nội, nhân viên giao nhận nhà máy, air craft service staff","quản lý điều hành, giao nhận, vận chuyển, kho vận",13 tr - 20 tr vnd,13.0,20.0,vnd,16.5
kỹ sư ai bi,nhân viên chính thức,nhân viên,hà nội,trên 1 năm,Unknown,"cntt - phần cứng, mạng, cntt - phần mềm",15 tr - 25 tr vnd,15.0,25.0,vnd,20.0
video editor,nhân viên chính thức,nhân viên,hồ chí minh,không yêu cầu,"video editor, nhân viên biên tập tin nội bộ, biên tập viên","marketing, truyền thông, đối ngoại, quảng cáo, tiếp thị",10 tr - 20 tr vnd,10.0,20.0,vnd,15.0
nvkd khách đoàn du lịch nội địa chi nhánh saigontourist nha trang,nhân viên chính thức,nhân viên,khánh hòa,không yêu cầu,"thu ngân, đại diện kinh doanh, đại diện bán hàng, saler, sales representative, mỹ phẩm, nhân viên kinh doanh, salesman, nvkd khách đoàn du lịch nội địa chi nhánh saigontourist nha trang, nhân viên bán hàng, thời trang","bán sỉ, du lịch, bán lẻ, kinh doanh, bán hàng",trên 5 tr vnd,5.0,0.0,vnd,2.5
editor tiktok,nhân viên chính thức,nhân viên,hà nội,1 - 2 năm,"editor tiktok nhân viên media, biên tập viên, nhân viên biên tập tin nội bộ","giải trí, marketing, truyền thông, đối ngoại, quảng cáo, tiếp thị",12 tr - 15 tr vnd,12.0,15.0,vnd,13.5
customer service english line vietjet air,nhân viên chính thức,nhân viên,hồ chí minh,không yêu cầu," customer service english line call, chat vietjet air","hàng không, dịch vụ khách hàng, biên phiên dịch","8 tr - 8,5 tr vnd",8.0,8.5,vnd,8.25
chuyên viên it,nhân viên chính thức,"trưởng nhóm , giám sát",hà nội,3 - 5 năm,Unknown,"vận hành sản xuất, sản xuất",13 tr - 18 tr vnd,13.0,18.0,vnd,15.5
nhân viên khai báo xuất nhập khẩu,nhân viên chính thức,nhân viên,hưng yên,không yêu cầu,"nhân viên khai báo xuất nhập khẩu, nhân viên xuất nhập khẩu, nhân viên giao nhận xuất nhập khẩu, nhân viên chứng từ xuất nhập khẩu, chuyên viên xuất nhập khẩu",xuất nhập khẩu,trên 10 tr vnd,10.0,0.0,vnd,5.0
it support it service desk msb kcn 3i092,nhân viên chính thức,nhân viên,hải phòng,1 - 2 năm,"nhân viên it, it engineer, it manager, it staff, service engineer, chuyên viên it, nhân viên hỗ trợ kỹ thuật, it support assistant, technical assistant, it helpdesk","cntt - phần cứng, mạng",8 tr - 12 tr vnd,8.0,12.0,vnd,10.0
digital marketing executive,nhân viên chính thức,nhân viên,hà nội,2 - 3 năm,Unknown,"tiếp thị, marketing, khách sạn, nhà hàng",10 tr - 15 tr vnd,10.0,15.0,vnd,12.5
senior digital marketing,nhân viên chính thức,"trưởng nhóm , giám sát",hồ chí minh,trên 5 năm,"online, giám đốc marketing, online marketing manager, digital marketing manager, social media, senior digital marketing","kinh doanh, tiếp thị, marketing, bán hàng",30 tr - 40 tr vnd,30.0,40.0,vnd,35.0
internship fulltime recruiter,thực tập,"sinh viên, thực tập sinh",hồ chí minh,không yêu cầu,"nhân viên thực tập nước ngoài, nhân viên thực tập, thực tập sinh",nhân sự,2 tr - 3 tr vnd,2.0,3.0,vnd,2.5
nhân viên khai báo hải quan,nhân viên chính thức,nhân viên,hải dương,1 - 5 năm,Unknown,xuất nhập khẩu,8 tr - 13 tr vnd,8.0,13.0,vnd,10.5
chuyên viên triển khai vận hành,nhân viên chính thức,nhân viên,hà nội,trên 1 năm,devops engineer,"cntt - phần cứng, mạng, cntt - phần mềm",15 tr - 20 tr vnd,15.0,20.0,vnd,17.5
wood traceability supervisor,nhân viên chính thức,"trưởng nhóm , giám sát",bình dương,3 - 5 năm,Unknown,"đồ gỗ, vận hành sản xuất, sản xuất",30 tr - 35 tr vnd,30.0,35.0,vnd,32.5
it security,nhân viên chính thức,nhân viên,bình dương,3 - 5 năm,Unknown,"điện, mạng, điện tử, điện lạnh, điện công nghiệp, cntt - phần cứng, cntt - phần mềm",25 tr - 35 tr vnd,25.0,35.0,vnd,30.0
chuyên viên tập sự ub phòng giao dịch trảng bom cn đồng nai,thực tập,"sinh viên, thực tập sinh",đồng nai,không yêu cầu,chuyên viên tập sự ub phòng giao dịch trảng bom cn. đồng nai cnlt.,"ngân hàng, đầu tư, kinh doanh, bán hàng, tài chính","2,5 tr - 15 tr vnd",2.5,15.0,vnd,8.75
software sales executive,nhân viên chính thức,nhân viên,hồ chí minh,trên 2 năm,"chuyên viên kinh doanh, sales supervisor, software sales executive, nhân viên kinh doanh, chuyên viên bán hàng, quản lý kinh doanh, nhân viên bán hàng","kinh doanh, bán hàng, tư vấn, cntt - phần mềm",18 tr - 40 tr vnd,18.0,40.0,vnd,29.0
data lead,nhân viên chính thức,nhân viên,hồ chí minh,1 - 3 năm,Unknown,"marketing, bán sỉ, bán lẻ, kinh doanh, tiếp thị, bán hàng",lên đến 25 tr vnd,0.0,25.0,vnd,12.5
kỹ sư thiết kế cơ khí r d mechanical design engineer,nhân viên chính thức,nhân viên,hưng yên,2 - 10 năm,Unknown,"điện, cơ khí, điện tử, điện lạnh, tự động hóa, điện công nghiệp, ô tô, vận hành sản xuất, sản xuất","500 - 1,500 usd",12.5,37.5,usd,25.0
chuyên viên digital marketing,nhân viên chính thức,nhân viên,hà nội,3 - 5 năm,"marketer, marketing executive, chuyên viên pr marketing, chuyên viên social media, chuyên viên marketing online, nhân viên marketing online, marketing operations officer, online marketing executive, chuyên viên digital marketing, nhân viên marketing, marketing specialist","truyền hình, marketing, biên tập, truyền thông, đối ngoại, quảng cáo, tiếp thị, báo chí",13 tr - 18 tr vnd,13.0,18.0,vnd,15.5
back end developer,nhân viên chính thức,nhân viên,hồ chí minh,1 - 3 năm,"back end developer salesforce experience, lập trình",cntt - phần mềm,14 tr - 16 tr vnd,14.0,16.0,vnd,15.0
nhân viên kỹ thuật rạp beta lào cai,nhân viên chính thức,mới tốt nghiệp,lào cai,không yêu cầu,"kỹ thuật viên bảo trì, nhân viên kỹ thuật bảo trì","điện, sửa chữa, bảo trì, điện tử, điện lạnh, điện công nghiệp",7 tr - 9 tr vnd,7.0,9.0,vnd,8.0
robotics technical engineer fluent in chinese english,nhân viên chính thức,nhân viên,hà nội,lên đến 3 năm," robotics technical engineer fluent in chinese & english fresh candidates are also welcome, technical assurance engineer, technical support engineer","ô tô, cơ khí, tự động hóa",15 tr - 33 tr vnd,15.0,33.0,vnd,24.0
digital marketing manager,nhân viên chính thức,quản lý,hồ chí minh,7 - 10 năm,Unknown,"marketing, truyền thông, đối ngoại, quảng cáo, tiếp thị, giáo dục, đào tạo",60 tr - 80 tr vnd,60.0,80.0,vnd,70.0
sale engineer hà nội bắc ninh vĩnh phúc,nhân viên chính thức,nhân viên,hà nội,lên đến 2 năm,"tư vấn kinh doanh, sale engineer nhân viên bán hàng kỹ thuật hà nội bắc ninh vĩnh phúc, đại diện kinh doanh, đại diện bán hàng, tư vấn bán hàng, sales representative, nvkd, nhân viên kinh doanh, salesman, bán hàng","cơ khí, bán sỉ, bán lẻ, tự động hóa, kinh doanh, ô tô, bán hàng",11 tr - 20 tr vnd,11.0,20.0,vnd,15.5
digital marketing executive,nhân viên chính thức,nhân viên,hồ chí minh,1 - 2 năm,"marketer, marketing executive, chuyên viên pr marketing, digital marketing executive, chuyên viên marketing online, chuyên viên social media, nhân viên marketing online, marketing operations officer, online marketing executive, nhân viên marketing, marketing specialist","tiếp thị trực tuyến, giáo dục, đào tạo",12 tr - 15 tr vnd,12.0,15.0,vnd,13.5
pqc engineer,nhân viên chính thức,nhân viên,hồ chí minh,2 - 4 năm,"nhân viên kiểm thử phần mềm, software tester, quality control, nhân viên kiểm định phần mềm, tester, nhân viên quản lý chất lượng phần mềm, pqc engineer, qa engineer","qc), quản lý chất lượng (qa",10 tr - 14 tr vnd,10.0,14.0,vnd,12.0
117985 sales engineer electrical,nhân viên chính thức,nhân viên,hồ chí minh,trên 3 năm,"service engineer, channel sales engineer electrical, kỹ sư kinh doanh, kỹ sư bán hàng","điện công nghiệp, điện lạnh, điện, điện tử",30 tr - 40 tr vnd,30.0,40.0,vnd,35.0
digital marketing,nhân viên chính thức,nhân viên,hà nội,1 - 2 năm,"online, social media, digital marketingads","marketing, truyền thông, đối ngoại, quảng cáo, thương mại điện tử, tiếp thị",14 tr - 20 tr vnd,14.0,20.0,vnd,17.0
116119 korean or chinese speaking sales engineer kỹ sư kinh doanh water treatment system,nhân viên chính thức,nhân viên,hồ chí minh,1 - 7 năm," korean or chinese speaking sales engineer kỹ sư kinh doanh water treatment system, sales engineer, technical sales engineer","cơ khí, tự động hóa, ô tô, vận hành sản xuất, sản xuất",50 tr - 60 tr vnd,50.0,60.0,vnd,55.0
video editor,nhân viên chính thức,nhân viên,hồ chí minh,1 - 2 năm,"video editor, editor","truyền hình, marketing, biên tập, truyền thông, đối ngoại, quảng cáo, tiếp thị, báo chí",10 tr - 15 tr vnd,10.0,15.0,vnd,12.5
it support,nhân viên chính thức,mới tốt nghiệp,hồ chí minh,không yêu cầu,Unknown,"cntt - phần cứng, mạng, cntt - phần mềm",11 tr - 16 tr vnd,11.0,16.0,vnd,13.5
giám đốc tư vấn sản phẩm đồng nai,nhân viên chính thức,"trưởng nhóm , giám sát",đồng nai,trên 2 năm,"quản đốc sản xuất, giám đốc tư vấn sản phẩm academic product manager đồng nai, production controller, production assistant manager, giám sát sản xuất, production manager, quản lý sản xuất, manufacturing manager","tư vấn, kinh doanh, giáo dục, bán hàng, đào tạo",15 tr - 20 tr vnd,15.0,20.0,vnd,17.5
building maintenance technician nhân viên bảo trì toà nhà nhân viên kỹ thuật,nhân viên chính thức,nhân viên,hồ chí minh,1 - 2 năm,nhân viên bảo trì tòa nhà,"điện, sửa chữa, bảo trì, điện tử, điện lạnh, điện công nghiệp",trên 9 tr vnd,9.0,0.0,vnd,4.5
nhân viên it hefp desk support,nhân viên chính thức,nhân viên,hà nội,trên 2 năm,"it engineer, it staff, it support, it helpdesk, it officer","cntt - phần cứng, mạng, cntt - phần mềm",9 tr - 13 tr vnd,9.0,13.0,vnd,11.0
it,nhân viên chính thức,nhân viên,đồng nai,trên 1 năm,Unknown,"cntt - phần cứng, mạng, cntt - phần mềm",trên 8 tr vnd,8.0,0.0,vnd,4.0
kỹ sư điện – m e engineer,nhân viên chính thức,nhân viên,hà nội,trên 1 năm,"kỹ sư điện – m.e. engineer, kỹ sư m&e, electrical engineer, kỹ sư giám sát điện, kỹ sư điện, kỹ sư cơ điện công trình","điện, sửa chữa, cơ khí, bảo trì, điện tử, điện lạnh, tự động hóa, điện công nghiệp, ô tô",12 tr - 25 tr vnd,12.0,25.0,vnd,18.5
technical editor assistant,nhân viên chính thức,nhân viên,hồ chí minh,2 - 4 năm,"technical editor assistant, trợ lý","nghệ thuật, thống kê, cơ khí, thiết kế, mỹ thuật, tự động hóa, ô tô",20 tr - 24 tr vnd,20.0,24.0,vnd,22.0
video editor,nhân viên chính thức,nhân viên,hồ chí minh,1 - 3 năm,Unknown,"truyền hình, nghệ thuật, truyền thông, biên tập, thiết kế, đối ngoại, quảng cáo, mỹ thuật, báo chí",13 tr - 15 tr vnd,13.0,15.0,vnd,14.0
production engineer trainee,"nhân viên chính thức, thời vụ, nghề tự do",mới tốt nghiệp,quảng trị,không yêu cầu,"kỹ sư hóa học, kỹ sư hóa silicat, chất lượng, qc, bảo trì, bảo dưỡng, kỹ sư sản xuất, tự động hóa, công nghiệp, sản xuất","điện, hóa học, cơ khí, điện tử, điện lạnh, tự động hóa, điện công nghiệp, ô tô",8 tr - 10 tr vnd,8.0,10.0,vnd,9.0
vietjet air tổng đài viên chăm sóc khách hàng,nhân viên chính thức,nhân viên,hồ chí minh,không yêu cầu,"tân bình, vietjet air tổng đài viên chăm sóc khách hàng line tiếng anh",dịch vụ khách hàng,6 tr - 9 tr vnd,6.0,9.0,vnd,7.5
115667 process engineer water treatment,nhân viên chính thức,nhân viên,hồ chí minh,2 - 5 năm," process engineer water treatment, kỹ sư quy trình","xây dựng, vận hành sản xuất, sản xuất","14 tr - 29,4 tr vnd",14.0,29.4,vnd,21.7
giám sát bán hàng kênh truyền thống đồng nai,nhân viên chính thức,"trưởng nhóm , giám sát",đồng nai,trên 2 năm,"giám sát bán hàng, giám sát bán hàng kênh truyền thống đồng nai","kinh doanh, thực phẩm & đồ uống, bán hàng",9 tr - 15 tr vnd,9.0,15.0,vnd,12.0
kế toán viên digitex,nhân viên chính thức,nhân viên,hồ chí minh,1 - 2 năm,Unknown,"kế toán, kiểm toán",9 tr - 11 tr vnd,9.0,11.0,vnd,10.0
php web developer,nhân viên chính thức,nhân viên,hồ chí minh,2 - 3 năm,Unknown,"tiếp thị, marketing",trên 15 tr vnd,15.0,0.0,vnd,7.5
116068 sales engineer trading,nhân viên chính thức,nhân viên,hà nội,trên 5 năm,"kỹ sư kinh doanh, qa, quality control, service engineer, qc, kỹ sư bán hàng, sales engineer, sales engineer trading","cơ khí, tự động hóa, kinh doanh, ô tô, bán hàng","17,5 tr - 25 tr vnd",17.5,25.0,vnd,21.25
sales engineer,nhân viên chính thức,nhân viên,hồ chí minh,2 - 3 năm,"kỹ sư kinh doanh, service engineer, sales engineer, kỹ sư bán hàng","cơ khí, bán sỉ, bán lẻ, tự động hóa, kinh doanh, ô tô, bán hàng",15 tr - 50 tr vnd,15.0,50.0,vnd,32.5
trưởng nhóm khai thác và quản trị hệ thống,nhân viên chính thức,"trưởng nhóm , giám sát",hà nội,2 - 5 năm,"data analysis specialist, data specialist",cntt - phần mềm,18 tr - 25 tr vnd,18.0,25.0,vnd,21.5
qa qc engineer,nhân viên chính thức,nhân viên,quảng ninh,5 - 10 năm,"quality controller indoor furniture, nhân viên qc ngành gỗ, nhân viên phòng kỹ thuật qc, kaizen specialist, qa, nhân viên qc sơn và ts, chuyên viên quản lý chất lượng, qc, nhân viên qc giám sát hệ thống canteen bếp, chuyên viên qa, qc engineer, final quality controller, quality system management auditor",xây dựng,"800 - 1,200 usd",20.0,30.0,usd,25.0
nhân viên it,nhân viên chính thức,nhân viên,hà nội,2 - 10 năm,"nhân viên it, it engineer, it administrator, it supervisor, it executive, it staff, it support, nhân viên tin học, it helpdesk, it specialist, it officer","mạng, giáo dục, cntt - phần cứng, đào tạo, cntt - phần mềm",500 - 700 usd,12.5,17.5,usd,15.0
nhân viên bảo trì oakwod residence saigon q7,nhân viên chính thức,nhân viên,hồ chí minh,1 - 2 năm,"kỹ thuật viên bảo trì, nhân viên bảo trì oakwod residence saigon q, nhân viên bảo dưỡng, kỹ sư bảo dưỡng, chuyên viên bảo trì, kỹ thuật bảo trì, maintenance man, chuyên viên bảo dưỡng, nhân viên kỹ thuật bảo trì, kỹ sư bảo trì, nhân viên sửa máy","khách sạn, nhà hàng","6,5 tr - 8 tr vnd",6.5,8.0,vnd,7.25
nhân viên quản lí hệ thống it,nhân viên chính thức,nhân viên,bình dương,1 - 2 năm,Unknown,"cntt - phần cứng, mạng",9 tr - 15 tr vnd,9.0,15.0,vnd,12.0
101184 mandarin required service engineer trading,nhân viên chính thức,nhân viên,hà nội,trên 3 năm,"chinese, mandarin required service engineer trading, service engineer, mandarin, machinery, technical assistant, sales, electrict equipment","điện, sửa chữa, cơ khí, bảo trì, điện tử, điện lạnh, tự động hóa, điện công nghiệp, ô tô",48 tr - 72 tr vnd,48.0,72.0,vnd,60.0
quality assurance officer,nhân viên chính thức,nhân viên,bình dương,2 - 3 năm,Unknown,"thư ký, hành chính, qc), giáo dục, đào tạo, quản lý chất lượng (qa",20 tr - 30 tr vnd,20.0,30.0,vnd,25.0
safety engineer,nhân viên chính thức,nhân viên,quảng ninh,7 - 10 năm,"cán bộ an toàn lao động, kỹ sư bảo hộ lao động, kỹ sư an toàn, safety engineer","xây dựng, an toàn lao động","800 - 1,200 usd",20.0,30.0,usd,25.0
sales manager – it background,nhân viên chính thức,quản lý,hồ chí minh,trên 3 năm,"sales manager – it background, giám đốc kinh doanh khu vực, sales director, giám đốc kinh doanh, giám đốc kinh doanh vùng, sales force manager, sales section manager","marketing, kinh doanh, tiếp thị, bán hàng, cntt - phần mềm",trên 30 tr vnd,30.0,0.0,vnd,15.0
it service desk msb kcn 3i110,nhân viên chính thức,nhân viên,hồ chí minh,1 - 2 năm,kỹ sư bán hàng,"cntt - phần cứng, mạng",7 tr - 8 tr vnd,7.0,8.0,vnd,7.5
nhân viên kinh doanh phát triển thị trường khu vực đồng nai base long thành nhơn trạch lương cứng 10 15tr hoa hồng,nhân viên chính thức,nhân viên,đồng nai,2 - 5 năm,"sales executive, nhân viên phòng kinh doanh, chuyên viên kinh doanh, đại diện bán hàng, đại diện kinh doanh, sales engineer, sales dept, nhân viên kinh doanh phát triển thị trường khu vực đồng nai base long thành nhơn trạch. lương cứng tr + hoa hồng, telesales, salesman, nhân viên bán hàng","kinh doanh, bán hàng",15 tr - 35 tr vnd,15.0,35.0,vnd,25.0
senior developer,nhân viên chính thức,nhân viên,hồ chí minh,3 - 5 năm,"senior developer, lập trình, it","marketing, mạng, tiếp thị, cntt - phần cứng, cntt - phần mềm",15 tr - 30 tr vnd,15.0,30.0,vnd,22.5
chuyên viên tính giá cước vận tải container – tân nam chinh logistics,nhân viên chính thức,nhân viên,hồ chí minh,5 - 10 năm,Unknown,"giao nhận, vận chuyển, xuất nhập khẩu, kho vận",trên 14 tr vnd,14.0,0.0,vnd,7.0
trình dược viên ngành hàng dược phẩm tiền giang long an đồng nai,nhân viên chính thức,nhân viên,đồng nai,1 - 3 năm,"medical representative, trình dược viên, trình dược viên khối bệnh viện, long an, trình dược viên kênh bệnh viện etc ngành hàng dược phẩm tiền giang, trình dược viên etc, đồng nai, trình dược viên kênh nhà thuốc, trình dược viên otc","hóa mỹ phẩm, dược phẩm","500 - 1,000 usd",12.5,25.0,usd,18.75
digital marketing manager,nhân viên chính thức,quản lý,hà nội,4 - 5 năm,"online marketing manager, digital marketing manager","marketing, truyền thông, quản lý điều hành, đối ngoại, quảng cáo, tiếp thị",25 tr - 35 tr vnd,25.0,35.0,vnd,30.0
trưởng nhóm tuyển sinh ocean edu lào cai thu nhập hấp dẫn từ 15 triệu tháng,nhân viên chính thức,"trưởng nhóm , giám sát",lào cai,1 - 2 năm,"trưởng nhóm tuyển sinh ocean edu lào cai thu nhập hấp dẫn từ triệu, tháng","tư vấn, giáo dục, dịch vụ khách hàng, đào tạo",15 tr - 17 tr vnd,15.0,17.0,vnd,16.0
116272 chinese speaking sales engineer kỹ sư kinh doanh machinery,nhân viên chính thức,nhân viên,hà nội,trên 3 năm,"kỹ sư kinh doanh, chinese speaking sales engineer hn kỹ sư kinh doanh machinery, sales engineer, technical sales engineer","cơ khí, tự động hóa, kinh doanh, ô tô, bán hàng, vận hành sản xuất, sản xuất",25 tr - 30 tr vnd,25.0,30.0,vnd,27.5
trưởng nhóm it,nhân viên chính thức,"trưởng nhóm , giám sát",hà nội,1 - 2 năm,Unknown,"nhà hàng, mạng, khách sạn, cntt - phần cứng, cntt - phần mềm",15 tr - 20 tr vnd,15.0,20.0,vnd,17.5
nhân viên khai báo tư vấn thủ tục hải quan,nhân viên chính thức,nhân viên,hà nội,trên 2 năm,"ych, nhân viên tư vấn, nhân viên hải quan, thủ tục hải quan, nhân viên tư vấn xử lý hồ sơ, nhân viên xuất nhập khẩu, excise and customs reporter, nhân viên chứng từ xuất nhập khẩu, nhân viên tư vấn thủ tục, customs specialist","tư vấn, dịch vụ khách hàng, xuất nhập khẩu",15 tr - 16 tr vnd,15.0,16.0,vnd,15.5
giám định viên hiện trường tại gia lai kontum,nhân viên chính thức,nhân viên,gia lai,lên đến 1 năm,Unknown,"ngành khác, bảo hiểm, bảo trì, sửa chữa",7 tr - 9 tr vnd,7.0,9.0,vnd,8.0
nhân viên video editor quay dựng lương đến 13 triệu làm việc tại ngoại giao đoàn,nhân viên chính thức,nhân viên,hà nội,2 - 5 năm,"quay dựng, thiết kế, dựng phim, quay phim, editor","truyền hình, marketing, biên tập, nghệ thuật, thiết kế, mỹ thuật, tiếp thị, báo chí",9 tr - 13 tr vnd,9.0,13.0,vnd,11.0
quản lý cửa hàng thời trang biluxury tại lào cai,nhân viên chính thức,quản lý,lào cai,1 - 2 năm,"nhân viên điều dưỡng, nurse, quản lý cửa hàng thời trang biluxury tại lào cai nữ, điều dưỡng, điều dưỡng đa khoa, nhân viên quan hệ y tế","marketing, bán sỉ, bán lẻ, kinh doanh, tiếp thị, bán hàng",8 tr - 12 tr vnd,8.0,12.0,vnd,10.0
industrial engineer,nhân viên chính thức,nhân viên,bắc ninh,1 - 3 năm,Unknown,"điện, cơ khí, điện tử, điện lạnh, tự động hóa, điện công nghiệp, ô tô, vận hành sản xuất, sản xuất",12 tr - 25 tr vnd,12.0,25.0,vnd,18.5
npi engineer,nhân viên chính thức,nhân viên,bình dương,3 - 5 năm,Unknown,"ô tô, cơ khí, tự động hóa",25 tr - 30 tr vnd,25.0,30.0,vnd,27.5
nhân viên phân tích dữ liệu data analyst,nhân viên chính thức,nhân viên,bình dương,trên 2 năm,"hệ thống thông tin quản lý, software business analyst, it business analyst, it business support analyst, nhân viên phân tích dữ liệu data analyst, business analyst, business intelligence, phân tích hệ thống kinh doanh, web product mananger, chuyên viên phân tích hệ thống, it product mananger","bán sỉ, thực phẩm & đồ uống, bán lẻ, cntt - phần mềm",13 tr - 15 tr vnd,13.0,15.0,vnd,14.0
chuyên viên khai báo hải quan,nhân viên chính thức,nhân viên,hà nội,1 - 3 năm,Unknown,"thư ký, hành chính, hàng hải, xuất nhập khẩu",9 tr - 11 tr vnd,9.0,11.0,vnd,10.0
kế toán kho đồng nai,nhân viên chính thức,nhân viên,đồng nai,trên 1 năm,Unknown,"kế toán, kiểm toán",8 tr - 10 tr vnd,8.0,10.0,vnd,9.0
qs engineer 25861,nhân viên chính thức,nhân viên,hà nội,5 - 10 năm,"kỹ sư bóc tách khối lượng, chief surveyor, qs engineer construction, quantity surveyor","kiến trúc, nội ngoại thất, xây dựng",25 tr - 40 tr vnd,25.0,40.0,vnd,32.5
chuyên viên kinh doanh mảng digital,nhân viên chính thức,nhân viên,hà nội,trên 3 năm,"sales executive, giám sát kinh doanh, nhân viên kinh doanh, chuyên viên kinh doanh mảng digital","kinh doanh, bán hàng",9 tr - 13 tr vnd,9.0,13.0,vnd,11.0
phó phòng điều độ khai thác,nhân viên chính thức,nhân viên,bà rịa  vũng tàu,trên 5 năm,"deputy head of office, phó phòng điều độ khai thác","quản lý điều hành, giao nhận, vận chuyển, hàng hải, kho vận",30 tr - 50 tr vnd,30.0,50.0,vnd,40.0
it security manager,nhân viên chính thức,quản lý,hà nội,trên 5 năm,Unknown,"đầu tư, mạng, cntt - phần cứng, tài chính, cntt - phần mềm","2,500 - 5,000 usd",62.5,125.0,usd,93.75
nhân viên video editor,nhân viên chính thức,nhân viên,hà nội,lên đến 1 năm,"editor với trên 2 năm kinh nghiệm, nhân viên dựng video, photo editor, editor","nghệ thuật, marketing, thiết kế, mỹ thuật, tiếp thị",10 tr - 15 tr vnd,10.0,15.0,vnd,12.5
thực tập sinh editor,thực tập,mới tốt nghiệp,hồ chí minh,không yêu cầu,"internship, nhân viên thực tập, sinh viên thực tập, nhân viên thực tập nước ngoài","thương mại điện tử, tiếp thị, marketing, biên phiên dịch",3 tr - 5 tr vnd,3.0,5.0,vnd,4.0
devops engineer,nhân viên chính thức,nhân viên,hồ chí minh,3 - 5 năm,"devops engineer, devops","cntt - phần cứng, mạng, cntt - phần mềm",30 tr - 50 tr vnd,30.0,50.0,vnd,40.0
chuyên viên triển khai dự án,nhân viên chính thức,nhân viên,hồ chí minh,1 - 2 năm,Unknown,"sửa chữa, bảo trì, mạng, cntt - phần cứng, cntt - phần mềm",8 tr - 13 tr vnd,8.0,13.0,vnd,10.5
chuyên viên digital marketing,nhân viên chính thức,nhân viên,hồ chí minh,2 - 3 năm,"marketing executive, chuyên viên pr marketing, chuyên viên social media, marketing operations officer, online marketing executive, nhân viên marketing, marketer","tiếp thị, marketing",11 tr - 16 tr vnd,11.0,16.0,vnd,13.5
senior regulatory affairs,nhân viên chính thức,nhân viên,hồ chí minh,4 - 10 năm,"accountant and administrative staff, chuyên viên kế toán chuyên quản, credit accountant, accountant cum office admin, accounting executive, nhân viên kế toán vật tư, nhân viên kế toán nhà máy, nhân viên phòng kế toán, kế toán kho vận, cán bộ tài chính kế toán","hóa mỹ phẩm, xuất nhập khẩu, dược phẩm",20 tr - 25 tr vnd,20.0,25.0,vnd,22.5
facility specialist,nhân viên chính thức,nhân viên,hồ chí minh,2 - 3 năm,"nhân viên quản lý thiết bị vật tư, facility officer, cán bộ phòng quản lý thiết bị, facility executive, nhân viên vật tư kho, nhân viên quản lý trang thiết bị, facility staff, facilities supervisor, nhân viên quản lý trang thiết bị bộ phận kỹ thuật, nhân viên vật tư","kiến trúc, xây dựng",15 tr - 20 tr vnd,15.0,20.0,vnd,17.5
sales executive tiếng anh tốt có bằng lái b2 nam 17m gross biên hòa đồng nai,nhân viên chính thức,nhân viên,đồng nai,3 - 5 năm,"chuyên viên kinh doanh, sales supervisor, nhân viên kinh doanh, chuyên viên bán hàng, sales executive tiếng anh tốt có bằng lái b nam m gross biên hòa đồng nai, quản lý kinh doanh, nhân viên bán hàng","cơ khí, xây dựng, tự động hóa, kinh doanh, ô tô, bán hàng",14 tr - 17 tr vnd,14.0,17.0,vnd,15.5
nhân viên data,nhân viên chính thức,nhân viên,bắc ninh,không yêu cầu,Unknown,"kế toán, thống kê, kiểm toán, giao nhận, vận chuyển, kho vận",9 tr - 10 tr vnd,9.0,10.0,vnd,9.5
nhân viên it helpdesk,nhân viên chính thức,nhân viên,hồ chí minh,3 - 5 năm,"& it, phụ trách kỹ thuật, it staff, it support staff, service engineer, nhân viên hỗ trợ kỹ thuật, it support assistant, nhân viên it helpdesk, it support, technical assistant, it officer","cntt - phần cứng, mạng, cntt - phần mềm",20 tr - 25 tr vnd,20.0,25.0,vnd,22.5
industrial engineer,nhân viên chính thức,"trưởng nhóm , giám sát",bình dương,3 - 5 năm,Unknown,"dệt may, da giày, thời trang",18 tr - 25 tr vnd,18.0,25.0,vnd,21.5
109832 japanese speaking cad engineer automotive kỹ sư cad ngành ô tô,nhân viên chính thức,nhân viên,hà nội,lên đến 1 năm,"cơ khí, automotive product specialist, kỹ sư cad, tự động hóa, cad, automotive","ô tô, cơ khí, tự động hóa",12 tr - 23 tr vnd,12.0,23.0,vnd,17.5
chuyên viên audit mảng hồ sơ lao động,nhân viên chính thức,nhân viên,hồ chí minh,2 - 3 năm,Unknown,nhân sự,12 tr - 15 tr vnd,12.0,15.0,vnd,13.5
kiến trúc sư kỹ sư họa viên triển khai,nhân viên chính thức,nhân viên,hồ chí minh,trên 2 năm,Unknown,"nghệ thuật, thiết kế, kiến trúc, xây dựng, mỹ thuật",lên đến 20 tr vnd,0.0,20.0,vnd,10.0
mobile developer iot,nhân viên chính thức,nhân viên,hà nội,trên 2 năm,"mobile developer flutter, native iot",cntt - phần mềm,25 tr - 32 tr vnd,25.0,32.0,vnd,28.5
qs mep engineer id24569,nhân viên chính thức,nhân viên,hồ chí minh,trên 1 năm,"nhân viên điện công trình, kỹ sư m&e, electrical engineer, kỹ sư giám sát điện, qs mep engineer id, kỹ sư điện, m&e engineer, kỹ sư cơ điện công trình, kỹ sư thiết kế hệ thống điện, mechanical engineer, chuyên viên kỹ thuật điện","kiến trúc, nội ngoại thất, xây dựng",13 tr - 16 tr vnd,13.0,16.0,vnd,14.5
chuyên viên trade marketing mảng giáo dục tại đồng nai,nhân viên chính thức,nhân viên,đồng nai,1 - 2 năm,"branding, sales marketing, direct marketing, trade marketing executive","marketing, ngành khác, tiếp thị, giáo dục, đào tạo",10 tr - 12 tr vnd,10.0,12.0,vnd,11.0
nhân viên điều hành vận tải tại hoàng mai hà nội,nhân viên chính thức,nhân viên,hà nội,trên 1 năm,"nhân viên điều hành vận tải tại hoàng mai hà nội, associate research manager, associate director, executive assistant manager (local)","giao nhận, vận chuyển, kho vận",9 tr - 11 tr vnd,9.0,11.0,vnd,10.0
planning engineer,nhân viên chính thức,nhân viên,quảng ninh,7 - 13 năm,"kỹ sư kế hoạch xây dựng, construction planner",xây dựng,"800 - 1,200 usd",20.0,30.0,usd,25.0
nhân viên kế hoạch tổng hợp medical affairs officer,nhân viên chính thức,nhân viên,hồ chí minh,1 - 5 năm,Unknown,"thẩm mỹ, y tế, chăm sóc sức khỏe, làm đẹp",10 tr - 15 tr vnd,10.0,15.0,vnd,12.5
ut engineer – jlpt n2,nhân viên chính thức,nhân viên,đồng nai,trên 3 năm,"建築鉄骨超音波検査技術者 鉄骨技術者教育センター, japanese steel structure ut inspection certificate, steel fabrication enginees education center, ut engineering, ljpt n2","cơ khí, xây dựng, qc), tự động hóa, ô tô, quản lý chất lượng (qa",20 tr - 30 tr vnd,20.0,30.0,vnd,25.0
kế toán chi phí vận tải tại quận hoàng mai,nhân viên chính thức,nhân viên,hà nội,trên 2 năm,Unknown,"kế toán, kiểm toán, giao nhận, vận chuyển, kho vận",9 tr - 11 tr vnd,9.0,11.0,vnd,10.0
nhân viên edit,nhân viên chính thức,nhân viên,hà nội,trên 1 năm,Unknown,"giải trí, truyền hình, truyền thông, biên tập, đối ngoại, quảng cáo, báo chí",7 tr - 10 tr vnd,7.0,10.0,vnd,8.5
machine learning engineer,nhân viên chính thức,nhân viên,hồ chí minh,1 - 2 năm,Unknown,"điện, cơ khí, điện tử, điện lạnh, tự động hóa, điện công nghiệp, ô tô, cntt - phần mềm",12 tr - 25 tr vnd,12.0,25.0,vnd,18.5
frontend leader,nhân viên chính thức,"trưởng nhóm , giám sát",hồ chí minh,5 - 7 năm,".net, developer, nodejs, frontend leader, lập trình, back end, c++, c, ios, javascript, java, php",cntt - phần mềm,35 tr - 45 tr vnd,35.0,45.0,vnd,40.0
senior backend engineer,nhân viên chính thức,nhân viên,hồ chí minh,trên 7 năm,"php engineer, web developer, software business analyst, php software enginee, web product mananger, php developer, fullstack, senior php developer, senior backend engineer php web laravel","cntt - phần cứng, mạng, cntt - phần mềm",trên 60 tr vnd,60.0,0.0,vnd,30.0
it executive,nhân viên chính thức,nhân viên,hồ chí minh,2 - 5 năm,"nhân viên it, it engineer, it executive, chuyên viên it, it assistant, it specialist","thực phẩm & đồ uống, cntt - phần cứng, mạng, cntt - phần mềm",12 tr - 16 tr vnd,12.0,16.0,vnd,14.0
khai job đầu xuân tổng đài viên đối tác ngân hàng techcombank không yêu cầu kinh nghiệm,nhân viên chính thức,nhân viên,hà nội,không yêu cầu, khai job đầu xuân tổng đài viên đối tác ngân hàng techcombank không yêu cầu kinh nghiệm,"thư ký, mới tốt nghiệp, ngân hàng, thực tập, hành chính","6,5 tr - 8 tr vnd",6.5,8.0,vnd,7.25
nhân viên it,nhân viên chính thức,nhân viên,hà nam,1 - 3 năm,"nhân viên it, it engineer, it administrator, it supervisor, it executive, it staff, it support, nhân viên tin học, it helpdesk, it specialist, it officer","marketing, thú y, nông nghiệp, tiếp thị, chăn nuôi",15 tr - 25 tr vnd,15.0,25.0,vnd,20.0
chuyên viên digital marketing,nhân viên chính thức,nhân viên,hà nội,2 - 3 năm,"marketer, marketing executive, chuyên viên pr marketing, chuyên viên marketing online, nhân viên marketing online, online marketing executive, chuyên viên digital marketing, nhân viên marketing, marketing specialist","marketing, truyền thông, đối ngoại, quảng cáo, tiếp thị trực tuyến, tiếp thị",13 tr - 16 tr vnd,13.0,16.0,vnd,14.5
kiến trúc sư kỹ sư triển khai bản vẽ thi công,nhân viên chính thức,nhân viên,hà nội,trên 2 năm,"cadddesigner, civil engineer, draftsman, họa viên kiến trúc, architect, architectural drafter, nhân viên thiết kế kiến trúc, kiến trúc sư, architectural, kỹ sư triển khai bản vẽ thi công, site engineer, structural drafter","kiến trúc, xây dựng",12 tr - 20 tr vnd,12.0,20.0,vnd,16.0
trưởng phòng digital marketing,nhân viên chính thức,quản lý,hà nội,2 - 5 năm,"head of digital marketing, head of office, digital marketing manager, trưởng phòng digital marketing","quản lý điều hành, tiếp thị, marketing",30 tr - 100 tr vnd,30.0,100.0,vnd,65.0
quality assurance executive nhân viên quản lý chất lượng,nhân viên chính thức,"trưởng nhóm , giám sát",hồ chí minh,1 - 2 năm,"nhân viên kcs thành phẩm, qa haccp staff, nhân viên bộ phận chất lượng, qa, quality assurance executive, nhân viên qa, qc, nhan vien haccp, nhân viên kcs, tester, nhân viên qa haccp, nhân viên quản lý chất lượng, qc staff","thương mại điện tử, dịch vụ khách hàng",10 tr - 12 tr vnd,10.0,12.0,vnd,11.0
kỹ sư triển khai thiết kế thi công hệ thống điện,nhân viên chính thức,nhân viên,hà nam,trên 1 năm,Unknown,"nghệ thuật, điện, thiết kế, xây dựng, điện tử, điện lạnh, mỹ thuật, điện công nghiệp",10 tr - 18 tr vnd,10.0,18.0,vnd,14.0
kinh doanh kỹ thuật sales engineer,nhân viên chính thức,mới tốt nghiệp,hà nội,không yêu cầu,Unknown,"cơ khí, tự động hóa, kinh doanh, ô tô, bán hàng",trên 15 tr vnd,15.0,0.0,vnd,7.5
developer,nhân viên chính thức,nhân viên,hà nội,trên 1 năm,"developer odoo, lập trình","cntt - phần cứng, mạng, cntt - phần mềm",lên đến 40 tr vnd,0.0,40.0,vnd,20.0
recruitment intern,"nhân viên chính thức, thực tập","sinh viên, thực tập sinh",hồ chí minh,không yêu cầu,"human resource, nhân sự, recruitment intern chỉ tuyển nam, hr","thư ký, mới tốt nghiệp, thực tập, hành chính, nhân sự","5 tr - 5,0 tr vnd",5.0,5.0,vnd,5.0
chuyên viên tuyển sinh ocean edu lào cai thu nhập hấp dẫn từ 13 triệu tháng phỏng vấn đi làm ngay,nhân viên chính thức,nhân viên,lào cai,lên đến 1 năm,"chuyên viên tuyển sinh ocean edu lào cai thu nhập hấp dẫn từ triệu, tháng phỏng vấn đi làm ngay","kinh doanh, giáo dục, bán hàng, dịch vụ khách hàng, đào tạo",13 tr - 15 tr vnd,13.0,15.0,vnd,14.0
digital marketing manager,nhân viên chính thức,quản lý,hồ chí minh,3 - 5 năm,Unknown,"marketing, thực phẩm & đồ uống, bán sỉ, bán lẻ, tiếp thị",trên 25 tr vnd,25.0,0.0,vnd,12.5
chuyên viên tư vấn triển khai,nhân viên chính thức,nhân viên,hà nội,2 - 3 năm,"nhân viên tư vấn triển khai phần mềm, consultant executive, chuyên viên tư vấn triển khai phần mềm erp, nhân viên triển khai hệ thống erp, nhân viên triển khai phần mềm, chuyên viên tư vấn triển khai, chuyên viên triển khai sap erp",cntt - phần mềm,20 tr - 25 tr vnd,20.0,25.0,vnd,22.5
giám đốc kinh doanh nước đóng chai,nhân viên chính thức,giám đốc,hà nội,10 - 20 năm,"nước, trưởng phòng kinh doanh, tiêu dùng nhanh, asm, nước đóng chai, giám đốc kinh doanh, rsm, fmcg","marketing, bán sỉ, bán lẻ, kinh doanh, tiếp thị, bán hàng","2,000 - 4,000 usd",50.0,100.0,usd,75.0
chuyên viên aiops engineer,nhân viên chính thức,nhân viên,hà nội,trên 2 năm,"aiops engineer, devops, ai, python, chuyên viên aiops engineer",cntt - phần mềm,16 tr - 26 tr vnd,16.0,26.0,vnd,21.0
vietjet air nhân viên tổng đài hỗ trợ khách hàng quốc tế,nhân viên chính thức,nhân viên,hồ chí minh,không yêu cầu,"vietjet air, dịch vụ hàng không, customer service, tân bình, dịch vụ khách hàng, vietjet air nhân viên tổng đài hỗ trợ khách hàng quốc tế","hàng không, dịch vụ khách hàng",8 tr - 9 tr vnd,8.0,9.0,vnd,8.5
nhân viên quản lý chất lượng chăm sóc khách hàng quality assurance,nhân viên chính thức,nhân viên,hồ chí minh,1 - 2 năm,"nhân viên kcs thành phẩm, qa haccp staff, nhân viên bộ phận chất lượng, qa, nhân viên qa, qc, nhan vien haccp, nhân viên kcs, tester, nhân viên qa haccp, nhân viên quản lý chất lượng chăm sóc khách hàng quality assurance, qc staff","thương mại điện tử, dịch vụ khách hàng, qc), quản lý chất lượng (qa",12 tr - 14 tr vnd,12.0,14.0,vnd,13.0
merchandise purchasing supply chain garment product,nhân viên chính thức,nhân viên,hưng yên,3 - 4 năm,Unknown,"dệt may, vật tư, da giày, thu mua, vận hành sản xuất, sản xuất, thời trang",600 - 900 usd,15.0,22.5,usd,18.75
backend developer,nhân viên chính thức,nhân viên,hồ chí minh,2 - 5 năm,Unknown,"đầu tư, tài chính, ngân hàng, cntt - phần mềm","900 - 1,200 usd",22.5,30.0,usd,26.25
nhân viên chăm sóc khách hàng vietjet air không yêu cầu kinh nghiệm,nhân viên chính thức,nhân viên,hồ chí minh,không yêu cầu, nhân viên chăm sóc khách hàng vietjet air không yêu cầu kinh nghiệm,dịch vụ khách hàng,6 tr - 7 tr vnd,6.0,7.0,vnd,6.5
chuyên viên tập sự khách hàng doanh nghiệp phòng giao dịch trảng bom cn đồng nai,thực tập,"sinh viên, thực tập sinh",đồng nai,không yêu cầu,chuyên viên tập sự khách hàng doanh nghiệp cn. đồng nai cnlt.,"ngân hàng, đầu tư, kinh doanh, bán hàng, tài chính","2,5 tr - 15 tr vnd",2.5,15.0,vnd,8.75
quality assurance supervisor,nhân viên chính thức,"trưởng nhóm , giám sát",bà rịa  vũng tàu,5 - 7 năm," quality assurance supervisor, qa supervisor, qc vũng tàu, quality control supervisor, qa, việc làm bà rịa vũng tàu, brvt, qc supervisor, quality supervisor, bà rịa vũng tàu","qc), quản lý chất lượng (qa",25 tr - 30 tr vnd,25.0,30.0,vnd,27.5
digital marketing thu nhập 12 15 triệu,nhân viên chính thức,nhân viên,hà nội,1 - 2 năm,"online, content, booking kol, capcut, social media, digital marketing thu nhập triệu, koc, digital media, quản lý chiến dịch, kol, canva","thương mại điện tử, tiếp thị, marketing, tiếp thị trực tuyến",12 tr - 15 tr vnd,12.0,15.0,vnd,13.5
phó phòng khách hàng cá nhân chi nhánh sgd đồng nai,nhân viên chính thức,quản lý,đồng nai,2 - 3 năm,Unknown,ngân hàng,28 tr - 38 tr vnd,28.0,38.0,vnd,33.0
nhân viên seo website,nhân viên chính thức,nhân viên,hồ chí minh,1 - 2 năm,nhân viên seo,"marketing, nghệ thuật, thiết kế, mỹ thuật, tiếp thị, cntt - phần mềm",9 tr - 15 tr vnd,9.0,15.0,vnd,12.0
kỹ sư dự án project engineer,nhân viên chính thức,nhân viên,long an,2 - 3 năm,Unknown,"ô tô, cơ khí, tự động hóa",16 tr - 20 tr vnd,16.0,20.0,vnd,18.0
flutter developer,nhân viên chính thức,nhân viên,hà nội,trên 3 năm,Unknown,"cntt - phần cứng, mạng, cntt - phần mềm",20 tr - 30 tr vnd,20.0,30.0,vnd,25.0
117139 senior quantity manager construction,nhân viên chính thức,quản lý,quảng ninh,trên 15 năm," senior quantity manager in ha long construction, kỹ sư dự toán, quantity manager, quản lý dự toán, quantity surveyor",xây dựng,60 tr - 70 tr vnd,60.0,70.0,vnd,65.0
back end developer,nhân viên chính thức,nhân viên,hồ chí minh,trên 2 năm,"crm, back end, hrs, aws, golang, node.js","bán sỉ, tiếp thị trực tuyến, bán lẻ, kinh doanh, bán hàng",lên đến 20 tr vnd,0.0,20.0,vnd,10.0
117141 japanese speaking field engineer manufacturing,nhân viên chính thức,nhân viên,hải dương,trên 5 năm,"electronical engineer, field engineer, kỹ sư hiện trường, mechanical engineer, maintenance engineer","điện, sửa chữa, cơ khí, bảo trì, điện tử, điện lạnh, tự động hóa, điện công nghiệp, ô tô","20 tr - 22,5 tr vnd",20.0,22.5,vnd,21.25
chuyên viên tuyển dụng recruitment officer,nhân viên chính thức,nhân viên,hà nội,1 - 5 năm,"phiên dịch tiếng trung, giầy việt hảo, recruiter, thu thảo, nhân viên tuyển dụng đào tạo, chuyên viên tuyển dụng recruitment officer tiếng anh, trung","thư ký, hành chính, kinh doanh, nhân sự, bán hàng","500 - 1,000 usd",12.5,25.0,usd,18.75
data analyst,nhân viên chính thức,nhân viên,hồ chí minh,2 - 3 năm,"nhân viên xử lý dữ liệu, data processing specialist, data validation, data processing staff, data processing executive, data processing officer, data processing, data analysis specialist, data mining, data analyst da, cộng tác viên xử lý dữ liệu","cntt - phần cứng, mạng, cntt - phần mềm",10 tr - 15 tr vnd,10.0,15.0,vnd,12.5
training supervisor,nhân viên chính thức,"trưởng nhóm , giám sát",hồ chí minh,3 - 5 năm,", manager, officier, coordinator, associates accountant, nhân viên mua hàng staff, purchasing staff, staff, specialist, executive, training supervisor f&b, purchasing","bán sỉ, nhân sự, thực phẩm & đồ uống, bán lẻ",15 tr - 17 tr vnd,15.0,17.0,vnd,16.0
quality assurance,nhân viên chính thức,nhân viên,hồ chí minh,1 - 3 năm,"quality control, quality assurance chinese language, nhân viên quản lý chất lượng","ngành khác, dịch vụ khách hàng, qc), quản lý chất lượng (qa",16 tr - 20 tr vnd,16.0,20.0,vnd,18.0
116728 q s engineer construction,nhân viên chính thức,nhân viên,quảng ninh,trên 7 năm,"kỹ sư dự toán xây dựng, assistant quantity surveyor, kỹ sư dự toán, quantity surveyor, qs",xây dựng,30 tr - 40 tr vnd,30.0,40.0,vnd,35.0
qa engineer,nhân viên chính thức,nhân viên,hồ chí minh,trên 2 năm,"nhân viên kiểm thử phần mềm, software tester, quality control, qc engineer, tester, nhân viên quản lý chất lượng phần mềm, nhân viên kiểm định phần mềm, qa engineer",cntt - phần mềm,15 tr - 20 tr vnd,15.0,20.0,vnd,17.5
civil engineering manager,nhân viên chính thức,nhân viên,quảng ninh,10 - 15 năm,"civil engineering manager, c&s engineer, kỹ sư xây dựng, kỹ sư công trình, construction engineer, site engineer",xây dựng,"1,000 - 1,500 usd",25.0,37.5,usd,31.25
chuyên viên khách hàng cá nhân phòng giao dịch chư sê cn gia lai,nhân viên chính thức,nhân viên,gia lai,không yêu cầu,chuyên viên khách hàng cá nhân phòng giao dịch chư sê cn. gia lai cnlt.,"ngân hàng, đầu tư, kinh doanh, bán hàng, tài chính",9 tr - 35 tr vnd,9.0,35.0,vnd,22.0
site development specialist,nhân viên chính thức,"trưởng nhóm , giám sát",hồ chí minh,3 - 7 năm,"manager, officier, coordinator, associates accountant, nhân viên mua hàng staff, site development specialist, purchasing staff, staff, supervisor, executive, purchasing","kiến trúc, bất động sản, xây dựng",trên 25 tr vnd,25.0,0.0,vnd,12.5
project engineer,nhân viên chính thức,nhân viên,hồ chí minh,1 - 4 năm,"kết cấu thép, vsl vietnam","cơ khí, kiến trúc, xây dựng, tự động hóa, ô tô",10 tr - 15 tr vnd,10.0,15.0,vnd,12.5
nhân viên digital marketing quận 12,nhân viên chính thức,nhân viên,hồ chí minh,2 - 3 năm,"marketer, marketing executive, chuyên viên pr marketing, chuyên viên social media, chuyên viên marketing online, nhân viên marketing online, marketing specialist, marketing operations officer, online marketing executive, nhân viên marketing, nhân viên digital marketing quận","tiếp thị, marketing",12 tr - 15 tr vnd,12.0,15.0,vnd,13.5
chuyên viên bán hàng kỹ thuật – sales engineer ngành xây dựng,nhân viên chính thức,nhân viên,quảng bình,2 - 3 năm,Unknown,"marketing, xây dựng, kinh doanh, tiếp thị, bán hàng","600 - 1,000 usd",15.0,25.0,usd,20.0
thư ký tổng giám đốc ceo s assitant,nhân viên chính thức,"trưởng nhóm , giám sát",hà nội,trên 5 năm,"thư ký tổng giám đốc ceo's assitant, director","thư ký, hành chính, nhân sự, luật, pháp lý",18 tr - 25 tr vnd,18.0,25.0,vnd,21.5
b2b content writer,nhân viên chính thức,nhân viên,hồ chí minh,2 - 3 năm,"content staff, content executive, content writer, senior content executive, nhân viên nội dung, website content writer, copywriter, biên tập nội dung website, nhân viên nội dung website, nhân viên viết bài website","truyền hình, marketing, biên tập, truyền thông, đối ngoại, quảng cáo, tiếp thị, báo chí",10 tr - 15 tr vnd,10.0,15.0,vnd,12.5
nhân viên digital marketing,nhân viên chính thức,nhân viên,hà nội,lên đến 1 năm,"digital marketing executive, nhân viên marketing online, nhân viên digital marketing, digital marketing specialist, nhân viên marketing","marketing, truyền thông, đối ngoại, quảng cáo, thương mại điện tử, tiếp thị",15 tr - 20 tr vnd,15.0,20.0,vnd,17.5
nhân viên digital marketing,nhân viên chính thức,nhân viên,hồ chí minh,lên đến 1 năm,"marketer, marketing executive, chuyên viên pr marketing, chuyên viên social media, chuyên viên marketing online, nhân viên marketing online, nhân viên digital marketing, marketing operations officer, online marketing executive, nhân viên marketing, marketing specialist","thẩm mỹ, y tế, chăm sóc sức khỏe, làm đẹp",8 tr - 10 tr vnd,8.0,10.0,vnd,9.0
chuyên viên cao cấp digital marketing,nhân viên chính thức,nhân viên,hồ chí minh,3 - 5 năm,"online, social media, chuyên viên cao cấp digital marketing","marketing, đầu tư, tiếp thị trực tuyến, tiếp thị, tài chính",20 tr - 30 tr vnd,20.0,30.0,vnd,25.0
chuyên viên chạy tiktok ads kênh ai công ty dược 10 năm thu nhâp 20 40m,nhân viên chính thức,nhân viên,hà nội,1 - 3 năm,"tiktok ads, tiktok ads ai, chuyên viên marketing","hóa mỹ phẩm, tiếp thị, marketing, dược phẩm",15 tr - 40 tr vnd,15.0,40.0,vnd,27.5
quality control engineer – jlpt n2,nhân viên chính thức,nhân viên,đồng nai,trên 3 năm,"jlpt n2, bảo hiểm du lịch","khách sạn, hàng không, xây dựng, nhà hàng",20 tr - 30 tr vnd,20.0,30.0,vnd,25.0
nhân viên chăm sóc khách hàng vietjet air không yêu cầu kinh nghiệm,nhân viên chính thức,nhân viên,hồ chí minh,không yêu cầu,"tiếng anh, nhân viên chăm sóc khách hàng vietjet air không yêu cầu kinh nghiệm line tiếng việt","khách sạn, hàng không, dịch vụ khách hàng, nhà hàng","6,4 tr - 8,2 tr vnd",6.4,8.2,vnd,7.3
nhân viên kĩ thuật triển khai,nhân viên chính thức,nhân viên,hồ chí minh,2 - 5 năm,Unknown,"dệt may, da giày, thời trang",12 tr - 18 tr vnd,12.0,18.0,vnd,15.0
talent acquisition executive,nhân viên chính thức,nhân viên,hà nội,3 - 5 năm,"nhân viên tư vấn, chuyên viên tư vấn, tư vấn viên, consultant, senior consultant, talent acquisition executive, counsellor","thư ký, hành chính, bán sỉ, bán lẻ, nhân sự",14 tr - 20 tr vnd,14.0,20.0,vnd,17.0
nhân viên thiết kế revit autocad 3d môi trường,nhân viên chính thức,nhân viên,bắc ninh,không yêu cầu,"chuyên viên thiết kế, designer","thiết kế, nghệ thuật, mỹ thuật",10 tr - 14 tr vnd,10.0,14.0,vnd,12.0
sales engineer,nhân viên chính thức,nhân viên,hồ chí minh,1 - 3 năm,Unknown,"sửa chữa, cơ khí, bảo trì, tự động hóa, kinh doanh, ô tô, bán hàng",10 tr - 12 tr vnd,10.0,12.0,vnd,11.0
electrical engineering manager,nhân viên chính thức,nhân viên,quảng ninh,10 - 15 năm,"kỹ sư m&e, kỹ sư giám sát điện, kỹ sư điện, m&e engineer, kỹ sư cơ điện công trình, electrical engineering manager",xây dựng,"1,000 - 1,500 usd",25.0,37.5,usd,31.25
java developer,nhân viên chính thức,nhân viên,hồ chí minh,2 - 3 năm,".net developer, frontend developer, backend developer, lập trình viên, game developer, net android ios programmer, software developer, advert developer, embedded software engineer, asp net software developer","du lịch, hàng không, cntt - phần mềm",20 tr - 30 tr vnd,20.0,30.0,vnd,25.0
training specialist,nhân viên chính thức,nhân viên,hồ chí minh,1 - 3 năm,"teacher, chuyên viên đào tạo, coach, training specialist chinese language, nhân viên phòng đào tạo, giáo viên, huấn luyện viên, chuyên viên huấn luyện","nhân sự, giáo dục, dịch vụ khách hàng, đào tạo",14 tr - 18 tr vnd,14.0,18.0,vnd,16.0
content writer,nhân viên chính thức,nhân viên,hồ chí minh,không yêu cầu,"content staff, content executive, content writer, nhân viên nội dung, copywriter","thẩm mỹ, y tế, chăm sóc sức khỏe, làm đẹp",8 tr - 12 tr vnd,8.0,12.0,vnd,10.0
chuyên viên marketing ai,nhân viên chính thức,nhân viên,hà nội,2 - 3 năm,Unknown,"marketing, dược phẩm, hóa mỹ phẩm, tiếp thị trực tuyến, tiếp thị",12 tr - 30 tr vnd,12.0,30.0,vnd,21.0
cộng tác viên tuyển dụng talent acquisition collaborator khối tổ chức nhân sự,thực tập,"sinh viên, thực tập sinh",hà nội,không yêu cầu,cộng tác viên tuyển dụng talent acquisition collaborator khối tổ chức nhân sự ho.,nhân sự,trên 7 tr vnd,7.0,0.0,vnd,3.5
senior it system operations specialist,nhân viên chính thức,nhân viên,hồ chí minh,2 - 3 năm,"manager, officier, senior it system operations specialist, coordinator, nhân viên mua hàng staff, associates accountant, purchasing staff, staff, supervisor, executive, purchasing",cntt - phần mềm,"trên 1,500 usd",37.5,0.0,usd,18.75
system engineer,nhân viên chính thức,nhân viên,hà nội,4 - 6 năm,"it engineer, system engineer, kỹ sư hệ thống, infra, it specialist","cntt - phần cứng, mạng, cntt - phần mềm",20 tr - 40 tr vnd,20.0,40.0,vnd,30.0
lập trình viên fullstack net,nhân viên chính thức,nhân viên,hà nội,2 - 5 năm,".net, fullstack.net",cntt - phần mềm,15 tr - 25 tr vnd,15.0,25.0,vnd,20.0
senior copywriter,nhân viên chính thức,"trưởng nhóm , giám sát",hà nội,2 - 5 năm,"content executive, content writer, senior copywriter, trưởng nhóm content, senior content executive, leader content, copywriter, content manager, sáng tạo nội dung","tiếp thị, marketing",15 tr - 25 tr vnd,15.0,25.0,vnd,20.0
digital marketing,nhân viên chính thức,nhân viên,hồ chí minh,2 - 3 năm,"offline marketing executive, nhân viên marketing, nhân viên digital marketing, digital marketing officer","marketing, tiếp thị trực tuyến, kinh doanh, tiếp thị, bán hàng",10 tr - 15 tr vnd,10.0,15.0,vnd,12.5
chuyên viên chạy ads facebook google chuyển đổi digital marketinng,nhân viên chính thức,nhân viên,hồ chí minh,2 - 3 năm,"digital marketinng, online, chuyên viên chạy ads facebook & google chuyển đổi, social media","tiếp thị, marketing",13 tr - 20 tr vnd,13.0,20.0,vnd,16.5
nhân viên tư vấn thu nhập đến 12 triệu data có sẵn không yêu cầu kinh nghiệm,nhân viên chính thức,nhân viên,hồ chí minh,chưa có kinh nghiệm,"consultant executive, chuyên viên tư vấn, tư vấn viên, consultant, nhân viên tư vấn thu nhập đến triệu data có sẵn không yêu cầu kinh nghiệm, counsellor","kinh doanh, bán hàng, tư vấn, dịch vụ khách hàng",8 tr - 12 tr vnd,8.0,12.0,vnd,10.0
maintenance technician,nhân viên chính thức,nhân viên,hồ chí minh,lên đến 3 năm,"nhân viên bảo trì cơ khí, nhân viên bảo trì, tpm, nhân viên kỹ thuật sửa chữa bảo trì điện, electronics & electrical engineering, nhân viên bảo trì điện công nghiệp, electrical automation engineer, maintenance technician, plc, kỹ sư bảo trì điện tử tự động hóa","bảo trì, sửa chữa",20 tr - 32 tr vnd,20.0,32.0,vnd,26.0
sales representative office furniture,nhân viên chính thức,nhân viên,hồ chí minh,không yêu cầu,Unknown,"bán sỉ, kiến trúc, bán lẻ, nội ngoại thất",9 tr - 11 tr vnd,9.0,11.0,vnd,10.0
construction drawing hospitality projects,nhân viên chính thức,nhân viên,bình dương,4 - 10 năm,Unknown,"nghệ thuật, thiết kế, đồ gỗ, nội ngoại thất, mỹ thuật",23 tr - 50 tr vnd,23.0,50.0,vnd,36.5
video editor,thực tập,"sinh viên, thực tập sinh",hồ chí minh,không yêu cầu,"video editor, biên tập viên, designer, animation artist, nhân viên biên tập tin nội bộ","tiếp thị, marketing",2 tr - 3 tr vnd,2.0,3.0,vnd,2.5
118255 japanese speaking service engineer kỹ sư dịch vụ trading,nhân viên chính thức,nhân viên,hồ chí minh,3 - 10 năm,"kỹ sư dịch vụ trading, japanese speaking service engineer, technical assistant","kinh doanh, bán sỉ, bán hàng, bán lẻ",15 tr - 18 tr vnd,15.0,18.0,vnd,16.5
nhân viên khai báo hải quan,nhân viên chính thức,nhân viên,đồng nai,2 - 5 năm,Unknown,"giao nhận, vận chuyển, xuất nhập khẩu, kho vận",10 tr - 15 tr vnd,10.0,15.0,vnd,12.5
talent acquisition specialist,nhân viên chính thức,nhân viên,hồ chí minh,1 - 2 năm,"manager, officier, coordinator, associates accountant, nhân viên mua hàng staff, purchasing staff, staff, supervisor, executive, purchasing",nhân sự,10 tr - 15 tr vnd,10.0,15.0,vnd,12.5
staff of general affair,nhân viên chính thức,nhân viên,hưng yên,không yêu cầu,Unknown,"quản lý điều hành, thư ký, hành chính","10,6 tr - 10,6 tr vnd",10.6,10.6,vnd,10.6
trưởng nhóm it,nhân viên chính thức,"trưởng nhóm , giám sát",hà nội,3 - 5 năm,Unknown,"cntt - phần cứng, mạng, cntt - phần mềm",30 tr - 35 tr vnd,30.0,35.0,vnd,32.5
kỹ sư bán hàng sales engineer,nhân viên chính thức,nhân viên,hồ chí minh,trên 1 năm,Unknown,"cơ khí, tự động hóa, kinh doanh, ô tô, bán hàng",10 tr - 20 tr vnd,10.0,20.0,vnd,15.0
engineer of development center,nhân viên chính thức,nhân viên,bình dương,1 - 5 năm,Unknown,"điện, cơ khí, điện tử, điện lạnh, tự động hóa, điện công nghiệp, ô tô, cntt - phần mềm",15 tr - 23 tr vnd,15.0,23.0,vnd,19.0
video editor designer,nhân viên chính thức,nhân viên,hồ chí minh,lên đến 1 năm,chuyên viên thiết kế,"marketing, nghệ thuật, thiết kế, mỹ thuật, tiếp thị",9 tr - 12 tr vnd,9.0,12.0,vnd,10.5
nhân viên it helpdesk,nhân viên chính thức,nhân viên,bình dương,1 - 2 năm,"& it, phụ trách kỹ thuật, it staff, it support staff, service engineer, nhân viên hỗ trợ kỹ thuật, it support assistant, nhân viên it helpdesk, it support, technical assistant, it officer","cntt - phần cứng, mạng",10 tr - 12 tr vnd,10.0,12.0,vnd,11.0
chuyên viên quay dựng video editor,nhân viên chính thức,nhân viên,hồ chí minh,1 - 2 năm,"biên tập viên, chuyên viên quay dựng video editor, nhân viên biên tập tin nội bộ","marketing, truyền thông, nghệ thuật, thiết kế, đối ngoại, quảng cáo, mỹ thuật, tiếp thị",10 tr - 20 tr vnd,10.0,20.0,vnd,15.0
118214 site manager construction,nhân viên chính thức,quản lý,hồ chí minh,5 - 7 năm,"chỉ huy trưởng công trình, construction manager, site manager construction",xây dựng,43 tr - 50 tr vnd,43.0,50.0,vnd,46.5
data executive,nhân viên chính thức,nhân viên,hồ chí minh,trên 1 năm,"nhân viên tư vấn, chuyên viên tư vấn, tư vấn viên, customer service executive, consultant, senior consultant, counsellor","giao nhận, vận chuyển, xuất nhập khẩu, dịch vụ khách hàng, kho vận",10 tr - 12 tr vnd,10.0,12.0,vnd,11.0
video edit nv quay dựng video,nhân viên chính thức,nhân viên,hồ chí minh,1 - 3 năm,"accountant and administrative staff, chuyên viên kế toán chuyên quản, video edit nv quay dựng video, credit accountant, accounting executive, accountant cum office admin, nhân viên kế toán vật tư, nhân viên kế toán nhà máy, nhân viên phòng kế toán, kế toán kho vận, cán bộ tài chính kế toán","nghệ thuật, truyền thông, thiết kế, đối ngoại, quảng cáo, mỹ thuật",8 tr - 12 tr vnd,8.0,12.0,vnd,10.0
khối cntt nhđt middle senior backend developer,nhân viên chính thức,nhân viên,hồ chí minh,3 - 5 năm,Unknown,"cntt - phần cứng, ngân hàng, mạng, cntt - phần mềm",27 tr - 40 tr vnd,27.0,40.0,vnd,33.5
nhân viên it,nhân viên chính thức,nhân viên,thanh hóa,1 - 3 năm,Unknown,"cntt - phần cứng, mạng",8 tr - 10 tr vnd,8.0,10.0,vnd,9.0
chuyên viên tập sự khách hàng cá nhân phòng giao dịch pleiku cn gia lai,thực tập,"sinh viên, thực tập sinh",gia lai,không yêu cầu,chuyên viên tập sự khách hàng cá nhân phòng giao dịch pleiku cn. gia lai cnlt.,"bán sỉ, bảo hiểm, bán lẻ, ngân hàng",5 tr - 15 tr vnd,5.0,15.0,vnd,10.0
nhân viên bán hàng định quán đồng nai,nhân viên chính thức,nhân viên,đồng nai,1 - 2 năm,"tư vấn kinh doanh, đại diện bán hàng, đại diện kinh doanh, tư vấn bán hàng, sales representative, nhân viên bán hàng định quán đồng nai, nvkd, nhân viên kinh doanh, salesman, bán hàng","tư vấn, bán sỉ, bán lẻ, kinh doanh, bán hàng",8 tr - 12 tr vnd,8.0,12.0,vnd,10.0
chuyên viên khách hàng doanh nghiệp phòng giao dịch chư sê cn gia lai,nhân viên chính thức,nhân viên,gia lai,không yêu cầu,chuyên viên khách hàng doanh nghiệp phòng giao dịch chư sê cn. gia lai cnlt.,"ngân hàng, đầu tư, kinh doanh, bán hàng, tài chính",10 tr - 35 tr vnd,10.0,35.0,vnd,22.5
senior full stack developer,nhân viên chính thức,nhân viên,hà nội,trên 4 năm,"nodejs, aws, senior full stack developer angular","cntt - phần cứng, mạng, cntt - phần mềm",30 tr - 40 tr vnd,30.0,40.0,vnd,35.0
chuyên viên phát triển phần mềm it,nhân viên chính thức,nhân viên,hà nội,1 - 3 năm,"business development officer, chuyên viên phát triển phần mềm it","ngân hàng, cntt - phần mềm","500 - 1,000 usd",12.5,25.0,usd,18.75
lai châu hưng yên hà nội chuyên viên tư vấn bảo hiểm kênh ngân hàng vietinbank,nhân viên chính thức,nhân viên,hà nội,1 - 5 năm,"insurance counselor, lai châu hưng yên hà nội chuyên viên tư vấn bảo hiểm kênh ngân hàng vietinbank, insurance consultant, nhân viên tư vấn vay tiêu dùng, tư vấn viên bảo hiểm, nhân viên tư vấn bảo hiểm","kinh doanh, bán hàng, bảo hiểm, ngân hàng",8 tr - 12 tr vnd,8.0,12.0,vnd,10.0
chuyên viên khai báo hải quan,nhân viên chính thức,nhân viên,bà rịa  vũng tàu,1 - 2 năm,Unknown,"giao nhận, vận chuyển, kho vận",8 tr - 15 tr vnd,8.0,15.0,vnd,11.5
kế toán nội bộ tại hoàng mai hn,nhân viên chính thức,nhân viên,hà nội,1 - 2 năm,"kế toán nội bộ tại hoàng mai hn, ketoan, ketoannoibo","kế toán, kiểm toán","8,5 tr - 12 tr vnd",8.5,12.0,vnd,10.25
118309 maintenance leader manager manufacturing,nhân viên chính thức,"trưởng nhóm , giám sát",hà nam,trên 5 năm,"maintenance leader, trưởng phòng bảo trì, trưởng nhóm bảo trì, quản lý bảo trì, maintenance leader, manager manufacturing, maintenance engineer","sản xuất, vận hành sản xuất, bảo trì, sửa chữa",20 tr - 32 tr vnd,20.0,32.0,vnd,26.0
nhân viên quản lý tiêu chuẩn sức khỏe môi trường standard audit health environment,nhân viên chính thức,nhân viên,bà rịa  vũng tàu,1 - 3 năm,Unknown,"môi trường, an toàn lao động",13 tr - 20 tr vnd,13.0,20.0,vnd,16.5
nhân viên chăm sóc khách hàng hãng hàng không vietjet air không yêu cầu kinh nghiệm phỏng vấn online trước tết,nhân viên chính thức,nhân viên,hồ chí minh,không yêu cầu, nhân viên chăm sóc khách hàng hãng hàng không vietjet air không yêu cầu kinh nghiệm phỏng vấn online trước tết,"hàng không, dịch vụ khách hàng",7 tr - 8 tr vnd,7.0,8.0,vnd,7.5
giám sát bảo trì maintenance supervisor tây ninh,nhân viên chính thức,"trưởng nhóm , giám sát",tây ninh,2 - 3 năm,Unknown,"điện, sửa chữa, bảo trì, điện tử, điện lạnh, điện công nghiệp",14 tr - 17 tr vnd,14.0,17.0,vnd,15.5
nhân viên digital marketing,nhân viên chính thức,nhân viên,hồ chí minh,không yêu cầu,"marketer, marketing executive, chuyên viên pr marketing, chuyên viên social media, chuyên viên marketing online, marketing operations officer, online marketing executive, nhân viên marketing, marketing specialist","marketing, nhà hàng, thương mại điện tử, tiếp thị, khách sạn",9 tr - 12 tr vnd,9.0,12.0,vnd,10.5
chuyên viên digital marketing,nhân viên chính thức,nhân viên,hà nội,2 - 3 năm,"marketer, marketing executive, chuyên viên pr marketing, chuyên viên social media, chuyên viên marketing online, nhân viên marketing online, marketing operations officer, online marketing executive, chuyên viên digital marketing, nhân viên marketing, marketing specialist","thương mại điện tử, tiếp thị, marketing, tiếp thị trực tuyến",10 tr - 15 tr vnd,10.0,15.0,vnd,12.5
nhân viên digital marketing,nhân viên chính thức,nhân viên,hà nội,không yêu cầu,"marketer, marketing executive, chuyên viên pr marketing, chuyên viên social media, chuyên viên marketing online, nhân viên marketing online, marketing operations officer, online marketing executive, marketing specialist","marketing, truyền thông, đối ngoại, quảng cáo, tiếp thị trực tuyến, tiếp thị",10 tr - 15 tr vnd,10.0,15.0,vnd,12.5
kỹ sư embedded firmware engineer,nhân viên chính thức,nhân viên,hà nội,trên 3 năm,"firmware engineer pin bess, kỹ sư embedded","điện công nghiệp, điện lạnh, điện, điện tử",20 tr - 28 tr vnd,20.0,28.0,vnd,24.0
nhân viên khai báo hải quan,nhân viên chính thức,nhân viên,long an,1 - 2 năm,Unknown,xuất nhập khẩu,8 tr - 13 tr vnd,8.0,13.0,vnd,10.5
chuyên viên khách hàng doanh nghiệp phòng giao dịch pleiku cn gia lai,nhân viên chính thức,nhân viên,gia lai,không yêu cầu,chuyên viên khách hàng doanh nghiệp phòng giao dịch chư sê cn. gia lai cnlt.,"ngân hàng, đầu tư, kinh doanh, bán hàng, tài chính",10 tr - 35 tr vnd,10.0,35.0,vnd,22.5
dataops,nhân viên chính thức,nhân viên,hà nội,2 - 5 năm,"data flatform engineer, data specialist, data engineer",cntt - phần mềm,20 tr - 25 tr vnd,20.0,25.0,vnd,22.5
chuyên viên data engineer,nhân viên chính thức,nhân viên,hà nội,3 - 5 năm,"chuyên viên ai, chuyên viên data engineer, chuyên viên de, data engineer, de","thương mại điện tử, cntt - phần cứng, mạng, cntt - phần mềm",16 tr - 26 tr vnd,16.0,26.0,vnd,21.0
chuyên viên khoa học dữ liệu data scientist,nhân viên chính thức,nhân viên,hà nội,2 - 3 năm,"data specialist, data scientist, khoa học dữ liệu, chuyên viên thống kê, data processing, khoa học máy tính, chuyên viên phân tích và thống kê dữ liệu, ai","kinh doanh, bán hàng, thương mại điện tử, cntt - phần mềm",16 tr - 26 tr vnd,16.0,26.0,vnd,21.0
nhân viên khai thác,nhân viên chính thức,nhân viên,hải phòng,0 - 0 năm,"nhân viên khai thác thị trường, nhân viên khai thác, khai thác dịch vụ","giao nhận, vận chuyển, dịch vụ khách hàng, kho vận",8 tr - 10 tr vnd,8.0,10.0,vnd,9.0
chuyên viên digital marketing,nhân viên chính thức,nhân viên,hồ chí minh,1 - 2 năm,"marketer, marketing executive, chuyên viên pr marketing, chuyên viên social media, chuyên viên marketing online, nhân viên marketing online, marketing operations officer, online marketing executive, chuyên viên digital marketing, nhân viên marketing, marketing specialist","thương mại điện tử, tiếp thị, marketing, tiếp thị trực tuyến",10 tr - 12 tr vnd,10.0,12.0,vnd,11.0
kỹ sư vận hành nhà máy điện electrical engineer for substation operation,nhân viên chính thức,"trưởng nhóm , giám sát",đồng nai,trên 3 năm,"kỹ sư vận hành nhà máy điện, kỹ sư m&e, kỹ sư giám sát điện, kỹ sư điện, electrical engineer for substation operation, m&e engineer, kỹ sư cơ điện công trình","quản lý điều hành, bảo trì, sửa chữa",12 tr - 22 tr vnd,12.0,22.0,vnd,17.0
mechanical drawing associate engineer,nhân viên chính thức,nhân viên,hồ chí minh,trên 1 năm,Unknown,"cơ khí, bán sỉ, bán lẻ, tự động hóa, kinh doanh, ô tô, bán hàng",9 tr - 14 tr vnd,9.0,14.0,vnd,11.5
nhân viên kỹ thuật triển khai bản vẽ nội thất,nhân viên chính thức,nhân viên,hồ chí minh,2 - 3 năm,"kỹ thuật nội thất, nhân viên kỹ thuật triển khai bản vẽ nội thất, kỹ thuật triển khai 2d","cơ khí, đồ gỗ, nội ngoại thất, tự động hóa, ô tô",16 tr - 20 tr vnd,16.0,20.0,vnd,18.0
trưởng nhóm digital marketing thu nhập 25m 45m,nhân viên chính thức,"trưởng nhóm , giám sát",hà nội,1 - 2 năm,"trưởng nhóm digital marketing thu nhập m m++, online, social media","marketing, bán sỉ, bán lẻ, kinh doanh, tiếp thị, bán hàng",10 tr - 20 tr vnd,10.0,20.0,vnd,15.0
kiến trúc sư triển khai 2d,nhân viên chính thức,nhân viên,hà nội,trên 1 năm,Unknown,"nghệ thuật, thiết kế, kiến trúc, nội ngoại thất, mỹ thuật",25 tr - 30 tr vnd,25.0,30.0,vnd,27.5
tổng đài hỗ trợ khách hàng vietjet airline,nhân viên chính thức,nhân viên,hồ chí minh,không yêu cầu,dịch vụ khách hàng,"hàng không, dịch vụ khách hàng",7 tr - 8 tr vnd,7.0,8.0,vnd,7.5
process engineer,nhân viên chính thức,nhân viên,hải phòng,2 - 3 năm,"process engineer, kỹ sư quy trình, giám sát quy trình sản xuất","vận hành sản xuất, sản xuất, qc), quản lý chất lượng (qa","500 - 1,000 usd",12.5,25.0,usd,18.75
nhân viên digital marketing,nhân viên chính thức,nhân viên,hà nội,1 - 2 năm,"chuyên viên pr marketing, nhân viên marketing online, nhân viên digital marketing, nhân viên marketing, marketing specialist","marketing, truyền thông, y tế, đối ngoại, thẩm mỹ, quảng cáo, làm đẹp, tiếp thị, chăm sóc sức khỏe",15 tr - 20 tr vnd,15.0,20.0,vnd,17.5
senior digital content executive,nhân viên chính thức,nhân viên,hồ chí minh,trên 2 năm,Unknown,"giải trí, marketing, truyền thông, đối ngoại, quảng cáo, tiếp thị",trên 15 tr vnd,15.0,0.0,vnd,7.5
chuyên viên it,nhân viên chính thức,nhân viên,hồ chí minh,3 - 5 năm,"nhân viên it, it engineer, it supervisor, it executive, it staff, chuyên viên it, it support, nhân viên tin học, it helpdesk, it specialist, it officer","cntt - phần cứng, mạng, cntt - phần mềm",lên đến 22 tr vnd,0.0,22.0,vnd,11.0
sales engineer,nhân viên chính thức,nhân viên,hồ chí minh,trên 1 năm,"thiết bị quay, kỹ sư kinh doanh, technical sales engineer","điện, cơ khí, kinh doanh, điện tử, điện lạnh, tự động hóa, điện công nghiệp, ô tô, bán hàng",15 tr - 25 tr vnd,15.0,25.0,vnd,20.0
operations air export freight forwarder,nhân viên chính thức,nhân viên,hồ chí minh,1 - 5 năm,"documentation staff, export import executive, import export coordinator, air freight officer, freight forwarder, freight forwarding staff, import export documentation staff, export import specialist","giao nhận, vận chuyển, xuất nhập khẩu, kho vận",10 tr - 20 tr vnd,10.0,20.0,vnd,15.0
kỹ sư bảo trì maintenance engineer,nhân viên chính thức,nhân viên,đồng nai,trên 1 năm,Unknown,"sửa chữa, cơ khí, bảo trì, tự động hóa, ô tô",14 tr - 16 tr vnd,14.0,16.0,vnd,15.0
trưởng phòng mua hàng digitex,nhân viên chính thức,"trưởng nhóm , giám sát",hồ chí minh,3 - 5 năm,"head of office, trưởng phòng mua hàng digitex","thu mua, vật tư",15 tr - 19 tr vnd,15.0,19.0,vnd,17.0
talent acquisition manager,nhân viên chính thức,quản lý,hồ chí minh,8 - 15 năm,"manager, talent acquisition leader, recruitment manager, ta manager, head of ta, staff, supervisor, executive, talent acquisition manager",nhân sự,"1,500 - 2,000 usd",37.5,50.0,usd,43.75
mep quantity surveyor nhân viên bóc tách khối lượng cơ điện,nhân viên chính thức,nhân viên,hà nội,3 - 5 năm,"kỹ sư định giá, mep quantity surveyor qs nhân viên bóc tách khối lượng cơ điện, kỹ sư định giá xây dựng",xây dựng,16 tr - 20 tr vnd,16.0,20.0,vnd,18.0
nhân viên it helpdesk,nhân viên chính thức,nhân viên,hà nội,trên 2 năm,"& it, phụ trách kỹ thuật, it staff, it support staff, service engineer, nhân viên hỗ trợ kỹ thuật, it support assistant, nhân viên it helpdesk, it support, technical assistant, it officer","cntt - phần cứng, mạng, cntt - phần mềm",12 tr - 15 tr vnd,12.0,15.0,vnd,13.5
chăm sóc khách hàng vietjet air,nhân viên chính thức,nhân viên,hồ chí minh,không yêu cầu,"tiếng anh, chăm sóc khách hàng vietjet air tiếng việt","hàng không, giao nhận, vận chuyển, dịch vụ khách hàng, kho vận","6,5 tr - 8 tr vnd",6.5,8.0,vnd,7.25
quality management staff,nhân viên chính thức,nhân viên,hà nội,1 - 2 năm,Unknown,"điện, hóa học, điện tử, điện lạnh, điện công nghiệp",17 tr - 20 tr vnd,17.0,20.0,vnd,18.5
video editor,nhân viên chính thức,nhân viên,hồ chí minh,trên 2 năm,"video editor, nhân viên biên tập tin nội bộ, biên tập viên","truyền hình, biên tập, truyền thông, đối ngoại, quảng cáo, báo chí",10 tr - 14 tr vnd,10.0,14.0,vnd,12.0
nhân viên kinh doanh thiết bị công nghiệp sales engineer,nhân viên chính thức,nhân viên,hồ chí minh,1 - 5 năm,"sales executive, nhân viên phòng kinh doanh, chuyên viên kinh doanh, đại diện bán hàng, đại diện kinh doanh, sales engineer, nhân viên kinh doanh thiết bị công nghiệp, sales dept, salesman, nhân viên bán hàng","kinh doanh, điện, điện tử, điện lạnh, điện công nghiệp, bán hàng, bán hàng kỹ thuật",9 tr - 14 tr vnd,9.0,14.0,vnd,11.5
senior fullstack developer,nhân viên chính thức,nhân viên,hồ chí minh,5 - 10 năm,"chuyên viên công nghệ thông tin phần mềm, developer, nhân viên công nghệ thông tin",cntt - phần mềm,10 tr - 20 tr vnd,10.0,20.0,vnd,15.0
trưởng nhóm digital marketing,nhân viên chính thức,"trưởng nhóm , giám sát",hà nội,trên 1 năm,Unknown,"tiếp thị, marketing, tiếp thị trực tuyến",lên đến 20 tr vnd,0.0,20.0,vnd,10.0
process engineer,nhân viên chính thức,"trưởng nhóm , giám sát",ninh thuận,3 - 10 năm,"process engineer, kỹ sư quy trình","vận hành sản xuất, sản xuất","trên 1,000 usd",25.0,0.0,usd,12.5
garment quatility nhân viên kiểm tra chất lượng may,nhân viên chính thức,nhân viên,hồ chí minh,1 - 5 năm,"dqa), garment quality assurance, qa, qc, factory quality assurance (fqa, kiểm tra chất lượng, nhân viên kiểm tra chất lượng sản phẩm","dệt may, da giày, vận hành sản xuất, sản xuất, thời trang",lên đến 20 tr vnd,0.0,20.0,vnd,10.0
internal audit executive,nhân viên chính thức,nhân viên,đồng nai,1 - 2 năm,"audit, internal audit executive months, internal audit, kiểm toán nội bộ, kiểm toán viên, kiểm soát nội bộ","thực phẩm & đồ uống, kế toán, kiểm toán","8,5 tr - 8,7 tr vnd",8.5,8.7,vnd,8.6
115938 credit collection executive machinery,nhân viên chính thức,nhân viên,hồ chí minh,2 - 7 năm,"nhân viên tư vấn, chuyên viên tư vấn, credit & collection executive machinery, tư vấn viên, consultant, senior consultant, counsellor","điện, cơ khí, điện tử, điện lạnh, tự động hóa, điện công nghiệp, ô tô, vận hành sản xuất, sản xuất",20 tr - 23 tr vnd,20.0,23.0,vnd,21.5
engineer for process engineering,nhân viên chính thức,nhân viên,bình dương,2 - 3 năm,Unknown,"môi trường, hóa học, giáo dục, đào tạo",20 tr - 30 tr vnd,20.0,30.0,vnd,25.0
talent acquisition specialist,nhân viên chính thức,nhân viên,hồ chí minh,3 - 5 năm,"manager, officier, coordinator, associates accountant, nhân viên mua hàng staff, talent acquisition specialist, purchasing staff, staff, supervisor, executive, purchasing","nhân sự, thư ký, hành chính, dịch vụ khách hàng",15 tr - 20 tr vnd,15.0,20.0,vnd,17.5
nhân viên kinh doanh thị trường khu vực đăk lăk kon tum gia lai,nhân viên chính thức,nhân viên,kon tum,trên 1 năm,"sales executive, nhân viên phòng kinh doanh, chuyên viên kinh doanh, kon tum, đại diện kinh doanh, nhân viên kinh doanh thị trường khu vực: đăk lăk, đại diện bán hàng, sales engineer, sales dept, telesales, salesman, gia lai, nhân viên bán hàng","dược phẩm, hóa mỹ phẩm, chăm sóc cá nhân, kinh doanh, bán hàng, hàng gia dụng",12 tr - 20 tr vnd,12.0,20.0,vnd,16.0
chuyên viên tập sự khách hàng doanh nghiệp phòng giao dịch pleiku cn gia lai,thực tập,"sinh viên, thực tập sinh",gia lai,không yêu cầu,chuyên viên tập sự khách hàng doanh nghiệp phòng giao dịch chư sê cn. gia lai cnlt.,"ngân hàng, đầu tư, kinh doanh, bán hàng, tài chính","2,5 tr - 15 tr vnd",2.5,15.0,vnd,8.75
senior digital media planner,nhân viên chính thức,nhân viên,hồ chí minh,trên 3 năm,"online, marketing planner, digital media planner, social media, media planner, digital planning, senior digital media planner","tổ chức sự kiện, marketing, truyền thông, đối ngoại, quảng cáo, tiếp thị",20 tr - 25 tr vnd,20.0,25.0,vnd,22.5
nhân viên editor video hình ảnh,nhân viên chính thức,nhân viên,hồ chí minh,trên 1 năm,"nhân viên editor video & hình ảnh, nhân viên biên tập tin nội bộ, biên tập viên","truyền hình, marketing, biên tập, tiếp thị trực tuyến, tiếp thị, báo chí",trên 10 tr vnd,10.0,0.0,vnd,5.0
116736 chinese speaking mechanical engineer water treatment,nhân viên chính thức,nhân viên,bình dương,3 - 5 năm,"kỹ sư cơ khí, kỹ sư cơ giới, chinese speaking mechanical engineer waste water treatment, kỹ sư cơ khí ô tô động lực","sản xuất, kiến trúc, vận hành sản xuất, xây dựng",25 tr - 40 tr vnd,25.0,40.0,vnd,32.5
kỹ sư revit cơ điện mep,nhân viên chính thức,nhân viên,hà nội,không yêu cầu,Unknown,"điện, kiến trúc, xây dựng, điện tử, điện lạnh, điện công nghiệp",10 tr - 20 tr vnd,10.0,20.0,vnd,15.0
116574 quality manager trưởng phòng chất lượng manufacturing,nhân viên chính thức,quản lý,hồ chí minh,3 - 7 năm,"trưởng phòng quản lý chất lượng, giám đốc chất lượng, qa, qc director, quality manager, qc manager, trưởng phòng chất lượng manufacturing, quality management director, quality management manager, qc division head, trưởng bộ phận quản lý chất lượng","vận hành sản xuất, sản xuất",23 tr - 33 tr vnd,23.0,33.0,vnd,28.0
design engineer,nhân viên chính thức,nhân viên,hồ chí minh,1 - 2 năm,Unknown,"điện, xây dựng, điện tử, điện lạnh, điện công nghiệp",7 tr - 10 tr vnd,7.0,10.0,vnd,8.5
sales engineer – commercial product services,nhân viên chính thức,nhân viên,hồ chí minh,trên 3 năm,"kỹ sư kinh doanh, service engineer, sales engineer – commercial product services hanoi & hcm, kỹ sư bán hàng","cơ khí, tự động hóa, kinh doanh, ô tô, bán hàng, công nghệ sinh học",trên 15 tr vnd,15.0,0.0,vnd,7.5
phó phòng khách hàng doanh nghiệp chi nhánh đồng nai hdbank hố nai,nhân viên chính thức,quản lý,đồng nai,2 - 3 năm,Unknown,ngân hàng,31 tr - 39 tr vnd,31.0,39.0,vnd,35.0
tổng đài chăm sóc khách hàng hãng hàng không vietjet air line tiếng việt anh không yêu cầu kinh nghiệm đào tạo có lương,nhân viên chính thức,nhân viên,hồ chí minh,không yêu cầu,"anh không yêu cầu kinh nghiệm đào tạo có lương, tổng đài chăm sóc khách hàng hãng hàng không vietjet air line tiếng việt","hàng không, dịch vụ khách hàng",7 tr - 8 tr vnd,7.0,8.0,vnd,7.5
quality assurance manager,nhân viên chính thức,quản lý,bình dương,trên 5 năm,Unknown,"đồ gỗ, qc), vận hành sản xuất, sản xuất, quản lý chất lượng (qa","1,800 - 2,500 usd",45.0,62.5,usd,53.75
trưởng nhóm digital marketing,nhân viên chính thức,"trưởng nhóm , giám sát",hà nội,trên 3 năm,digital marketing,"bán sỉ, bán hàng, bán lẻ, kinh doanh",20 tr - 30 tr vnd,20.0,30.0,vnd,25.0
digital marketing content leader,nhân viên chính thức,nhân viên,hồ chí minh,3 - 5 năm,Unknown,"tiếp thị, marketing, nội ngoại thất, tiếp thị trực tuyến",15 tr - 20 tr vnd,15.0,20.0,vnd,17.5
community manager,nhân viên chính thức,nhân viên,hồ chí minh,2 - 3 năm,"manager, officier, coordinator, nhân viên mua hàng staff, associates accountant, purchasing staff, staff, supervisor, executive, purchasing, community manager, specialist","marketing, y tế, thẩm mỹ, làm đẹp, kinh doanh, tiếp thị, bán hàng, chăm sóc sức khỏe",12 tr - 15 tr vnd,12.0,15.0,vnd,13.5
senior frontend developer,nhân viên chính thức,nhân viên,hồ chí minh,3 - 5 năm,"web developer, frontend developer, lập trình viên, game developer, frontend, software developer, advert developer, senior frontend developer","cntt - phần cứng, mạng, cntt - phần mềm",30 tr - 50 tr vnd,30.0,50.0,vnd,40.0
cold chain logistics supervisor id25770,nhân viên chính thức,"trưởng nhóm , giám sát",hồ chí minh,3 - 5 năm," cold chain logistics supervisor id, , manager, officier, coordinator, associates accountant, nhân viên mua hàng staff, purchasing staff, staff, specialist, executive, purchasing","sản xuất, giao nhận, vận chuyển, qc), vận hành sản xuất, kho vận, quản lý chất lượng (qa",15 tr - 20 tr vnd,15.0,20.0,vnd,17.5
digital business administrative development executive,nhân viên chính thức,nhân viên,hồ chí minh,3 - 10 năm,"marketing executive, chuyên viên tư vấn, trợ lý, tư vấn viên, customer service executive, consultant, customer service staff, admin executive","marketing, kinh doanh, tiếp thị, bán hàng, dịch vụ khách hàng",14 tr - 40 tr vnd,14.0,40.0,vnd,27.0
maintenance supervisor,nhân viên chính thức,nhân viên,bình dương,3 - 5 năm,Unknown,"sửa chữa, cơ khí, bảo trì, tự động hóa, ô tô",18 tr - 23 tr vnd,18.0,23.0,vnd,20.5
chuyên viên lập trình mobile developers,nhân viên chính thức,nhân viên,hà nội,1 - 3 năm,"web developer, chuyên viên lập trình mobile developers fullter, react native, lập trình viên, web programmer",cntt - phần mềm,15 tr - 25 tr vnd,15.0,25.0,vnd,20.0
nhân viên digital marketing,nhân viên chính thức,nhân viên,hồ chí minh,1 - 2 năm,"marketer, marketing executive, chuyên viên pr marketing, chuyên viên social media, nhân viên marketing online, chuyên viên marketing online, nhân viên digital marketing hệ thống mẹ và bé, marketing operations officer, online marketing executive, nhân viên marketing, marketing specialist","tổ chức sự kiện, truyền hình, marketing, biên tập, tiếp thị, báo chí",10 tr - 13 tr vnd,10.0,13.0,vnd,11.5
senior talent acquisition,nhân viên chính thức,"trưởng nhóm , giám sát",hồ chí minh,5 - 8 năm,"mass recruitment, executive recruitment, recruiter, retails, employer branding","mạng, bán sỉ, bán lẻ, cntt - phần cứng, cntt - phần mềm",18 tr - 30 tr vnd,18.0,30.0,vnd,24.0
quản lý kỹ thuật xe container,nhân viên chính thức,"trưởng nhóm , giám sát",hải phòng,3 - 5 năm,Unknown,"sửa chữa, cơ khí, bảo trì, tự động hóa, ô tô",15 tr - 20 tr vnd,15.0,20.0,vnd,17.5
nhân viên videos editor,nhân viên chính thức,nhân viên,hồ chí minh,không yêu cầu,"biên tập viên, nhân viên videos editor, nhân viên biên tập tin nội bộ","thẩm mỹ, y tế, chăm sóc sức khỏe, làm đẹp",8 tr - 12 tr vnd,8.0,12.0,vnd,10.0
lập trình viên frontend,nhân viên chính thức,nhân viên,hà nội,trên 3 năm,"chuyên viên lập trình, kỹ sư software, software engineer, nhân viên lập trình, kỹ sư lập trình, lập trình viên frontend, kỹ sư phần mềm","cntt - phần cứng, mạng, cntt - phần mềm",15 tr - 30 tr vnd,15.0,30.0,vnd,22.5
software mid level engineer,nhân viên chính thức,nhân viên,hà nội,trên 2 năm,"developer, lập trình, dotnet, java, php",cntt - phần mềm,trên 30 tr vnd,30.0,0.0,vnd,15.0
process engineer leader,nhân viên chính thức,"trưởng nhóm , giám sát",hồ chí minh,trên 5 năm," process engineer leader water treatment m m, kỹ sư quy trình","môi trường, hóa học, công nghệ sinh học",37 tr - 45 tr vnd,37.0,45.0,vnd,41.0
vb6 developer,nhân viên chính thức,nhân viên,hồ chí minh,3 - 15 năm,Unknown,cntt - phần mềm,15 tr - 30 tr vnd,15.0,30.0,vnd,22.5
nhân viên phát triển bền vững sustainability staff,nhân viên chính thức,nhân viên,gia lai,không yêu cầu,Unknown,nông nghiệp,5 tr - 8 tr vnd,5.0,8.0,vnd,6.5
nhân viên bảo trì maintenance staff,nhân viên chính thức,nhân viên,bình dương,1 - 5 năm,"nhân viên bảo trì, kỹ thuật viên bảo trì, kỹ sư bảo dưỡng, nhân viên bảo dưỡng, chuyên viên bảo trì, kỹ thuật bảo trì, maintenance man, maintenance staff vị trí, chuyên viên bảo dưỡng, nhân viên kỹ thuật bảo trì, kỹ sư bảo trì, nhân viên sửa máy","điện, sửa chữa, cơ khí, bảo trì, điện tử, điện lạnh, tự động hóa, điện công nghiệp, ô tô",14 tr - 18 tr vnd,14.0,18.0,vnd,16.0
giám đốc trung tâm blockchain,nhân viên chính thức,giám đốc,hà nội,5 - 12 năm,"giám đốc trung tâm blockchain, wallets, ví điện tử, network, crypto, bitcoin, blockchain, defi, tiền kỹ thuật số, ethereum","thương mại điện tử, đầu tư, tài chính, cntt - phần mềm",60 tr - 100 tr vnd,60.0,100.0,vnd,80.0
chuyên viên digital marketing,nhân viên chính thức,nhân viên,hồ chí minh,1 - 2 năm,"marketer, marketing executive, chuyên viên pr marketing, chuyên viên social media, chuyên viên marketing online, nhân viên marketing online, marketing operations officer, online marketing executive, chuyên viên digital marketing, nhân viên marketing, marketing specialist","tiếp thị, marketing, giáo dục, đào tạo",11 tr - 13 tr vnd,11.0,13.0,vnd,12.0
senior java developer squad lead dxdb msb df 3i094,nhân viên chính thức,nhân viên,hà nội,3 - 5 năm,".net developer, java android programmer, frontend developer, lập trình viên, game developer, net android ios programmer, software developer, advert developer, embedded software engineer, asp net software developer","ngân hàng, cntt - phần mềm","1,000 - 1,200 usd",25.0,30.0,usd,27.5
video editor graphic designer,nhân viên chính thức,nhân viên,hồ chí minh,lên đến 1 năm,"ui designer, video editor, graphic design, họa viên, graphic designer, ux designer","thiết kế, nghệ thuật, mỹ thuật, cntt - phần mềm",12 tr - 20 tr vnd,12.0,20.0,vnd,16.0
recruitment team leader,nhân viên chính thức,"trưởng nhóm , giám sát",hồ chí minh,3 - 5 năm,Unknown,"tư vấn, nhân sự, quản lý điều hành",15 tr - 20 tr vnd,15.0,20.0,vnd,17.5
talent acquisition intern,thực tập,"sinh viên, thực tập sinh",hồ chí minh,không yêu cầu,"ta intern, talent acquisition, intern, hr, nhân sự","mới tốt nghiệp, thực tập, bán sỉ, bán lẻ, nhân sự",3 tr - 5 tr vnd,3.0,5.0,vnd,4.0
118307 sales engineer kỹ sư kinh doanh lab instruments,nhân viên chính thức,nhân viên,hồ chí minh,2 - 3 năm," sales engineer kỹ sư kinh doanh lab instruments, sales engineer, technical sales engineer","y tế, thẩm mỹ, làm đẹp, công nghệ sinh học, chăm sóc sức khỏe, bán hàng kỹ thuật",20 tr - 30 tr vnd,20.0,30.0,vnd,25.0
video editor,nhân viên chính thức,nhân viên,hà nội,trên 1 năm,"tiktok editor, biên tập viên, video editor thu nhập triệu, editor, edit tiktok, tháng, nhân viên biên tập tin nội bộ","truyền hình, biên tập, truyền thông, đối ngoại, đào tạo, quảng cáo, giáo dục, báo chí",10 tr - 15 tr vnd,10.0,15.0,vnd,12.5
digital marketing executive,nhân viên chính thức,nhân viên,hà nội,2 - 5 năm,"marketer, marketing executive, chuyên viên pr marketing, digital marketing executive, chuyên viên marketing online, chuyên viên social media, nhân viên marketing online, marketing operations officer, online marketing executive, nhân viên marketing, marketing specialist","marketing, bán sỉ, bán lẻ, thương mại điện tử, tiếp thị",10 tr - 15 tr vnd,10.0,15.0,vnd,12.5
video editor,nhân viên chính thức,nhân viên,hà nội,1 - 2 năm,"biên tập viên, video editor nhân viên media chỉnh sửa video tại hà nội thu nhập triệu, nhân viên biên tập tin nội bộ","thiết kế, nghệ thuật, mỹ thuật",13 tr - 15 tr vnd,13.0,15.0,vnd,14.0
chuyên viên tập sự khách hàng cá nhân phòng giao dịch chư sê cn gia lai,thực tập,"sinh viên, thực tập sinh",gia lai,không yêu cầu,chuyên viên tập sự khách hàng cá nhân phòng giao dịch chư sê cn. gia lai cnlt.,"bán sỉ, bảo hiểm, bán lẻ, ngân hàng",5 tr - 15 tr vnd,5.0,15.0,vnd,10.0
lập trình viên fullstack net,nhân viên chính thức,nhân viên,hà nội,2 - 5 năm,".net, lập trình viên . net, fullstack, lập trình viên",cntt - phần mềm,15 tr - 25 tr vnd,15.0,25.0,vnd,20.0
air sea freight sales,nhân viên chính thức,"trưởng nhóm , giám sát",bắc ninh,2 - 3 năm,"air & sea freight sales, chuyên viên kinh doanh, nhân viên kinh doanh, air freight supervisor","kinh doanh, bán hàng, hàng không, xuất nhập khẩu",15 tr - 20 tr vnd,15.0,20.0,vnd,17.5
video editor,nhân viên chính thức,nhân viên,hà nội,lên đến 1 năm,"biên tập viên, nhân viên biên tập tin nội bộ, nhân viên editor video fulltime","truyền hình, marketing, biên tập, truyền thông, đối ngoại, quảng cáo, tiếp thị, báo chí",10 tr - 14 tr vnd,10.0,14.0,vnd,12.0
video editor,nhân viên chính thức,nhân viên,hồ chí minh,không yêu cầu,"video editor lương cứng tối thiểu .. vnđ làm việc tại quận, linux + audio video, biên tập viên, editor, nhân viên biên tập tin nội bộ, nhân viên quay phim","truyền hình, marketing, biên tập, truyền thông, đối ngoại, quảng cáo, tiếp thị, báo chí",15 tr - 20 tr vnd,15.0,20.0,vnd,17.5
sale engineer mảng cơ điện năng lượng mặt trời,nhân viên chính thức,nhân viên,hà nội,trên 1 năm,"sale engineer, sale engineer mảng cơ điện năng lượng mặt trời backoffice, điều hành kinh doanh, cơ điện, năng lượng mặt trời","kinh doanh, điện, điện tử, điện lạnh, điện công nghiệp, bán hàng",15 tr - 20 tr vnd,15.0,20.0,vnd,17.5
nhân viên khai phát,nhân viên chính thức,nhân viên,bình dương,không yêu cầu,Unknown,"vận hành sản xuất, sản xuất, biên phiên dịch",10 tr - 16 tr vnd,10.0,16.0,vnd,13.0
mechanical engineering manager,nhân viên chính thức,nhân viên,quảng ninh,10 - 15 năm,"kỹ sư cơ giới, mechanical engineering manager, kỹ sư cơ khí, kỹ sư cơ khí ô tô động lực",xây dựng,"1,000 - 1,500 usd",25.0,37.5,usd,31.25
assistant to area store chain director do center at go da nang,nhân viên chính thức,"trưởng nhóm , giám sát",đà nẵng,2 - 5 năm,"assistant to area store chain director do center at go! da nang, trợ lý","thư ký, hành chính, nhân sự",trên 10 tr vnd,10.0,0.0,vnd,5.0
full stack developer,nhân viên chính thức,nhân viên,hồ chí minh,2 - 3 năm,Unknown,cntt - phần mềm,12 tr - 18 tr vnd,12.0,18.0,vnd,15.0
cửa hàng trưởng thành phố lai châu,nhân viên chính thức,quản lý,lai châu,1 - 3 năm,"cửa hàng trưởng thành phố lai châu, store manager","dệt may, da giày, bán sỉ, bán lẻ, thời trang",10 tr - 20 tr vnd,10.0,20.0,vnd,15.0
qa qc supervisor senior qa engineer,nhân viên chính thức,"trưởng nhóm , giám sát",hà nội,3 - 5 năm,"qa supervisor, quality control supervisor, bo mạch điện tử, qa, quality assurance supervisor, pcb, senior qa engineer circuit boards, sói biển trung thực, pcba, qc supervisor, quality supervisor","điện, điện tử, điện lạnh, qc), điện công nghiệp, vận hành sản xuất, sản xuất, quản lý chất lượng (qa",17 tr - 25 tr vnd,17.0,25.0,vnd,21.0
wind turbine installation engineer,nhân viên chính thức,nhân viên,quảng trị,2 - 3 năm,Unknown,"điện, cơ khí, điện tử, điện lạnh, tự động hóa, điện công nghiệp, ô tô",15 tr - 35 tr vnd,15.0,35.0,vnd,25.0
nhân viên it,nhân viên chính thức,nhân viên,long an,1 - 3 năm,Unknown,"mạng, cntt - phần cứng, vận hành sản xuất, sản xuất, cntt - phần mềm",10 tr - 12 tr vnd,10.0,12.0,vnd,11.0
chuyên viên tập sự ub phòng giao dịch chư sê cn gia lai,thực tập,"sinh viên, thực tập sinh",gia lai,không yêu cầu,chuyên viên tập sự ub cn. gia lai cnlt.,"ngân hàng, đầu tư, kinh doanh, bán hàng, tài chính","2,5 tr - 15 tr vnd",2.5,15.0,vnd,8.75
it business analyst,nhân viên chính thức,nhân viên,hồ chí minh,2 - 4 năm,"hệ thống thông tin quản lý, software business analyst, it business support analyst, phân tích hệ thống kinh doanh, web product mananger, chuyên viên phân tích hệ thống, it product mananger",cntt - phần mềm,15 tr - 22 tr vnd,15.0,22.0,vnd,18.5
nhân viên khai thác giày mẫu,nhân viên chính thức,nhân viên,hồ chí minh,không yêu cầu,Unknown,"dệt may, da giày, biên phiên dịch, dịch vụ khách hàng, thời trang",8 tr - 15 tr vnd,8.0,15.0,vnd,11.5
middle senior fullstack dev,nhân viên chính thức,nhân viên,hồ chí minh,3 - 5 năm,".net, developer, nodejs, lập trình, back end, c++, c, ios, javascript, java, php, middle senior fullstack dev net frontend and english",cntt - phần mềm,15 tr - 30 tr vnd,15.0,30.0,vnd,22.5
customs affairs specicalist chuyên viên thông quan,nhân viên chính thức,nhân viên,hồ chí minh,2 - 5 năm,Unknown,"quản lý điều hành, giao nhận, vận chuyển, xuất nhập khẩu, kho vận",15 tr - 25 tr vnd,15.0,25.0,vnd,20.0
leader digital marketing,nhân viên chính thức,"trưởng nhóm , giám sát",hà nội,1 - 2 năm,"online, digital marketer, leader digital marketing ngành mỹ phẩm, digital marketing executive, digital marketing manager, social media, digital marketing specialist","marketing, truyền thông, đối ngoại, quảng cáo, tiếp thị trực tuyến, tiếp thị",18 tr - 20 tr vnd,18.0,20.0,vnd,19.0
chuyên viên tập sự khách hàng doanh nghiệp cn thanh oai,thực tập,"sinh viên, thực tập sinh",hà nội,không yêu cầu,chuyên viên tập sự khách hàng doanh nghiệp cn. thanh oai cnlt.,"ngân hàng, đầu tư, kinh doanh, bán hàng, tài chính","2,5 tr - 15 tr vnd",2.5,15.0,vnd,8.75
ruby junior developer,nhân viên chính thức,nhân viên,hồ chí minh,2 - 4 năm,"software developer asp net, frontend developer, lập trình viên, game developer, developer internship, software developer, ruby junior developer, advert developer, backend engineer, asp net software developer",cntt - phần mềm,28 tr - 32 tr vnd,28.0,32.0,vnd,30.0
nhân viên bán hàng showroom tttm lotte liễu giai,nhân viên chính thức,nhân viên,hà nội,trên 1 năm,Unknown,"marketing, tiếp thị trực tuyến, kinh doanh, tiếp thị, bán hàng",7 tr - 20 tr vnd,7.0,20.0,vnd,13.5
giám đốc trung tâm khách hàng doanh nghiệp cmbc an nhơn cmbc hố nai 3,nhân viên chính thức,phó giám đốc,bình định,3 - 5 năm,"giám đốc trung tâm khách hàng doanh nghiệp cmbc an nhơn cmbc hố nai, director",ngân hàng,56 tr - 70 tr vnd,56.0,70.0,vnd,63.0
odoo developer,nhân viên chính thức,nhân viên,hà nội,3 - 4 năm,"odoo developer, odoo, python",cntt - phần mềm,20 tr - 35 tr vnd,20.0,35.0,vnd,27.5
khai job đầu xuân tổng đài viên đối tác ngân hàng techcombank không yêu cầu kinh nghiệm,nhân viên chính thức,nhân viên,hà nội,không yêu cầu, khai job đầu xuân tổng đài viên đối tác ngân hàng techcombank không yêu cầu kinh nghiệm,"kiến trúc, luật, du lịch, pháp lý","6,5 tr - 8 tr vnd",6.5,8.0,vnd,7.25
chuyên viên digital marketing,nhân viên chính thức,nhân viên,hà nội,3 - 5 năm,Unknown,"truyền hình, marketing, biên tập, truyền thông, đối ngoại, quảng cáo, tiếp thị, báo chí",13 tr - 18 tr vnd,13.0,18.0,vnd,15.5
chuyên viên hỗ trợ vận hành và người dùng it helpdesk thái nguyên,nhân viên chính thức,nhân viên,thái nguyên,1 - 2 năm,"service engineer, nhân viên hỗ trợ kỹ thuật, it support assistant, chuyên viên hỗ trợ vận hành và người dùng it helpdesk thái nguyên, it support, technical assistant","cntt - phần cứng, ngân hàng, mạng",400 - 600 usd,10.0,15.0,usd,12.5
chuyên viên digital marketing,nhân viên chính thức,nhân viên,hà nội,1 - 2 năm,"marketer, marketing executive, chuyên viên pr marketing, chuyên viên social media, chuyên viên marketing online, nhân viên marketing online, marketing operations officer, online marketing executive, chuyên viên digital marketing, nhân viên marketing, marketing specialist","marketing, truyền thông, đối ngoại, quảng cáo, tiếp thị trực tuyến, tiếp thị",13 tr - 18 tr vnd,13.0,18.0,vnd,15.5
chuyên viên ứng dụng ai,nhân viên chính thức,nhân viên,hồ chí minh,1 - 2 năm,"business development officer, chuyên viên phát triển ứng dụng ai","đối ngoại, ngành khác, truyền thông, quảng cáo",10 tr - 15 tr vnd,10.0,15.0,vnd,12.5
116439 water treatment engineer water treatment,nhân viên chính thức,nhân viên,bắc ninh,trên 3 năm,"nhân viên xử lý nước, water quality specialist, water treatment, watershed management specialist, waste water treatment specialist, nhân viên xử lý nước thải","ngành khác, xây dựng",15 tr - 25 tr vnd,15.0,25.0,vnd,20.0
fit up supervisor work at an hạ industrial zone bình chánh district hcm city,nhân viên chính thức,nhân viên,hồ chí minh,lên đến 2 năm,"quản lý sản xuất, kết cấu thép, giám sát sản xuất, quản lý chất lượng","cơ khí, xây dựng, tự động hóa, ô tô, vận hành sản xuất, sản xuất",15 tr - 20 tr vnd,15.0,20.0,vnd,17.5
10 kỹ sư thiết kế cơ khí r d mechanical design engineer,nhân viên chính thức,nhân viên,hà nội,trên 1 năm,"kỹ sư thiết kế cơ khí r&d mechanical design engineer, điện tử gia dụng, r&d, điện tử","điện, mạng, điện tử, điện lạnh, điện công nghiệp, cntt - phần cứng",12 tr - 35 tr vnd,12.0,35.0,vnd,23.5
nhân viên it helpdesk,nhân viên chính thức,nhân viên,hà nội,2 - 3 năm,Unknown,"cntt - phần cứng, mạng, cntt - phần mềm",13 tr - 15 tr vnd,13.0,15.0,vnd,14.0
video editor,nhân viên chính thức,nhân viên,hà nội,2 - 5 năm,"media, chỉnh sữa video, video editor, video, editor","marketing, truyền thông, đối ngoại, quảng cáo, tiếp thị",15 tr - 20 tr vnd,15.0,20.0,vnd,17.5
content writer,nhân viên chính thức,nhân viên,hà nội,1 - 2 năm,"content staff, content executive, content writer, nhân viên nội dung, copywriter","truyền hình, marketing, biên tập, truyền thông, đối ngoại, quảng cáo, tiếp thị, báo chí",9 tr - 12 tr vnd,9.0,12.0,vnd,10.5
trưởng nhóm kho đồng nai,nhân viên chính thức,"trưởng nhóm , giám sát",đồng nai,2 - 3 năm,Unknown,"giao nhận, vận chuyển, kho vận",13 tr - 15 tr vnd,13.0,15.0,vnd,14.0
mechanical project engineer,nhân viên chính thức,nhân viên,long an,1 - 3 năm,Unknown,"sửa chữa, cơ khí, bảo trì, tự động hóa, ô tô, vận hành sản xuất, sản xuất",20 tr - 25 tr vnd,20.0,25.0,vnd,22.5
tuyển dụng sale lào cai kênh on,nhân viên chính thức,nhân viên,phú thọ,không yêu cầu,Unknown,"marketing, bán sỉ, bán lẻ, kinh doanh, tiếp thị, bán hàng",11 tr - 17 tr vnd,11.0,17.0,vnd,14.0
thành phố lai châu nhân viên tư vấn tín dụng kênh trả góp smc lcu,toàn thời gian cố định,"chuyên viên, nhân viên",lai châu,không yêu cầu,", bán hàng kinh doanh, bán sỉ bán lẻ quản lý cửa hàng, chăm sóc khách hàng",", bán hàng - kinh doanh, bán sỉ - bán lẻ - quản lý cửa hàng, chăm sóc khách hàng",8 - 12 triệu,8.0,12.0,vnd,10.0
nhân viên it,toàn thời gian cố định,"chuyên viên, nhân viên",hà nội,không yêu cầu,", it phần cứng mạng, it phần mềm",", it phần cứng - mạng, it phần mềm",40 - 50 triệu,40.0,50.0,vnd,45.0
nhân viên kinh doanh thị trường tại đồng nai,toàn thời gian cố định,"chuyên viên, nhân viên",đồng nai,không yêu cầu,", marketing, quản lý dự án, bán hàng kinh doanh",", marketing, quản lý dự án, bán hàng - kinh doanh",8 - 15 triệu,8.0,15.0,vnd,11.5
nhân viên kinh doanh kỹ thuật sales engineer,toàn thời gian cố định,"chuyên viên, nhân viên",hà nội,không yêu cầu,", khoa học kỹ thuật, bán hàng kinh doanh, cơ khí ô tô tự động hóa",", khoa học - kỹ thuật, bán hàng - kinh doanh, cơ khí - ô tô - tự động hóa",15 - 30 triệu,15.0,30.0,vnd,22.5
nhân viên vận hành điều phối điều độ xe container,khác,"chuyên viên, nhân viên",tây ninh,không yêu cầu,", xuất nhập khẩu, vận tải lái xe giao nhận",", xuất nhập khẩu, vận tải - lái xe - giao nhận",8 - 12 triệu,8.0,12.0,vnd,10.0
tài xế xe tải xe container,toàn thời gian cố định,"chuyên viên, nhân viên",bình dương,không yêu cầu,", lao động phổ thông, xuất nhập khẩu, vận tải lái xe giao nhận",", vận tải - lái xe - giao nhận, xuất nhập khẩu, lao động phổ thông",15 - 30 triệu,15.0,30.0,vnd,22.5
nhân viên thiết kế 3d autocad tại biên hòa đồng nai,toàn thời gian cố định,"chuyên viên, nhân viên",đồng nai,không yêu cầu,", khoa học kỹ thuật, điện điện tử điện lạnh, cơ khí ô tô tự động hóa",", khoa học - kỹ thuật, điện - điện tử - điện lạnh, cơ khí - ô tô - tự động hóa",8 - 15 triệu,8.0,15.0,vnd,11.5
nhân viên kỹ thuật it điện điện tử thu nhập đến 10 triệu,toàn thời gian cố định,"chuyên viên, nhân viên",hà nội,không yêu cầu,", it phần cứng mạng, điện điện tử điện lạnh",", it phần cứng - mạng, điện - điện tử - điện lạnh",7 - 10 triệu,7.0,10.0,vnd,8.5
lai châu nữ bán hàng tại thị trường,toàn thời gian cố định,cộng tác viên,lai châu,không yêu cầu,", bán hàng kinh doanh, lao động phổ thông, chăm sóc khách hàng",", bán hàng - kinh doanh, lao động phổ thông, chăm sóc khách hàng",8 - 12 triệu,8.0,12.0,vnd,10.0
nhân viên digital marketing đi làm ngay,toàn thời gian cố định,"chuyên viên, nhân viên",hà nội,không yêu cầu,", marketing, bất động sản",", marketing, bất động sản",12 - 18 triệu,12.0,18.0,vnd,15.0
kỹ sư bán hàng sales engineer,toàn thời gian cố định,"chuyên viên, nhân viên",hồ chí minh,không yêu cầu,", khoa học kỹ thuật, bán hàng kinh doanh, vận hành bảo trì bảo dưỡng",", khoa học - kỹ thuật, bán hàng - kinh doanh, vận hành - bảo trì - bảo dưỡng",7 - 20 triệu,7.0,20.0,vnd,13.5
nhân viên it mạng phần cứng đi làm ngay thu nhập từ 11 16 triệu,toàn thời gian cố định,"chuyên viên, nhân viên",hà nội,không yêu cầu,it phần cứng mạng,it phần cứng - mạng,11 - 16 triệu,11.0,16.0,vnd,13.5
nhân viên video editor,toàn thời gian cố định,"chuyên viên, nhân viên",hải phòng,không yêu cầu,", marketing, truyền hình báo chí biên tập",", marketing, truyền hình - báo chí - biên tập",9 - 15 triệu,9.0,15.0,vnd,12.0
gia lai nhân viên hỗ trợ thanh toán địa bàn cfi gl,toàn thời gian cố định,"chuyên viên, nhân viên",gia lai,không yêu cầu,", bán hàng kinh doanh, ngân hàng, tài chính đầu tư chứng khoán",", bán hàng - kinh doanh, ngân hàng, tài chính - đầu tư - chứng khoán",15 - 30 triệu,15.0,30.0,vnd,22.5
nhân viên it,toàn thời gian cố định,"chuyên viên, nhân viên",bình dương,không yêu cầu,", it phần cứng mạng, khoa học kỹ thuật, it phần mềm",", it phần cứng - mạng, khoa học - kỹ thuật, it phần mềm",9 - 12 triệu,9.0,12.0,vnd,10.5
it helpdesk,toàn thời gian cố định,"chuyên viên, nhân viên",hồ chí minh,không yêu cầu,", it phần cứng mạng, it phần mềm",", it phần cứng - mạng, it phần mềm",13 - 15 triệu,13.0,15.0,vnd,14.0
nhân viên kinh doanh phần mềm website lương cơ bản upto 13tr hoa hồng upto 43 phụ cấp đãi ngộ hấp dẫn đầy đủ chế độ,toàn thời gian cố định,"chuyên viên, nhân viên",hưng yên,không yêu cầu,", bán hàng kinh doanh, khách sạn nhà hàng du lịch, bán sỉ bán lẻ quản lý cửa hàng",", khách sạn - nhà hàng - du lịch, bán hàng - kinh doanh, bán sỉ - bán lẻ - quản lý cửa hàng",10 - 25 triệu,10.0,25.0,vnd,17.5
giám sát kênh điện máy tại lai châu sed lc,toàn thời gian cố định,"quản lý nhóm, giám sát",lai châu,không yêu cầu,", bán hàng kinh doanh, bán sỉ bán lẻ quản lý cửa hàng, tài chính đầu tư chứng khoán",", bán hàng - kinh doanh, bán sỉ - bán lẻ - quản lý cửa hàng, tài chính - đầu tư - chứng khoán",15 - 25 triệu,15.0,25.0,vnd,20.0
kế toán master data,toàn thời gian cố định,"chuyên viên, nhân viên",long an,không yêu cầu,", kế toán, kiểm toán, tài chính đầu tư chứng khoán",", kế toán, kiểm toán, tài chính - đầu tư - chứng khoán",14 - 17 triệu,14.0,17.0,vnd,15.5
nhân viên digital marketing hoàng mai hn đi làm ngay,toàn thời gian cố định,"chuyên viên, nhân viên",hà nội,không yêu cầu,", marketing, thiết kế sáng tạo nghệ thuật, thông tin truyền thông quảng cáo",", marketing, thiết kế - sáng tạo nghệ thuật, thông tin - truyền thông - quảng cáo",8 - 30 triệu,8.0,30.0,vnd,19.0
đồng nai nhân viên hỗ trợ thanh toán địa bàn cfi đni,toàn thời gian cố định,"chuyên viên, nhân viên",đồng nai,không yêu cầu,", ngân hàng, luật pháp lý tuân thủ, tài chính đầu tư chứng khoán",", luật - pháp lý - tuân thủ, ngân hàng, tài chính - đầu tư - chứng khoán",15 - 30 triệu,15.0,30.0,vnd,22.5
kỹ sư cấp thoát nước triển khai bản vẽ shop drawing,toàn thời gian cố định,"chuyên viên, nhân viên",long an,không yêu cầu,", khoa học kỹ thuật, xây dựng, môi trường xử lý chất thải",", khoa học - kỹ thuật, xây dựng, môi trường - xử lý chất thải",8 - 15 triệu,8.0,15.0,vnd,11.5
nhân viên kinh doanh bất động sản có lương cứng được cấp 100 data đi làm ngay chấp nhận thực tập sinh,toàn thời gian cố định,"chuyên viên, nhân viên",hà nội,không yêu cầu,", bất động sản, bán hàng kinh doanh, ngân hàng",", bất động sản, bán hàng - kinh doanh, ngân hàng",30 - 200 triệu,30.0,200.0,vnd,115.0
thành phố lai châu nhân viên tư vấn tín dụng trả góp sản phẩm smc lcu,toàn thời gian cố định,"chuyên viên, nhân viên",lai châu,không yêu cầu,", hành chính thư ký, bán hàng kinh doanh, ngân hàng",", hành chính - thư ký, bán hàng - kinh doanh, ngân hàng",7 - 15 triệu,7.0,15.0,vnd,11.0
nhân viên kinh doanh máy công trình tại hà nội hcm gia lai,toàn thời gian cố định,"chuyên viên, nhân viên",hà nội,không yêu cầu,", bán hàng kinh doanh, cơ khí ô tô tự động hóa, chăm sóc khách hàng",", bán hàng - kinh doanh, cơ khí - ô tô - tự động hóa, chăm sóc khách hàng",20 - 50 triệu,20.0,50.0,vnd,35.0
nhân viên kế toán thuế hoàng mai hà nội,toàn thời gian cố định,"chuyên viên, nhân viên",hà nội,không yêu cầu,", kế toán, kiểm toán",", kế toán, kiểm toán",10 - 20 triệu,10.0,20.0,vnd,15.0
kỹ sư bán hàng sales engineer,toàn thời gian cố định,"chuyên viên, nhân viên",hồ chí minh,không yêu cầu,", bán hàng kinh doanh, cơ khí ô tô tự động hóa, sản xuất lắp ráp chế biến",", bán hàng - kinh doanh, cơ khí - ô tô - tự động hóa, sản xuất - lắp ráp - chế biến",10 - 20 triệu,10.0,20.0,vnd,15.0
nhân viên kinh doanh phần mềm website lương cơ bản upto 13tr hoa hồng upto 43 phụ cấp đầy đủ chế độ,toàn thời gian cố định,"chuyên viên, nhân viên",hưng yên,không yêu cầu,", bán hàng kinh doanh, khách sạn nhà hàng du lịch, bán sỉ bán lẻ quản lý cửa hàng",", khách sạn - nhà hàng - du lịch, bán hàng - kinh doanh, bán sỉ - bán lẻ - quản lý cửa hàng",10 - 25 triệu,10.0,25.0,vnd,17.5
network engineer,toàn thời gian cố định,"chuyên viên, nhân viên",hà nội,không yêu cầu,", it phần cứng mạng, it phần mềm",", it phần cứng - mạng, it phần mềm",20 - 35 triệu,20.0,35.0,vnd,27.5
nhân viên tư vấn website marketing,toàn thời gian cố định,"chuyên viên, nhân viên",hồ chí minh,không yêu cầu,", thông tin truyền thông quảng cáo, bán hàng kinh doanh, chăm sóc khách hàng",", bán hàng - kinh doanh, thông tin - truyền thông - quảng cáo, chăm sóc khách hàng",10 - 32 triệu,10.0,32.0,vnd,21.0
nhân viên kế toán thuế quận hoàng mai,toàn thời gian cố định,"chuyên viên, nhân viên",hà nội,không yêu cầu,", kế toán, phân tích thống kê dữ liệu, kiểm toán",", kế toán, phân tích - thống kê dữ liệu, kiểm toán",13 - 18 triệu,13.0,18.0,vnd,15.5
chuyên viên kinh doanh sơn dcolex paint,toàn thời gian cố định,"chuyên viên, nhân viên",yên bái,không yêu cầu,", marketing, bán hàng kinh doanh, chăm sóc khách hàng",", marketing, bán hàng - kinh doanh, chăm sóc khách hàng",8 - 15 triệu,8.0,15.0,vnd,11.5
nhân viên chứng từ phòng giao nhận khai báo hải quan có kinh nghiệm,toàn thời gian cố định,"chuyên viên, nhân viên",tiền giang,không yêu cầu,", hành chính thư ký, bán hàng kinh doanh, xuất nhập khẩu",", hành chính - thư ký, bán hàng - kinh doanh, xuất nhập khẩu",10 - 15 triệu,10.0,15.0,vnd,12.5
nhân viên marketing online quản trị website,toàn thời gian cố định,"chuyên viên, nhân viên",hà nội,không yêu cầu,", marketing, thông tin truyền thông quảng cáo, truyền hình báo chí biên tập",", marketing, thông tin - truyền thông - quảng cáo, truyền hình - báo chí - biên tập",8 - 10 triệu,8.0,10.0,vnd,9.0
chuyên viên it thu nhập trên 15 triệu,toàn thời gian cố định,"chuyên viên, nhân viên",hồ chí minh,không yêu cầu,", khách sạn nhà hàng du lịch, it phần cứng mạng, it phần mềm",", khách sạn - nhà hàng - du lịch, it phần cứng - mạng, it phần mềm",15 - 20 triệu,15.0,20.0,vnd,17.5
chuyên viên digital marketing,toàn thời gian cố định,"chuyên viên, nhân viên",thanh hóa,không yêu cầu,", marketing, thông tin truyền thông quảng cáo",", marketing, thông tin - truyền thông - quảng cáo",10 - 20 triệu,10.0,20.0,vnd,15.0
gia lai nhân viên tư vấn trả góp smc gl,toàn thời gian cố định,"chuyên viên, nhân viên",gia lai,không yêu cầu,", bán hàng kinh doanh, chăm sóc khách hàng, tài chính đầu tư chứng khoán",", bán hàng - kinh doanh, chăm sóc khách hàng, tài chính - đầu tư - chứng khoán",8 - 12 triệu,8.0,12.0,vnd,10.0
nhân viên điều độ xe đầu kéo container,toàn thời gian cố định,"chuyên viên, nhân viên",bình dương,không yêu cầu,", xuất nhập khẩu, vận tải lái xe giao nhận, cơ khí ô tô tự động hóa",", xuất nhập khẩu, vận tải - lái xe - giao nhận, cơ khí - ô tô - tự động hóa",8 - 10 triệu,8.0,10.0,vnd,9.0
nhân viên triển khai kiến trúc 2d,toàn thời gian cố định,"chuyên viên, nhân viên",hồ chí minh,không yêu cầu,", kiến trúc thiết kế nội ngoại thất, xây dựng",", kiến trúc - thiết kế nội ngoại thất, xây dựng",9 - 13 triệu,9.0,13.0,vnd,11.0
giám sát bán hàng nhãn reckitt đi làm ngay,toàn thời gian cố định,"quản lý nhóm, giám sát",cần thơ,không yêu cầu,", bán hàng kinh doanh, bán sỉ bán lẻ quản lý cửa hàng, marketing",", marketing, bán hàng - kinh doanh, bán sỉ - bán lẻ - quản lý cửa hàng",13 - 15 triệu,13.0,15.0,vnd,14.0
nữ cộng tác viên bán hàng lào cai,toàn thời gian cố định,cộng tác viên,lạng sơn,không yêu cầu,", bán hàng kinh doanh, lao động phổ thông, chăm sóc khách hàng",", bán hàng - kinh doanh, lao động phổ thông, chăm sóc khách hàng",8 - 12 triệu,8.0,12.0,vnd,10.0
trưởng phòng kế hoạch sản xuất ngành nội thất gỗ furniture đi làm ngay,toàn thời gian cố định,quản lý cấp trung,bình định,không yêu cầu,", nông lâm ngư nghiệp, quản lý tiêu chuẩn và chất lượng, sản xuất lắp ráp chế biến",", nông - lâm - ngư nghiệp, quản lý tiêu chuẩn và chất lượng, sản xuất - lắp ráp - chế biến",12 - 14 triệu,12.0,14.0,vnd,13.0
nhân viên kinh doanh viễn thông tại lào cai,toàn thời gian cố định,"chuyên viên, nhân viên",lào cai,không yêu cầu,", bán hàng kinh doanh, bán sỉ bán lẻ quản lý cửa hàng, chăm sóc khách hàng",", bán hàng - kinh doanh, bán sỉ - bán lẻ - quản lý cửa hàng, chăm sóc khách hàng",7 - 25 triệu,7.0,25.0,vnd,16.0
chuyên viên triển khai và hỗ trợ phần mềm,toàn thời gian cố định,"chuyên viên, nhân viên",hà nội,không yêu cầu,", it phần cứng mạng, it phần mềm, chăm sóc khách hàng",", it phần cứng - mạng, it phần mềm, chăm sóc khách hàng",10 - 15 triệu,10.0,15.0,vnd,12.5
nhân viên quay dựng video video editor tại hà đông đi làm ngay,toàn thời gian cố định,"chuyên viên, nhân viên",hà nội,không yêu cầu,", marketing, thông tin truyền thông quảng cáo, truyền hình báo chí biên tập",", marketing, thông tin - truyền thông - quảng cáo, truyền hình - báo chí - biên tập",11 - 14 triệu,11.0,14.0,vnd,12.5
nhân viên digital marketing,toàn thời gian cố định,"chuyên viên, nhân viên",hà nội,không yêu cầu,", marketing, thông tin truyền thông quảng cáo, truyền hình báo chí biên tập",", marketing, thông tin - truyền thông - quảng cáo, truyền hình - báo chí - biên tập",10 - 15 triệu,10.0,15.0,vnd,12.5
nữ bán hàng đi thị trường tại đồng nai,toàn thời gian cố định,cộng tác viên,đồng nai,không yêu cầu,", nghề nghiệp khác, bán hàng kinh doanh, lao động phổ thông",", nghề nghiệp khác, bán hàng - kinh doanh, lao động phổ thông",8 - 10 triệu,8.0,10.0,vnd,9.0
trình dược viên ngành hàng dược phẩm tiền giang long an đồng nai,toàn thời gian cố định,"chuyên viên, nhân viên",tiền giang,không yêu cầu,", bán hàng kinh doanh, dược phẩm",", bán hàng - kinh doanh, dược phẩm",10 - 22 triệu,10.0,22.0,vnd,16.0
kỹ sư khai thác mỏ,toàn thời gian cố định,"chuyên viên, nhân viên",bắc kạn,không yêu cầu,khai thác năng lượng khoáng sản địa chất,khai thác năng lượng - khoáng sản - địa chất,15 - 20 triệu,15.0,20.0,vnd,17.5
sìn hồ lai châu nhân viên tư vấn tín dụng kênh trả góp smc lcu,toàn thời gian cố định,"chuyên viên, nhân viên",lai châu,không yêu cầu,", bán hàng kinh doanh, bán sỉ bán lẻ quản lý cửa hàng, chăm sóc khách hàng",", bán hàng - kinh doanh, bán sỉ - bán lẻ - quản lý cửa hàng, chăm sóc khách hàng",8 - 12 triệu,8.0,12.0,vnd,10.0
giáo viên dạy lập trình it coding toàn quốc,bán thời gian cố định,"chuyên viên, nhân viên",hồ chí minh,không yêu cầu,", giáo dục đào tạo, bán hàng kinh doanh, it phần mềm",", giáo dục - đào tạo, bán hàng - kinh doanh, it phần mềm",10 - 15 triệu,10.0,15.0,vnd,12.5
nhân viên tư vấn tuyển sinh không yêu cầu kinh nghiệm thu nhập 15 30tr tháng data có sẵn,toàn thời gian cố định,"chuyên viên, nhân viên",hà nội,không yêu cầu,", giáo dục đào tạo, bán hàng kinh doanh, chăm sóc khách hàng",", giáo dục - đào tạo, bán hàng - kinh doanh, chăm sóc khách hàng",15 - 30 triệu,15.0,30.0,vnd,22.5
chuyên viên quay dựng tiktok ở hoàng mai hà nội,toàn thời gian cố định,"chuyên viên, nhân viên",hà nội,không yêu cầu,", marketing, thiết kế sáng tạo nghệ thuật, truyền hình báo chí biên tập",", marketing, thiết kế - sáng tạo nghệ thuật, truyền hình - báo chí - biên tập",10 - 15 triệu,10.0,15.0,vnd,12.5
nhân viên editor,toàn thời gian cố định,"chuyên viên, nhân viên",đà nẵng,không yêu cầu,", marketing, thông tin truyền thông quảng cáo, truyền hình báo chí biên tập",", marketing, thông tin - truyền thông - quảng cáo, truyền hình - báo chí - biên tập",8 - 15 triệu,8.0,15.0,vnd,11.5
nhân viên kinh doanh hà nội lương upto 25 triệu data có sẵn sản phẩm dễ bán,toàn thời gian cố định,"chuyên viên, nhân viên",hà nội,không yêu cầu,", thực phẩm đồ uống, bán hàng kinh doanh, bán sỉ bán lẻ quản lý cửa hàng",", thực phẩm - đồ uống, bán hàng - kinh doanh, bán sỉ - bán lẻ - quản lý cửa hàng",12 - 30 triệu,12.0,30.0,vnd,21.0
nhân viên seo website,toàn thời gian cố định,"chuyên viên, nhân viên",hà nội,không yêu cầu,", marketing, thông tin truyền thông quảng cáo, it phần mềm",", marketing, thông tin - truyền thông - quảng cáo, it phần mềm",10 - 15 triệu,10.0,15.0,vnd,12.5
nhân viên khai thác truyền thông,toàn thời gian cố định,"chuyên viên, nhân viên",hồ chí minh,không yêu cầu,", marketing, khoa học kỹ thuật, bán hàng kinh doanh",", marketing, khoa học - kỹ thuật, bán hàng - kinh doanh",8 - 12 triệu,8.0,12.0,vnd,10.0
nhân viên tư vấn bất động sản có hỗ trợ data marketing,toàn thời gian cố định,"chuyên viên, nhân viên",hà nội,không yêu cầu,", bảo hiểm, bất động sản, tài chính đầu tư chứng khoán",", bảo hiểm, bất động sản, tài chính - đầu tư - chứng khoán",10 - 60 triệu,10.0,60.0,vnd,35.0
nhân viên editor design,toàn thời gian cố định,"chuyên viên, nhân viên",bình dương,không yêu cầu,", thông tin truyền thông quảng cáo, truyền hình báo chí biên tập",", thông tin - truyền thông - quảng cáo, truyền hình - báo chí - biên tập",6 - 12 triệu,6.0,12.0,vnd,9.0
nhân viên phân tích dữ liệu data analyst,toàn thời gian cố định,"chuyên viên, nhân viên",bình dương,không yêu cầu,", thực phẩm đồ uống, thông tin truyền thông quảng cáo, it phần mềm",", thực phẩm - đồ uống, thông tin - truyền thông - quảng cáo, it phần mềm",10 - 14 triệu,10.0,14.0,vnd,12.0
nhân viên video editor designer làm việc tại vp bình tân hcm,toàn thời gian cố định,"chuyên viên, nhân viên",hồ chí minh,không yêu cầu,", nông lâm ngư nghiệp, bán sỉ bán lẻ quản lý cửa hàng, thiết kế sáng tạo nghệ thuật",", nông - lâm - ngư nghiệp, bán sỉ - bán lẻ - quản lý cửa hàng, thiết kế - sáng tạo nghệ thuật",9 - 15 triệu,9.0,15.0,vnd,12.0
nhân viên it,toàn thời gian cố định,"chuyên viên, nhân viên",tây ninh,không yêu cầu,", it phần cứng mạng, khoa học kỹ thuật",", it phần cứng - mạng, khoa học - kỹ thuật",10 - 15 triệu,10.0,15.0,vnd,12.5
nhân viên digital marketing nhận việc đi làm ngay,toàn thời gian cố định,"chuyên viên, nhân viên",long an,không yêu cầu,", marketing, bán hàng kinh doanh",", marketing, bán hàng - kinh doanh",7 - 20 triệu,7.0,20.0,vnd,13.5
lai châu nữ bán hàng thị trường,toàn thời gian cố định,cộng tác viên,lai châu,không yêu cầu,", bán hàng kinh doanh, lao động phổ thông, chăm sóc khách hàng",", bán hàng - kinh doanh, lao động phổ thông, chăm sóc khách hàng",8 - 12 triệu,8.0,12.0,vnd,10.0
nhân viên digital marketing,toàn thời gian cố định,"chuyên viên, nhân viên",hà nội,không yêu cầu,", marketing, thông tin truyền thông quảng cáo, truyền hình báo chí biên tập",", marketing, thông tin - truyền thông - quảng cáo, truyền hình - báo chí - biên tập",13 - 20 triệu,13.0,20.0,vnd,16.5
sìn hồ lai châu nhân viên tư vấn tín dụng trả góp sản phẩm smc lcu,toàn thời gian cố định,"chuyên viên, nhân viên",lai châu,không yêu cầu,", hành chính thư ký, bán hàng kinh doanh, ngân hàng",", hành chính - thư ký, bán hàng - kinh doanh, ngân hàng",7 - 15 triệu,7.0,15.0,vnd,11.0
nhân viên digital marketing,toàn thời gian cố định,"chuyên viên, nhân viên",hà nội,không yêu cầu,", marketing, thông tin truyền thông quảng cáo, truyền hình báo chí biên tập",", marketing, thông tin - truyền thông - quảng cáo, truyền hình - báo chí - biên tập",10 - 20 triệu,10.0,20.0,vnd,15.0
nữ cộng tác viên bán hàng lào cai,toàn thời gian cố định,cộng tác viên,lào cai,không yêu cầu,", bán hàng kinh doanh, lao động phổ thông, chăm sóc khách hàng",", bán hàng - kinh doanh, lao động phổ thông, chăm sóc khách hàng",8 - 12 triệu,8.0,12.0,vnd,10.0
nhân viên biên tập và quản trị nội dung website,toàn thời gian cố định,"chuyên viên, nhân viên",quảng ninh,không yêu cầu,", marketing, thông tin truyền thông quảng cáo, it phần mềm",", marketing, thông tin - truyền thông - quảng cáo, it phần mềm",7 - 10 triệu,7.0,10.0,vnd,8.5
nhân viên triển khai phần mềm công nghệ thông tin không yêu cầu kinh nghiệm,toàn thời gian cố định,"chuyên viên, nhân viên",hà nội,không yêu cầu,it phần mềm,it phần mềm,9 - 20 triệu,9.0,20.0,vnd,14.5
nhân viên kinh doanh viễn thông tại bảo thắng tp lào cai,toàn thời gian cố định,"chuyên viên, nhân viên",lào cai,không yêu cầu,", marketing, bán hàng kinh doanh, chăm sóc khách hàng",", marketing, bán hàng - kinh doanh, chăm sóc khách hàng",15 - 35 triệu,15.0,35.0,vnd,25.0
nhân viên kinh doanh thị trường lai châu,toàn thời gian cố định,"chuyên viên, nhân viên",lai châu,không yêu cầu,", bán hàng kinh doanh, bán sỉ bán lẻ quản lý cửa hàng, chăm sóc khách hàng",", bán hàng - kinh doanh, bán sỉ - bán lẻ - quản lý cửa hàng, chăm sóc khách hàng",10 - 20 triệu,10.0,20.0,vnd,15.0
nhân viên tư vấn căn hộ có hỗ trợ data marketing,toàn thời gian cố định,"chuyên viên, nhân viên",hà nội,không yêu cầu,", hành chính thư ký, bảo hiểm, bán hàng kinh doanh",", hành chính - thư ký, bảo hiểm, bán hàng - kinh doanh",10 - 60 triệu,10.0,60.0,vnd,35.0
quỳnh nhai sơn la nhân viên hỗ trợ thanh toán địa bàn cfi sl,toàn thời gian cố định,"chuyên viên, nhân viên",sơn la,không yêu cầu,", bán hàng kinh doanh, ngân hàng, tài chính đầu tư chứng khoán",", bán hàng - kinh doanh, ngân hàng, tài chính - đầu tư - chứng khoán",15 - 30 triệu,15.0,30.0,vnd,22.5
kỹ sư bán hàng sales engineer,toàn thời gian cố định,"chuyên viên, nhân viên",hồ chí minh,không yêu cầu,", khoa học kỹ thuật, bán hàng kinh doanh, bán sỉ bán lẻ quản lý cửa hàng",", khoa học - kỹ thuật, bán hàng - kinh doanh, bán sỉ - bán lẻ - quản lý cửa hàng",12 - 16 triệu,12.0,16.0,vnd,14.0
nhân viên it,toàn thời gian cố định,"chuyên viên, nhân viên",bình dương,không yêu cầu,it phần cứng mạng,it phần cứng - mạng,11 - 15 triệu,11.0,15.0,vnd,13.0
nhân viên quản trị website bán hàng và fanpage,toàn thời gian cố định,"chuyên viên, nhân viên",hà nội,không yêu cầu,", marketing, thông tin truyền thông quảng cáo, thiết kế sáng tạo nghệ thuật",", marketing, thông tin - truyền thông - quảng cáo, thiết kế - sáng tạo nghệ thuật",8 - 15 triệu,8.0,15.0,vnd,11.5
nhân viên chứng từ khai báo hải quan,toàn thời gian cố định,"chuyên viên, nhân viên",hà nội,không yêu cầu,", kế toán, thu mua kho vận chuỗi cung ứng, xuất nhập khẩu",", kế toán, thu mua - kho vận - chuỗi cung ứng, xuất nhập khẩu",8 - 11 triệu,8.0,11.0,vnd,9.5
mai sơn sơn la nhân viên hỗ trợ thanh toán địa bàn cfi sl,toàn thời gian cố định,"chuyên viên, nhân viên",sơn la,không yêu cầu,", bán hàng kinh doanh, ngân hàng, tài chính đầu tư chứng khoán",", bán hàng - kinh doanh, ngân hàng, tài chính - đầu tư - chứng khoán",15 - 30 triệu,15.0,30.0,vnd,22.5
deputy manager crop brand fruits and vegetable agricultural solutions,toàn thời gian cố định,chuyên gia,hồ chí minh,không yêu cầu,", nông lâm ngư nghiệp, bán hàng kinh doanh",", nông - lâm - ngư nghiệp, bán hàng - kinh doanh",20 - 35 triệu,20.0,35.0,vnd,27.5
junior senior back end nodejs developer,toàn thời gian cố định,"chuyên viên, nhân viên",hà nội,không yêu cầu,it phần mềm,it phần mềm,15 - 30 triệu,15.0,30.0,vnd,22.5
nhân viên kế toán tổng hợp làm việc tại đồng nai,toàn thời gian cố định,"chuyên viên, nhân viên",đồng nai,không yêu cầu,", kế toán, kiểm toán",", kế toán, kiểm toán",7 - 10 triệu,7.0,10.0,vnd,8.5
nhân viên sales căn hộ có hỗ trợ data marketing,toàn thời gian cố định,"chuyên viên, nhân viên",hà nội,không yêu cầu,", hành chính thư ký, bảo hiểm, bán hàng kinh doanh",", hành chính - thư ký, bảo hiểm, bán hàng - kinh doanh",10 - 60 triệu,10.0,60.0,vnd,35.0
business development associate ho chi minh city,toàn thời gian cố định,"chuyên viên, nhân viên",hồ chí minh,không yêu cầu,", bán hàng kinh doanh, ngân hàng",", bán hàng - kinh doanh, ngân hàng",10 - 13 triệu,10.0,13.0,vnd,11.5
nhân viên tư vấn gói chăm sóc sức khỏe data có sẵn không đi thị trường,toàn thời gian cố định,"chuyên viên, nhân viên",hà nội,không yêu cầu,", bảo hiểm, bán hàng kinh doanh, chăm sóc khách hàng",", bảo hiểm, bán hàng - kinh doanh, chăm sóc khách hàng",8 - 15 triệu,8.0,15.0,vnd,11.5
nhân viên kinh doanh data có sẵn không yêu cầu kinh nghiệm không yêu cầu bằng cấp,toàn thời gian cố định,"chuyên viên, nhân viên",hưng yên,không yêu cầu,", bán hàng kinh doanh, bán sỉ bán lẻ quản lý cửa hàng, chăm sóc khách hàng",", bán hàng - kinh doanh, bán sỉ - bán lẻ - quản lý cửa hàng, chăm sóc khách hàng",7 - 20 triệu,7.0,20.0,vnd,13.5
hà nội nhân viên hỗ trợ thanh toán địa bàn hai bà trưng đống đa cfi hni,toàn thời gian cố định,"chuyên viên, nhân viên",hà nội,không yêu cầu,", bán hàng kinh doanh, ngân hàng, tài chính đầu tư chứng khoán",", bán hàng - kinh doanh, ngân hàng, tài chính - đầu tư - chứng khoán",15 - 25 triệu,15.0,25.0,vnd,20.0
software mid level engineer,toàn thời gian cố định,"chuyên viên, nhân viên",hà nội,không yêu cầu,it phần mềm,it phần mềm,29 - 30 triệu,29.0,30.0,vnd,29.5
điều dưỡng viên hoàn mỹ đồng nai,toàn thời gian cố định,"chuyên viên, nhân viên",đồng nai,không yêu cầu,y tế chăm sóc sức khỏe,y tế - chăm sóc sức khỏe,10 - 15 triệu,10.0,15.0,vnd,12.5
it project governance and assurance reporting engineer,toàn thời gian cố định,"chuyên viên, nhân viên",hồ chí minh,không yêu cầu,", it phần cứng mạng, it phần mềm",", it phần cứng - mạng, it phần mềm",30 - 35 triệu,30.0,35.0,vnd,32.5
mai sơn sơn la nhân viên tư vấn tín dụng trả góp sản phẩm smc sl,toàn thời gian cố định,"chuyên viên, nhân viên",sơn la,không yêu cầu,", bán hàng kinh doanh, lao động phổ thông, chăm sóc khách hàng",", bán hàng - kinh doanh, lao động phổ thông, chăm sóc khách hàng",8 - 15 triệu,8.0,15.0,vnd,11.5
retail assistant,toàn thời gian cố định,"chuyên viên, nhân viên",hồ chí minh,không yêu cầu,", bán hàng kinh doanh, bán sỉ bán lẻ quản lý cửa hàng, chăm sóc khách hàng",", bán hàng - kinh doanh, bán sỉ - bán lẻ - quản lý cửa hàng, chăm sóc khách hàng",10 - 15 triệu,10.0,15.0,vnd,12.5
công ty tnhh central security tuyển dụng bảo vệ,toàn thời gian cố định,"chuyên viên, nhân viên",hồ chí minh,không yêu cầu,an ninh bảo vệ,an ninh - bảo vệ,8 - 10 triệu,8.0,10.0,vnd,9.0
giáo viên superbrain,toàn thời gian cố định,"chuyên viên, nhân viên",tây ninh,không yêu cầu,", giáo dục đào tạo, thực tập sinh",", giáo dục - đào tạo, thực tập sinh",6 - 10 triệu,6.0,10.0,vnd,8.0
nhân viên video editor,toàn thời gian cố định,"chuyên viên, nhân viên",hải phòng,không yêu cầu,", marketing, truyền hình báo chí biên tập, hành chính thư ký",", marketing, truyền hình - báo chí - biên tập, hành chính - thư ký",9 - 15 triệu,9.0,15.0,vnd,12.0
video editor,toàn thời gian cố định,"chuyên viên, nhân viên",hà nội,không yêu cầu,", marketing, thông tin truyền thông quảng cáo, truyền hình báo chí biên tập",", marketing, thông tin - truyền thông - quảng cáo, truyền hình - báo chí - biên tập",11 - 14 triệu,11.0,14.0,vnd,12.5
trưởng phòng kinh doanh đồng nai,toàn thời gian cố định,quản lý cấp trung,đồng nai,không yêu cầu,", marketing, bán hàng kinh doanh, bưu chính viễn thông",", marketing, bán hàng - kinh doanh, bưu chính viễn thông",15 - 35 triệu,15.0,35.0,vnd,25.0
trưởng phòng kế hoạch sản xuất ngành nội thất gỗ furniture đi làm ngay,toàn thời gian cố định,quản lý cấp trung,bình định,không yêu cầu,", quản lý tiêu chuẩn và chất lượng, bán sỉ bán lẻ quản lý cửa hàng, sản xuất lắp ráp chế biến",", quản lý tiêu chuẩn và chất lượng, bán sỉ - bán lẻ - quản lý cửa hàng, sản xuất - lắp ráp - chế biến",12 - 14 triệu,12.0,14.0,vnd,13.0
kỹ sư lập trình c python ai,toàn thời gian cố định,"chuyên viên, nhân viên",bắc ninh,không yêu cầu,", khoa học kỹ thuật, điện điện tử điện lạnh, it phần mềm",", khoa học - kỹ thuật, điện - điện tử - điện lạnh, it phần mềm",9 - 15 triệu,9.0,15.0,vnd,12.0
nhân viên thiết kế đồ họa it,toàn thời gian cố định,"chuyên viên, nhân viên",đà nẵng,không yêu cầu,", kiến trúc thiết kế nội ngoại thất, thông tin truyền thông quảng cáo, thiết kế sáng tạo nghệ thuật",", thông tin - truyền thông - quảng cáo, kiến trúc - thiết kế nội ngoại thất, thiết kế - sáng tạo nghệ thuật",8 - 10 triệu,8.0,10.0,vnd,9.0
nhân viên kinh doanh fpt telecom tại hoàng mai thu nhập trên 20 triệu,toàn thời gian cố định,"chuyên viên, nhân viên",hà nội,không yêu cầu,bán hàng kinh doanh,bán hàng - kinh doanh,10 - 30 triệu,10.0,30.0,vnd,20.0
nhân viên vận hành sản xuất phô mai,toàn thời gian tạm thời,"chuyên viên, nhân viên",bình dương,không yêu cầu,", khoa học kỹ thuật, cơ khí ô tô tự động hóa, sản xuất lắp ráp chế biến",", khoa học - kỹ thuật, cơ khí - ô tô - tự động hóa, sản xuất - lắp ráp - chế biến",9 - 11 triệu,9.0,11.0,vnd,10.0
nhân viên it,toàn thời gian cố định,"chuyên viên, nhân viên",hồ chí minh,không yêu cầu,", it phần cứng mạng, khoa học kỹ thuật, it phần mềm",", it phần cứng - mạng, khoa học - kỹ thuật, it phần mềm",9 - 12 triệu,9.0,12.0,vnd,10.5
quản lý giám sát cửa hàng hủ tiếu pi thai,toàn thời gian cố định,"quản lý nhóm, giám sát",hà nội,không yêu cầu,", thực phẩm đồ uống, quản lý tiêu chuẩn và chất lượng, khách sạn nhà hàng du lịch",", thực phẩm - đồ uống, khách sạn - nhà hàng - du lịch, quản lý tiêu chuẩn và chất lượng",8.5 - 12 triệu,8.5,12.0,vnd,10.25
bình dương giám sát cửa hàng charles keith aeon mall bình dương,toàn thời gian cố định,"quản lý nhóm, giám sát",bình dương,không yêu cầu,", dệt may da giày thời trang, bán hàng kinh doanh, bán sỉ bán lẻ quản lý cửa hàng",", bán hàng - kinh doanh, dệt may - da giày - thời trang, bán sỉ - bán lẻ - quản lý cửa hàng",8.5 - 9.5 triệu,8.5,9.5,vnd,9.0
nhân viên it phần mềm thu nhập từ 15 20 triệu,toàn thời gian cố định,"chuyên viên, nhân viên",hà nội,không yêu cầu,", marketing, thiết kế sáng tạo nghệ thuật, it phần mềm",", marketing, thiết kế - sáng tạo nghệ thuật, it phần mềm",15 - 20 triệu,15.0,20.0,vnd,17.5
it marketing executive remote,toàn thời gian cố định,"chuyên viên, nhân viên",hồ chí minh,không yêu cầu,", marketing, thông tin truyền thông quảng cáo, it phần mềm",", marketing, thông tin - truyền thông - quảng cáo, it phần mềm",13 - 15 triệu,13.0,15.0,vnd,14.0
nhân viên khai thác trong nước bưu điện ems,toàn thời gian cố định,"chuyên viên, nhân viên",hà nội,không yêu cầu,", nhân sự, bưu chính viễn thông, vận tải lái xe giao nhận",", nhân sự, bưu chính viễn thông, vận tải - lái xe - giao nhận",10 - 15 triệu,10.0,15.0,vnd,12.5
hồ chí minh – tân bình chuyên viên tư vấn phần mềm được cung cấp data,toàn thời gian cố định,"chuyên viên, nhân viên",hồ chí minh,không yêu cầu,", bán hàng kinh doanh, chăm sóc khách hàng, it phần mềm",", bán hàng - kinh doanh, chăm sóc khách hàng, it phần mềm",8 - 15 triệu,8.0,15.0,vnd,11.5
nhân viên khai triển 2d,toàn thời gian cố định,"chuyên viên, nhân viên",hà nội,không yêu cầu,", kiến trúc thiết kế nội ngoại thất, thiết kế sáng tạo nghệ thuật, xây dựng",", xây dựng, kiến trúc - thiết kế nội ngoại thất, thiết kế - sáng tạo nghệ thuật",13 - 18 triệu,13.0,18.0,vnd,15.5
huge fam waiter waitress,toàn thời gian cố định,"chuyên viên, nhân viên",long an,không yêu cầu,", thực phẩm đồ uống, khách sạn nhà hàng du lịch, lao động phổ thông",", thực phẩm - đồ uống, khách sạn - nhà hàng - du lịch, lao động phổ thông",6.5 - 8 triệu,6.5,8.0,vnd,7.25
nhân viên kỹ thuật triển khai bảo trì,toàn thời gian cố định,"chuyên viên, nhân viên",lâm đồng,không yêu cầu,", nghề nghiệp khác, điện điện tử điện lạnh",", nghề nghiệp khác, điện - điện tử - điện lạnh",8 - 12 triệu,8.0,12.0,vnd,10.0
nhân viên tư vấn tuyển sinh data có sẵn,toàn thời gian cố định,"chuyên viên, nhân viên",thanh hóa,không yêu cầu,", giáo dục đào tạo, bán hàng kinh doanh, tài chính đầu tư chứng khoán",", giáo dục - đào tạo, bán hàng - kinh doanh, tài chính - đầu tư - chứng khoán",6 - 8 triệu,6.0,8.0,vnd,7.0
nhân viên kinh doanh gia lai,toàn thời gian cố định,"chuyên viên, nhân viên",gia lai,không yêu cầu,", thực phẩm đồ uống, bán hàng kinh doanh, bán sỉ bán lẻ quản lý cửa hàng",", thực phẩm - đồ uống, bán hàng - kinh doanh, bán sỉ - bán lẻ - quản lý cửa hàng",11 - 20 triệu,11.0,20.0,vnd,15.5
gia lai nhân viên kế toán,toàn thời gian cố định,"chuyên viên, nhân viên",gia lai,không yêu cầu,", kế toán, kiểm toán, tài chính đầu tư chứng khoán",", kế toán, kiểm toán, tài chính - đầu tư - chứng khoán",7 - 10 triệu,7.0,10.0,vnd,8.5
nhân viên tư vấn chốt đơn qua điện thoại telesales call center data khách có nhu cầu,toàn thời gian cố định,"chuyên viên, nhân viên",hồ chí minh,không yêu cầu,", bán hàng kinh doanh, tài chính đầu tư chứng khoán, chăm sóc khách hàng",", bán hàng - kinh doanh, tài chính - đầu tư - chứng khoán, chăm sóc khách hàng",15 - 25 triệu,15.0,25.0,vnd,20.0
database administrator,toàn thời gian cố định,"chuyên viên, nhân viên",hồ chí minh,không yêu cầu,it phần mềm,it phần mềm,25 - 50 triệu,25.0,50.0,vnd,37.5
nhân viên thiết kế đồ họa làm tại biên hòa đồng nai,toàn thời gian cố định,"chuyên viên, nhân viên",đồng nai,không yêu cầu,", marketing, thiết kế sáng tạo nghệ thuật, thông tin truyền thông quảng cáo",", marketing, thiết kế - sáng tạo nghệ thuật, thông tin - truyền thông - quảng cáo",8 - 12 triệu,8.0,12.0,vnd,10.0
ios developer,toàn thời gian cố định,"chuyên viên, nhân viên",hồ chí minh,không yêu cầu,it phần mềm,it phần mềm,15 - 45 triệu,15.0,45.0,vnd,30.0
chuyên viên công nghệ thông tin – it,toàn thời gian cố định,"chuyên viên, nhân viên",vĩnh long,không yêu cầu,", it phần cứng mạng, it phần mềm",", it phần cứng - mạng, it phần mềm",7 - 12 triệu,7.0,12.0,vnd,9.5
nhân viên đặt lịch hẹn hỗ trợ 100 data giờ hành chính thu nhập từ 20 50tr tháng,toàn thời gian cố định,"chuyên viên, nhân viên",hà nội,không yêu cầu,", khách sạn nhà hàng du lịch, bán hàng kinh doanh, chăm sóc khách hàng",", khách sạn - nhà hàng - du lịch, bán hàng - kinh doanh, chăm sóc khách hàng",15 - 20 triệu,15.0,20.0,vnd,17.5
nhân viên digital marketing,toàn thời gian cố định,"chuyên viên, nhân viên",hà nội,không yêu cầu,", marketing, khoa học kỹ thuật, thông tin truyền thông quảng cáo",", marketing, khoa học - kỹ thuật, thông tin - truyền thông - quảng cáo",10 - 20 triệu,10.0,20.0,vnd,15.0
tư vấn viên phần mềm được hỗ trợ data khách hàng,toàn thời gian cố định,"chuyên viên, nhân viên",hồ chí minh,không yêu cầu,", bán hàng kinh doanh, chăm sóc khách hàng, it phần mềm",", bán hàng - kinh doanh, chăm sóc khách hàng, it phần mềm",8 - 12 triệu,8.0,12.0,vnd,10.0
devops,toàn thời gian cố định,"chuyên viên, nhân viên",hồ chí minh,không yêu cầu,", it phần cứng mạng, it phần mềm",", it phần cứng - mạng, it phần mềm",20 - 35 triệu,20.0,35.0,vnd,27.5
nhân viên kỹ thuật it sửa pc laptop máy in kinh nghiệm từ 1 năm,toàn thời gian cố định,"chuyên viên, nhân viên",hồ chí minh,không yêu cầu,", it phần cứng mạng, khoa học kỹ thuật",", it phần cứng - mạng, khoa học - kỹ thuật",10 - 25 triệu,10.0,25.0,vnd,17.5
it helpdesk,toàn thời gian cố định,"chuyên viên, nhân viên",long an,không yêu cầu,", điện điện tử điện lạnh, it phần cứng mạng, khoa học kỹ thuật",", khoa học - kỹ thuật, it phần cứng - mạng, điện - điện tử - điện lạnh",7 - 11 triệu,7.0,11.0,vnd,9.0
gia lai nhân viên hỗ trợ thanh toán tại địa bàn an khê cfi gl,toàn thời gian cố định,"chuyên viên, nhân viên",gia lai,không yêu cầu,", bán hàng kinh doanh, ngân hàng, tài chính đầu tư chứng khoán",", bán hàng - kinh doanh, ngân hàng, tài chính - đầu tư - chứng khoán",15 - 30 triệu,15.0,30.0,vnd,22.5
nhân viên dựng video video editor làm việc quận 5 đi làm ngay,toàn thời gian cố định,"chuyên viên, nhân viên",hồ chí minh,không yêu cầu,", marketing, thông tin truyền thông quảng cáo, thiết kế sáng tạo nghệ thuật",", marketing, thông tin - truyền thông - quảng cáo, thiết kế - sáng tạo nghệ thuật",12 - 14 triệu,12.0,14.0,vnd,13.0
nhân viên bán hàng mỹ phẩm khu vực lào cai,toàn thời gian cố định,"chuyên viên, nhân viên",lào cai,không yêu cầu,", bán hàng kinh doanh, bán sỉ bán lẻ quản lý cửa hàng, chăm sóc khách hàng",", bán hàng - kinh doanh, bán sỉ - bán lẻ - quản lý cửa hàng, chăm sóc khách hàng",7 - 12 triệu,7.0,12.0,vnd,9.5
nhân viên kỹ thuật triển khai,toàn thời gian cố định,"chuyên viên, nhân viên",hà nội,không yêu cầu,", it phần cứng mạng, điện điện tử điện lạnh",", it phần cứng - mạng, điện - điện tử - điện lạnh",9 - 12 triệu,9.0,12.0,vnd,10.5
nhân viên lập trình web developer,toàn thời gian cố định,"chuyên viên, nhân viên",hồ chí minh,không yêu cầu,", giáo dục đào tạo, it phần cứng mạng, it phần mềm",", giáo dục - đào tạo, it phần cứng - mạng, it phần mềm",10 - 12 triệu,10.0,12.0,vnd,11.0
gia lai nhân viên hỗ trợ thanh toán tại địa bàn cfi gl,toàn thời gian cố định,"chuyên viên, nhân viên",gia lai,không yêu cầu,", bán hàng kinh doanh, ngân hàng, tài chính đầu tư chứng khoán",", bán hàng - kinh doanh, ngân hàng, tài chính - đầu tư - chứng khoán",15 - 30 triệu,15.0,30.0,vnd,22.5
nhân viên kế toán đồng nai,toàn thời gian cố định,"chuyên viên, nhân viên",đồng nai,không yêu cầu,", kế toán, kiểm toán, tài chính đầu tư chứng khoán",", kế toán, kiểm toán, tài chính - đầu tư - chứng khoán",10 - 12 triệu,10.0,12.0,vnd,11.0
hoka saigon centre store manager quản lý cửa hàng,toàn thời gian cố định,quản lý cấp trung,hồ chí minh,không yêu cầu,", dệt may da giày thời trang, bán hàng kinh doanh, bán sỉ bán lẻ quản lý cửa hàng",", bán hàng - kinh doanh, dệt may - da giày - thời trang, bán sỉ - bán lẻ - quản lý cửa hàng",15 - 25 triệu,15.0,25.0,vnd,20.0
chuyên viên digital marketing đi làm ngay,toàn thời gian cố định,"chuyên viên, nhân viên",bình dương,không yêu cầu,", marketing, bán hàng kinh doanh, thông tin truyền thông quảng cáo",", marketing, bán hàng - kinh doanh, thông tin - truyền thông - quảng cáo",7 - 25 triệu,7.0,25.0,vnd,16.0
project mechanical engineer,toàn thời gian cố định,"chuyên viên, nhân viên",long an,không yêu cầu,", cơ khí ô tô tự động hóa, vận hành bảo trì bảo dưỡng, sản xuất lắp ráp chế biến",", vận hành - bảo trì - bảo dưỡng, cơ khí - ô tô - tự động hóa, sản xuất - lắp ráp - chế biến",20 - 25 triệu,20.0,25.0,vnd,22.5
nhân viên it,toàn thời gian cố định,"chuyên viên, nhân viên",tây ninh,không yêu cầu,", it phần cứng mạng, it phần mềm",", it phần cứng - mạng, it phần mềm",9 - 12 triệu,9.0,12.0,vnd,10.5
đông anh ms hoa junior tuyển tư vấn tuyển sinh data có sẵn,toàn thời gian cố định,"chuyên viên, nhân viên",hà nội,không yêu cầu,", bán hàng kinh doanh, bảo hiểm, bán sỉ bán lẻ quản lý cửa hàng",", bảo hiểm, bán hàng - kinh doanh, bán sỉ - bán lẻ - quản lý cửa hàng",6 - 8 triệu,6.0,8.0,vnd,7.0
kỹ thuật viên bảo trì đồng nai,toàn thời gian cố định,"chuyên viên, nhân viên",đồng nai,không yêu cầu,", cơ khí ô tô tự động hóa, điện điện tử điện lạnh, vận hành bảo trì bảo dưỡng",", điện - điện tử - điện lạnh, cơ khí - ô tô - tự động hóa, vận hành - bảo trì - bảo dưỡng",11 - 14 triệu,11.0,14.0,vnd,12.5
nhân viên dịch vụ floor attendant club v e gaming pullman sai gon hotel,bán thời gian cố định,"chuyên viên, nhân viên",hồ chí minh,không yêu cầu,", nghề nghiệp khác, khách sạn nhà hàng du lịch, chăm sóc khách hàng",", nghề nghiệp khác, khách sạn - nhà hàng - du lịch, chăm sóc khách hàng",12 - 20 triệu,12.0,20.0,vnd,16.0
digital marketing leader,toàn thời gian cố định,"quản lý nhóm, giám sát",hồ chí minh,không yêu cầu,", y tế chăm sóc sức khỏe, marketing, thông tin truyền thông quảng cáo",", y tế - chăm sóc sức khỏe, marketing, thông tin - truyền thông - quảng cáo",15 - 30 triệu,15.0,30.0,vnd,22.5
nhân viên kỹ thuật thi công lắp đặt bảo trì tại hoàng mai hà nội,toàn thời gian cố định,"chuyên viên, nhân viên",hà nội,không yêu cầu,", khoa học kỹ thuật, điện điện tử điện lạnh, vận hành bảo trì bảo dưỡng",", khoa học - kỹ thuật, điện - điện tử - điện lạnh, vận hành - bảo trì - bảo dưỡng",12 - 15 triệu,12.0,15.0,vnd,13.5
nhân viên it phần mềm,toàn thời gian cố định,"chuyên viên, nhân viên",bình dương,không yêu cầu,", khoa học kỹ thuật, it phần mềm",", khoa học - kỹ thuật, it phần mềm",9 - 15 triệu,9.0,15.0,vnd,12.0
đoàn kết tp lai châu nhân viên tư vấn trả góp smc lcu,toàn thời gian cố định,"chuyên viên, nhân viên",lai châu,không yêu cầu,", bán hàng kinh doanh, lao động phổ thông, chăm sóc khách hàng",", bán hàng - kinh doanh, lao động phổ thông, chăm sóc khách hàng",8 - 12 triệu,8.0,12.0,vnd,10.0
android developer,toàn thời gian cố định,"chuyên viên, nhân viên",hồ chí minh,không yêu cầu,it phần mềm,it phần mềm,15 - 45 triệu,15.0,45.0,vnd,30.0
nhân viên bảo trì cơ khí tại long thành đồng nai,toàn thời gian cố định,"chuyên viên, nhân viên",đồng nai,không yêu cầu,", khoa học kỹ thuật, vận hành bảo trì bảo dưỡng, cơ khí ô tô tự động hóa",", khoa học - kỹ thuật, vận hành - bảo trì - bảo dưỡng, cơ khí - ô tô - tự động hóa",10 - 16 triệu,10.0,16.0,vnd,13.0
nhân viên tư vấn bán hàng qua điện thoại telesales kinh nghiệm 3 tháng trở lên data có nhu cầu,toàn thời gian cố định,"chuyên viên, nhân viên",hồ chí minh,không yêu cầu,", bán hàng kinh doanh, bán sỉ bán lẻ quản lý cửa hàng, tài chính đầu tư chứng khoán",", bán hàng - kinh doanh, bán sỉ - bán lẻ - quản lý cửa hàng, tài chính - đầu tư - chứng khoán",15 - 25 triệu,15.0,25.0,vnd,20.0
senior maintenance technician,toàn thời gian cố định,"chuyên viên, nhân viên",bình dương,không yêu cầu,", cơ khí ô tô tự động hóa, điện điện tử điện lạnh, vận hành bảo trì bảo dưỡng",", điện - điện tử - điện lạnh, cơ khí - ô tô - tự động hóa, vận hành - bảo trì - bảo dưỡng",15 - 20 triệu,15.0,20.0,vnd,17.5
chuyên viên kinh doanh sơn thương hiệu dcolex paint,toàn thời gian cố định,"chuyên viên, nhân viên",hải phòng,không yêu cầu,", marketing, bán hàng kinh doanh, chăm sóc khách hàng",", marketing, bán hàng - kinh doanh, chăm sóc khách hàng",8 - 15 triệu,8.0,15.0,vnd,11.5
gia lai nhân viên hỗ trợ thanh toán tại địa bàn đức cơ cfi gl,toàn thời gian cố định,"chuyên viên, nhân viên",gia lai,không yêu cầu,", bán hàng kinh doanh, ngân hàng, tài chính đầu tư chứng khoán",", bán hàng - kinh doanh, ngân hàng, tài chính - đầu tư - chứng khoán",15 - 30 triệu,15.0,30.0,vnd,22.5
thợ sản xuất ghế đá mài ghế đá granito,toàn thời gian cố định,"chuyên viên, nhân viên",đắk nông,không yêu cầu,", nghề nghiệp khác, lao động phổ thông, sản xuất lắp ráp chế biến",", nghề nghiệp khác, lao động phổ thông, sản xuất - lắp ráp - chế biến",10 - 20 triệu,10.0,20.0,vnd,15.0
trưởng phòng kế hoạch sản xuất ngành nội thất gỗ furniture,toàn thời gian cố định,quản lý cấp trung,bình định,không yêu cầu,", quản lý tiêu chuẩn và chất lượng, bán sỉ bán lẻ quản lý cửa hàng, sản xuất lắp ráp chế biến",", quản lý tiêu chuẩn và chất lượng, bán sỉ - bán lẻ - quản lý cửa hàng, sản xuất - lắp ráp - chế biến",12 - 14 triệu,12.0,14.0,vnd,13.0
nhân viên kỹ thuật triển khai bảo trì tại lào cai,toàn thời gian cố định,"chuyên viên, nhân viên",lào cai,không yêu cầu,", khoa học kỹ thuật, điện điện tử điện lạnh, vận hành bảo trì bảo dưỡng",", khoa học - kỹ thuật, điện - điện tử - điện lạnh, vận hành - bảo trì - bảo dưỡng",6 - 25 triệu,6.0,25.0,vnd,15.5
painting supervisor,toàn thời gian cố định,"chuyên viên, nhân viên",bà rịa  vũng tàu,không yêu cầu,", dầu khí, khai thác năng lượng khoáng sản địa chất",", dầu khí, khai thác năng lượng - khoáng sản - địa chất",20 - 30 triệu,20.0,30.0,vnd,25.0
nhân viên kiểm soát chất lượng quality control staff,toàn thời gian cố định,"chuyên viên, nhân viên",đà nẵng,không yêu cầu,", quản lý tiêu chuẩn và chất lượng, cơ khí ô tô tự động hóa, sản xuất lắp ráp chế biến",", quản lý tiêu chuẩn và chất lượng, cơ khí - ô tô - tự động hóa, sản xuất - lắp ráp - chế biến",10 - 20 triệu,10.0,20.0,vnd,15.0
chuyên viên it,toàn thời gian cố định,"chuyên viên, nhân viên",tây ninh,không yêu cầu,", it phần cứng mạng, it phần mềm",", it phần cứng - mạng, it phần mềm",10 - 15 triệu,10.0,15.0,vnd,12.5
chuyên viên trade marketing mảng giáo dục gia lai,toàn thời gian cố định,"chuyên viên, nhân viên",gia lai,không yêu cầu,", marketing, giáo dục đào tạo",", marketing, giáo dục - đào tạo",9 - 11 triệu,9.0,11.0,vnd,10.0
nhân viên it không yêu cầu kinh nghiệm,toàn thời gian cố định,"chuyên viên, nhân viên",long an,không yêu cầu,", it phần cứng mạng, khoa học kỹ thuật, it phần mềm",", it phần cứng - mạng, khoa học - kỹ thuật, it phần mềm",7 - 9 triệu,7.0,9.0,vnd,8.0
hai bà trưng q1 nhân viên điều dưỡng,toàn thời gian cố định,"chuyên viên, nhân viên",hồ chí minh,không yêu cầu,y tế chăm sóc sức khỏe,y tế - chăm sóc sức khỏe,8 - 12 triệu,8.0,12.0,vnd,10.0
nhân viên digital marketing hồ chí minh,toàn thời gian cố định,"quản lý nhóm, giám sát",hồ chí minh,không yêu cầu,", dệt may da giày thời trang, marketing, thông tin truyền thông quảng cáo",", marketing, dệt may - da giày - thời trang, thông tin - truyền thông - quảng cáo",10 - 12 triệu,10.0,12.0,vnd,11.0
chemical engineering executive,toàn thời gian cố định,"chuyên viên, nhân viên",bình dương,không yêu cầu,", quản lý tiêu chuẩn và chất lượng, hóa học hóa sinh, sản xuất lắp ráp chế biến",", quản lý tiêu chuẩn và chất lượng, hóa học - hóa sinh, sản xuất - lắp ráp - chế biến",12 - 14 triệu,12.0,14.0,vnd,13.0
nhân viên chứng từ khai báo hải quan,toàn thời gian cố định,"chuyên viên, nhân viên",bình định,không yêu cầu,xuất nhập khẩu,xuất nhập khẩu,10 - 15 triệu,10.0,15.0,vnd,12.5
nhân viên khai báo hải quan,toàn thời gian cố định,"chuyên viên, nhân viên",hà nội,không yêu cầu,xuất nhập khẩu,xuất nhập khẩu,12 - 13 triệu,12.0,13.0,vnd,12.5
nhân viên kinh doanh máy móc khai thác,toàn thời gian cố định,"chuyên viên, nhân viên",hà nội,không yêu cầu,", bán hàng kinh doanh, khai thác năng lượng khoáng sản địa chất, xuất nhập khẩu",", bán hàng - kinh doanh, khai thác năng lượng - khoáng sản - địa chất, xuất nhập khẩu",4.5 - 20 triệu,4.5,20.0,vnd,12.25
nhân viên digital marketing,toàn thời gian cố định,"chuyên viên, nhân viên",hà nội,không yêu cầu,", marketing, thông tin truyền thông quảng cáo",", marketing, thông tin - truyền thông - quảng cáo",7 - 20 triệu,7.0,20.0,vnd,13.5
trưởng phòng phát triển ai tuyển sinh online,toàn thời gian cố định,quản lý cấp cao,hồ chí minh,không yêu cầu,", giáo dục đào tạo, bán hàng kinh doanh, it phần mềm",", giáo dục - đào tạo, bán hàng - kinh doanh, it phần mềm",15 - 20 triệu,15.0,20.0,vnd,17.5
trưởng phòng kinh doanh b2c xe hyundai,toàn thời gian cố định,"quản lý nhóm, giám sát",hồ chí minh,không yêu cầu,", bán hàng kinh doanh, bán sỉ bán lẻ quản lý cửa hàng, vận tải lái xe giao nhận",", vận tải - lái xe - giao nhận, bán hàng - kinh doanh, bán sỉ - bán lẻ - quản lý cửa hàng",20 - 30 triệu,20.0,30.0,vnd,25.0
nhân viên it,toàn thời gian cố định,"chuyên viên, nhân viên",bình dương,không yêu cầu,", it phần cứng mạng, it phần mềm",", it phần cứng - mạng, it phần mềm",9 - 12 triệu,9.0,12.0,vnd,10.5
nhân viên digital marketing,toàn thời gian cố định,"chuyên viên, nhân viên",hà nội,không yêu cầu,", marketing, thiết kế sáng tạo nghệ thuật, thông tin truyền thông quảng cáo",", marketing, thiết kế - sáng tạo nghệ thuật, thông tin - truyền thông - quảng cáo",15 - 30 triệu,15.0,30.0,vnd,22.5
kỹ sư it triển khai hệ thống tại tp hcm,toàn thời gian cố định,"chuyên viên, nhân viên",hồ chí minh,không yêu cầu,", it phần cứng mạng, thông tin truyền thông quảng cáo, it phần mềm",", it phần cứng - mạng, thông tin - truyền thông - quảng cáo, it phần mềm",8 - 10 triệu,8.0,10.0,vnd,9.0
chuyên viên it,toàn thời gian cố định,"chuyên viên, nhân viên",cà mau,không yêu cầu,it phần mềm,it phần mềm,6 - 8 triệu,6.0,8.0,vnd,7.0
nhân viên kỹ thuật triển khai,toàn thời gian cố định,"chuyên viên, nhân viên",hà nội,không yêu cầu,", khoa học kỹ thuật, it phần cứng mạng, vận hành bảo trì bảo dưỡng",", khoa học - kỹ thuật, vận hành - bảo trì - bảo dưỡng, it phần cứng - mạng",12 - 15 triệu,12.0,15.0,vnd,13.5
nhân viên digital marketing trên 27 tuổi,toàn thời gian cố định,"chuyên viên, nhân viên",hồ chí minh,không yêu cầu,", marketing, thông tin truyền thông quảng cáo, truyền hình báo chí biên tập",", marketing, thông tin - truyền thông - quảng cáo, truyền hình - báo chí - biên tập",15 - 18 triệu,15.0,18.0,vnd,16.5
nhân viên digital marketing,toàn thời gian cố định,"chuyên viên, nhân viên",hà nội,không yêu cầu,", marketing, thông tin truyền thông quảng cáo, truyền hình báo chí biên tập",", marketing, thông tin - truyền thông - quảng cáo, truyền hình - báo chí - biên tập",10 - 30 triệu,10.0,30.0,vnd,20.0
phú thiện gia lai nhân viên tư vấn trả góp sed gl,toàn thời gian cố định,"chuyên viên, nhân viên",gia lai,không yêu cầu,", hành chính thư ký, bán hàng kinh doanh, ngân hàng",", hành chính - thư ký, bán hàng - kinh doanh, ngân hàng",7 - 15 triệu,7.0,15.0,vnd,11.0
nhân viên it,toàn thời gian cố định,"chuyên viên, nhân viên",khánh hòa,không yêu cầu,", it phần cứng mạng, it phần mềm",", it phần cứng - mạng, it phần mềm",8 - 15 triệu,8.0,15.0,vnd,11.5
nhân viên data engineer,toàn thời gian cố định,"chuyên viên, nhân viên",hà nội,không yêu cầu,", quản lý dự án, phân tích thống kê dữ liệu, it phần mềm",", quản lý dự án, phân tích - thống kê dữ liệu, it phần mềm",15 - 20 triệu,15.0,20.0,vnd,17.5
nhân viên kinh doanh không yêu cầu kinh nghiệm thu nhập đến 15 triệu gia lai,toàn thời gian cố định,"chuyên viên, nhân viên",gia lai,không yêu cầu,", bán hàng kinh doanh, bán sỉ bán lẻ quản lý cửa hàng, it phần mềm",", bán hàng - kinh doanh, bán sỉ - bán lẻ - quản lý cửa hàng, it phần mềm",9 - 15 triệu,9.0,15.0,vnd,12.0
kỹ sư triển khai bản vẽ kỹ thuật nội thất 2d,toàn thời gian cố định,"chuyên viên, nhân viên",hà nội,không yêu cầu,", khoa học kỹ thuật, kiến trúc thiết kế nội ngoại thất, xây dựng",", khoa học - kỹ thuật, kiến trúc - thiết kế nội ngoại thất, xây dựng",15 - 20 triệu,15.0,20.0,vnd,17.5
it helpdesk nhận việc ngay,toàn thời gian cố định,"chuyên viên, nhân viên",long an,không yêu cầu,", điện điện tử điện lạnh, it phần cứng mạng, khoa học kỹ thuật",", khoa học - kỹ thuật, it phần cứng - mạng, điện - điện tử - điện lạnh",7 - 11 triệu,7.0,11.0,vnd,9.0
nhân viên văn phòng biết tiếng trung tại đồng nai,toàn thời gian cố định,"chuyên viên, nhân viên",đồng nai,không yêu cầu,", nhân sự, hành chính thư ký, biên phiên dịch",", nhân sự, hành chính - thư ký, biên phiên dịch",12 - 20 triệu,12.0,20.0,vnd,16.0
chuyên viên digital ads – facebook tiktok google ads bình thạnh,toàn thời gian cố định,"chuyên viên, nhân viên",hồ chí minh,không yêu cầu,", marketing, it phần cứng mạng, nghề nghiệp khác",", marketing, it phần cứng - mạng, nghề nghiệp khác",15 - 20 triệu,15.0,20.0,vnd,17.5
kỹ sư triển khai bản vẽ kỹ thuật nội thất 2d,toàn thời gian cố định,"chuyên viên, nhân viên",hà nội,không yêu cầu,", khoa học kỹ thuật, kiến trúc thiết kế nội ngoại thất, xây dựng",", khoa học - kỹ thuật, kiến trúc - thiết kế nội ngoại thất, xây dựng",10 - 15 triệu,10.0,15.0,vnd,12.5
nhân viên quay dựng editor,toàn thời gian cố định,"chuyên viên, nhân viên",hà nội,không yêu cầu,", marketing, thông tin truyền thông quảng cáo, truyền hình báo chí biên tập",", marketing, thông tin - truyền thông - quảng cáo, truyền hình - báo chí - biên tập",10 - 20 triệu,10.0,20.0,vnd,15.0
nhân viên it kỹ thuật sửa chữa máy,toàn thời gian cố định,"chuyên viên, nhân viên",an giang,không yêu cầu,", it phần cứng mạng, điện điện tử điện lạnh, it phần mềm",", it phần cứng - mạng, điện - điện tử - điện lạnh, it phần mềm",10 - 15 triệu,10.0,15.0,vnd,12.5
bình dương giám sát cửa hàng charles keith aeon mall bình dương,theo hợp đồng tư vấn,"quản lý nhóm, giám sát",bình dương,không yêu cầu,", dệt may da giày thời trang, bán hàng kinh doanh, bán sỉ bán lẻ quản lý cửa hàng",", bán hàng - kinh doanh, dệt may - da giày - thời trang, bán sỉ - bán lẻ - quản lý cửa hàng",9 - 10 triệu,9.0,10.0,vnd,9.5
long thành đồng nai nhân viên tư vấn tín dụng trả góp sản phẩm smc đni,toàn thời gian cố định,"chuyên viên, nhân viên",đồng nai,không yêu cầu,", bán hàng kinh doanh, chăm sóc khách hàng, tài chính đầu tư chứng khoán",", bán hàng - kinh doanh, chăm sóc khách hàng, tài chính - đầu tư - chứng khoán",8 - 12 triệu,8.0,12.0,vnd,10.0
nhân viên kỹ thuật it,toàn thời gian cố định,"chuyên viên, nhân viên",bình dương,không yêu cầu,it phần cứng mạng,it phần cứng - mạng,7 - 30 triệu,7.0,30.0,vnd,18.5
nhân viên bảo vệ trường quốc tế khai sáng quận 7,toàn thời gian cố định,"chuyên viên, nhân viên",hồ chí minh,không yêu cầu,", nghề nghiệp khác, an ninh bảo vệ, lao động phổ thông",", nghề nghiệp khác, an ninh - bảo vệ, lao động phổ thông",7 - 9.5 triệu,7.0,9.5,vnd,8.25
digital marketing executive,toàn thời gian cố định,"chuyên viên, nhân viên",hồ chí minh,không yêu cầu,", marketing, thông tin truyền thông quảng cáo",", marketing, thông tin - truyền thông - quảng cáo",10 - 14 triệu,10.0,14.0,vnd,12.0
nhân viên kinh doanh tư vấn bất động sản có hỗ trợ data marketing,toàn thời gian cố định,"chuyên viên, nhân viên",hà nội,không yêu cầu,", bảo hiểm, bất động sản, tài chính đầu tư chứng khoán",", bảo hiểm, bất động sản, tài chính - đầu tư - chứng khoán",10 - 60 triệu,10.0,60.0,vnd,35.0
nữ cộng tác viên bán hàng lai châu,toàn thời gian cố định,cộng tác viên,lai châu,không yêu cầu,", bán hàng kinh doanh, lao động phổ thông, chăm sóc khách hàng",", bán hàng - kinh doanh, lao động phổ thông, chăm sóc khách hàng",8 - 12 triệu,8.0,12.0,vnd,10.0
nhân viên văn phòng tại hoàng mai hà nội,toàn thời gian cố định,"chuyên viên, nhân viên",hà nội,không yêu cầu,", hành chính thư ký, thông tin truyền thông quảng cáo, marketing",", hành chính - thư ký, thông tin - truyền thông - quảng cáo, marketing",8 - 9 triệu,8.0,9.0,vnd,8.5
cameraman nhân viên quay dựng video editor quay phim bình dương,toàn thời gian cố định,"chuyên viên, nhân viên",bình dương,không yêu cầu,", thông tin truyền thông quảng cáo, thiết kế sáng tạo nghệ thuật, truyền hình báo chí biên tập",", thông tin - truyền thông - quảng cáo, thiết kế - sáng tạo nghệ thuật, truyền hình - báo chí - biên tập",10 - 15 triệu,10.0,15.0,vnd,12.5
chuyên viên it,toàn thời gian cố định,"chuyên viên, nhân viên",tây ninh,không yêu cầu,", it phần cứng mạng, it phần mềm",", it phần cứng - mạng, it phần mềm",9 - 12 triệu,9.0,12.0,vnd,10.5
cần thơ chuyên viên it,toàn thời gian cố định,"chuyên viên, nhân viên",cần thơ,không yêu cầu,it phần mềm,it phần mềm,10 - 12 triệu,10.0,12.0,vnd,11.0
saigon centre nhân viên bán hàng thời trang thể thao,toàn thời gian cố định,"chuyên viên, nhân viên",hồ chí minh,không yêu cầu,", dệt may da giày thời trang, bán hàng kinh doanh, bán sỉ bán lẻ quản lý cửa hàng",", bán hàng - kinh doanh, dệt may - da giày - thời trang, bán sỉ - bán lẻ - quản lý cửa hàng",8 - 10 triệu,8.0,10.0,vnd,9.0
nhân viên phụ bếp nhà hàng nhà hàng chickita,toàn thời gian tạm thời,"chuyên viên, nhân viên",hà nội,không yêu cầu,", thực phẩm đồ uống, khách sạn nhà hàng du lịch, bán sỉ bán lẻ quản lý cửa hàng",", thực phẩm - đồ uống, khách sạn - nhà hàng - du lịch, bán sỉ - bán lẻ - quản lý cửa hàng",6 - 8 triệu,6.0,8.0,vnd,7.0
nhân viên tư vấn bán hàng qua điện thoại telesales data có nhu cầu,toàn thời gian cố định,"chuyên viên, nhân viên",hồ chí minh,không yêu cầu,", bán hàng kinh doanh, bán sỉ bán lẻ quản lý cửa hàng, tài chính đầu tư chứng khoán",", bán hàng - kinh doanh, bán sỉ - bán lẻ - quản lý cửa hàng, tài chính - đầu tư - chứng khoán",15 - 25 triệu,15.0,25.0,vnd,20.0
mobile developer,toàn thời gian cố định,"chuyên viên, nhân viên",hồ chí minh,không yêu cầu,it phần mềm,it phần mềm,15 - 45 triệu,15.0,45.0,vnd,30.0
nhân viên digital marketing đi làm ngay,toàn thời gian cố định,"chuyên viên, nhân viên",hà nội,không yêu cầu,", marketing, thông tin truyền thông quảng cáo",", marketing, thông tin - truyền thông - quảng cáo",8 - 12 triệu,8.0,12.0,vnd,10.0
chuyên viên hành chính nhân sự – làm việc tại đồng nai,toàn thời gian cố định,chuyên gia,đồng nai,không yêu cầu,", nhân sự, hành chính thư ký, biên phiên dịch",", nhân sự, hành chính - thư ký, biên phiên dịch",15 - 25 triệu,15.0,25.0,vnd,20.0
nhân viên kinh doanh căn hộ có hỗ trợ data marketing,toàn thời gian cố định,"chuyên viên, nhân viên",hà nội,không yêu cầu,", hành chính thư ký, bảo hiểm, bán hàng kinh doanh",", hành chính - thư ký, bảo hiểm, bán hàng - kinh doanh",10 - 60 triệu,10.0,60.0,vnd,35.0
định quán đồng nai nhân viên tư vấn tín dụng trả góp sản phẩm smc đni,toàn thời gian cố định,"chuyên viên, nhân viên",đồng nai,không yêu cầu,", bán hàng kinh doanh, chăm sóc khách hàng, tài chính đầu tư chứng khoán",", bán hàng - kinh doanh, chăm sóc khách hàng, tài chính - đầu tư - chứng khoán",8 - 12 triệu,8.0,12.0,vnd,10.0
editor video yotube,toàn thời gian cố định,"chuyên viên, nhân viên",hồ chí minh,không yêu cầu,", thông tin truyền thông quảng cáo, lao động phổ thông, truyền hình báo chí biên tập",", thông tin - truyền thông - quảng cáo, lao động phổ thông, truyền hình - báo chí - biên tập",6 - 9 triệu,6.0,9.0,vnd,7.5
trưởng phòng kinh doanh online tại fpt telecom đồng nai,toàn thời gian cố định,quản lý cấp trung,đồng nai,không yêu cầu,", marketing, bán hàng kinh doanh, bưu chính viễn thông",", marketing, bán hàng - kinh doanh, bưu chính viễn thông",15 - 40 triệu,15.0,40.0,vnd,27.5
đồng nai giám sát kinh doanh kênh xe máy smc đni,toàn thời gian cố định,"quản lý nhóm, giám sát",đồng nai,không yêu cầu,", điện điện tử điện lạnh, bán sỉ bán lẻ quản lý cửa hàng, tài chính đầu tư chứng khoán",", điện - điện tử - điện lạnh, bán sỉ - bán lẻ - quản lý cửa hàng, tài chính - đầu tư - chứng khoán",15 - 25 triệu,15.0,25.0,vnd,20.0
nhân viên kỹ thuật it phần cứng,toàn thời gian cố định,"chuyên viên, nhân viên",hà nội,không yêu cầu,it phần cứng mạng,it phần cứng - mạng,10 - 12 triệu,10.0,12.0,vnd,11.0
quản lý trạm giao nhận hàng hóa đồng nai,toàn thời gian cố định,"chuyên viên, nhân viên",đồng nai,không yêu cầu,", thu mua kho vận chuỗi cung ứng, vận tải lái xe giao nhận",", thu mua - kho vận - chuỗi cung ứng, vận tải - lái xe - giao nhận",8 - 15 triệu,8.0,15.0,vnd,11.5
nhân viên tư vấn và triển khai phần mềm marketing workflow automation,toàn thời gian cố định,"chuyên viên, nhân viên",bình dương,không yêu cầu,", marketing, bán hàng kinh doanh, it phần mềm",", marketing, bán hàng - kinh doanh, it phần mềm",3 - 25 triệu,3.0,25.0,vnd,14.0
nhân viên phiên dịch tiếng hàn tại đồng nai,toàn thời gian cố định,"chuyên viên, nhân viên",đồng nai,không yêu cầu,", hành chính thư ký, vận tải lái xe giao nhận, biên phiên dịch",", hành chính - thư ký, vận tải - lái xe - giao nhận, biên phiên dịch",10 - 20 triệu,10.0,20.0,vnd,15.0
nhân viên tư vấn tài chính dự án pruventure with prudential,toàn thời gian cố định,"chuyên viên, nhân viên",hồ chí minh,không yêu cầu,", bảo hiểm, bán hàng kinh doanh, tài chính đầu tư chứng khoán",", bảo hiểm, bán hàng - kinh doanh, tài chính - đầu tư - chứng khoán",8 - 30 triệu,8.0,30.0,vnd,19.0
nữ cộng tác viên bán hàng thị trường tại lai châu,toàn thời gian cố định,cộng tác viên,lai châu,không yêu cầu,", bán hàng kinh doanh, lao động phổ thông, chăm sóc khách hàng",", bán hàng - kinh doanh, lao động phổ thông, chăm sóc khách hàng",8 - 12 triệu,8.0,12.0,vnd,10.0
nhân viên kỹ thuật it phần cứng và mạng,toàn thời gian cố định,"chuyên viên, nhân viên",hồ chí minh,không yêu cầu,", it phần cứng mạng, it phần mềm",", it phần cứng - mạng, it phần mềm",7 - 8 triệu,7.0,8.0,vnd,7.5
nhân viên quay dưng video editor thu nhập lên tới 14 triệu,toàn thời gian cố định,"chuyên viên, nhân viên",bình dương,không yêu cầu,", marketing, thông tin truyền thông quảng cáo, truyền hình báo chí biên tập",", marketing, thông tin - truyền thông - quảng cáo, truyền hình - báo chí - biên tập",8 - 14 triệu,8.0,14.0,vnd,11.0
nhân viên triển khai phần mềm,toàn thời gian cố định,chuyên gia,hà nội,không yêu cầu,", bưu chính viễn thông, it phần cứng mạng, it phần mềm",", bưu chính viễn thông, it phần cứng - mạng, it phần mềm",8 - 12 triệu,8.0,12.0,vnd,10.0
nữ cộng tác viên bán hàng lai châu,toàn thời gian cố định,cộng tác viên,lạng sơn,không yêu cầu,", bán hàng kinh doanh, lao động phổ thông, chăm sóc khách hàng",", bán hàng - kinh doanh, lao động phổ thông, chăm sóc khách hàng",8 - 12 triệu,8.0,12.0,vnd,10.0
thợ chế biến thức ăn sẵn big c đồng nai,toàn thời gian cố định,"chuyên viên, nhân viên",đồng nai,không yêu cầu,", khách sạn nhà hàng du lịch, bán hàng kinh doanh, lao động phổ thông",", khách sạn - nhà hàng - du lịch, bán hàng - kinh doanh, lao động phổ thông",5.3 - 6 triệu,5.3,6.0,vnd,5.65
digital marketing executive,toàn thời gian cố định,"chuyên viên, nhân viên",hồ chí minh,không yêu cầu,", marketing, it phần cứng mạng, thông tin truyền thông quảng cáo",", marketing, it phần cứng - mạng, thông tin - truyền thông - quảng cáo",8 - 11 triệu,8.0,11.0,vnd,9.5
nhân viên thiết kế 3d khu vực đồng nai,toàn thời gian cố định,"chuyên viên, nhân viên",đồng nai,không yêu cầu,", kiến trúc thiết kế nội ngoại thất, dệt may da giày thời trang, thiết kế sáng tạo nghệ thuật",", dệt may - da giày - thời trang, kiến trúc - thiết kế nội ngoại thất, thiết kế - sáng tạo nghệ thuật",14 - 20 triệu,14.0,20.0,vnd,17.0
kỹ sư triển khai hệ cơ,toàn thời gian cố định,"chuyên viên, nhân viên",kiên giang,không yêu cầu,", bưu chính viễn thông, điện điện tử điện lạnh, môi trường xử lý chất thải",", bưu chính viễn thông, điện - điện tử - điện lạnh, môi trường - xử lý chất thải",12 - 18 triệu,12.0,18.0,vnd,15.0
nhân viên it quản trị website,toàn thời gian cố định,"chuyên viên, nhân viên",đồng nai,không yêu cầu,", marketing, bảo hiểm, it phần mềm",", marketing, bảo hiểm, it phần mềm",15 - 20 triệu,15.0,20.0,vnd,17.5
nhân viên it trực vận hành hệ thống,toàn thời gian cố định,"chuyên viên, nhân viên",hà nội,không yêu cầu,", it phần cứng mạng, it phần mềm",", it phần cứng - mạng, it phần mềm",9 - 13 triệu,9.0,13.0,vnd,11.0
presales engineer,nhân viên chính thức,nhân viên,hồ chí minh,2 - 15 năm,"presales engineer, tender, kỹ sư dự toán, kỹ sư thiết kế, presales, pre sales engineer, kỹ sư bóc tách khối lượng","điện, mạng, cntt - phần mềm, điện tử, cntt - phần cứng, điện lạnh",13 tr - 20 tr vnd,13.0,20.0,vnd,16.5
chuyên viên khai báo hải quan,nhân viên chính thức,nhân viên,hồ chí minh,3 - 5 năm,Unknown,"vận chuyển, giao nhận, xuất nhập khẩu, kho vận",15 tr - 17 tr vnd,15.0,17.0,vnd,16.0
nhân viên digital marketing,nhân viên chính thức,nhân viên,hồ chí minh,1 - 2 năm,"chuyên viên social media, marketer, chuyên viên pr marketing, online marketing executive, marketing executive, nhân viên marketing online, marketing specialist, nhân viên marketing, chuyên viên marketing online, marketing operations officer","truyền thông, tiếp thị, marketing, tiếp thị trực tuyến, quảng cáo, đối ngoại",9 tr - 11 tr vnd,9.0,11.0,vnd,10.0
content writer and sale admin,nhân viên chính thức,mới tốt nghiệp,đà nẵng,không yêu cầu,"content staff, content executive, copywriter, content writer and sales admin, nhân viên nội dung","marketing, bảo hiểm, tiếp thị, tiếp thị trực tuyến",15 tr - 17 tr vnd,15.0,17.0,vnd,16.0
digital marketing executive,nhân viên chính thức,nhân viên,hồ chí minh,trên 2 năm,Unknown,"tiếp thị, marketing, kinh doanh, tiếp thị trực tuyến, bán hàng",10 tr - 15 tr vnd,10.0,15.0,vnd,12.5
devops engineer,nhân viên chính thức,nhân viên,hà nội,trên 2 năm,"wan, fortigate, firmware, switch, vmware, devops, lan, cisco, firewall, routers","mạng, cntt - phần mềm, cntt - phần cứng",20 tr - 50 tr vnd,20.0,50.0,vnd,35.0
digital marketing leader,nhân viên chính thức,"trưởng nhóm , giám sát",hồ chí minh,5 - 10 năm,"giám đốc tiếp thị, makerting manager, makerting director, giám sát tiếp thị, giám đốc truyền thông & tiếp thị, trưởng phòng marketing, giám đốc marketing, digital marketing leader, marketing supervisor, head of marketing and communication, trưởng nhóm marketing","truyền thông, tiếp thị, marketing, quảng cáo, đối ngoại",25 tr - 30 tr vnd,25.0,30.0,vnd,27.5
recruitment marketing leader,nhân viên chính thức,"trưởng nhóm , giám sát",hồ chí minh,3 - 7 năm,"giám đốc tiếp thị, makerting manager, makerting director, giám sát tiếp thị, giám đốc truyền thông & tiếp thị, trưởng phòng marketing, giám đốc marketing, marketing supervisor, head of marketing and communication","truyền thông, nhân sự, tiếp thị, marketing, quảng cáo, đối ngoại",20 tr - 35 tr vnd,20.0,35.0,vnd,27.5
unity developer,nhân viên chính thức,nhân viên,hồ chí minh,3 - 10 năm,"c#, unity developer unity, lập trình",cntt - phần mềm,20 tr - 50 tr vnd,20.0,50.0,vnd,35.0
mobile developer,nhân viên chính thức,nhân viên,hà nội,3 - 5 năm,"mobile developer, mobile",cntt - phần mềm,"800 - 1,200 usd",20.0,30.0,usd,25.0
unity developer,nhân viên chính thức,nhân viên,hồ chí minh,1 - 2 năm,"unity, lập trình, unity developer chuyên ar",cntt - phần mềm,10 tr - 15 tr vnd,10.0,15.0,vnd,12.5
video editer,nhân viên chính thức,nhân viên,hồ chí minh,3 - 5 năm,"video editer, linux + audio video","tiếp thị, marketing, thiết kế, nghệ thuật, mỹ thuật",13 tr - 15 tr vnd,13.0,15.0,vnd,14.0
sales engineer,nhân viên chính thức,nhân viên,hà nội,trên 2 năm,"sales engineer khu vực miền bắc, kỹ sư kinh doanh, service engineer, kỹ sư bán hàng","bán hàng, kinh doanh",12 tr - 20 tr vnd,12.0,20.0,vnd,16.0
hoàng mai trưởng phòng kỹ thuật điều hòa thu nhập up to 25tr,nhân viên chính thức,quản lý,hà nội,2 - 3 năm,Unknown,"điện tử, điện lạnh, quản lý điều hành, điện",20 tr - 25 tr vnd,20.0,25.0,vnd,22.5
thủ quỹ khu vực gia lai,nhân viên chính thức,nhân viên,hồ chí minh,2 - 6 năm,Unknown,"kế toán, ngân hàng, kiểm toán, tài chính, đầu tư",8 tr - 10 tr vnd,8.0,10.0,vnd,9.0
digital marketing,nhân viên chính thức,nhân viên,hà nội,2 - 3 năm,"digital marketing executive, digital marketer, digital marketing staff","truyền thông, tiếp thị, marketing, tiếp thị trực tuyến, quảng cáo, đối ngoại",12 tr - 15 tr vnd,12.0,15.0,vnd,13.5
kỹ sư it phần cứng,nhân viên chính thức,nhân viên,bình dương,1 - 3 năm,Unknown,"mạng, cntt - phần cứng, biên phiên dịch",13 tr - 15 tr vnd,13.0,15.0,vnd,14.0
nhân viên chăm sóc khách hàng vietjet air không yêu cầu kinh nghiệm,nhân viên chính thức,nhân viên,hồ chí minh,không yêu cầu, nhân viên chăm sóc khách hàng vietjet air không yêu cầu kinh nghiệm,"hàng không, dịch vụ khách hàng","8 tr - 8,5 tr vnd",8.0,8.5,vnd,8.25
chuyên viên digital marketing,nhân viên chính thức,nhân viên,hồ chí minh,trên 5 năm,"chuyên viên social media, marketer, chuyên viên pr marketing, online marketing executive, marketing executive, nhân viên marketing online, marketing specialist, nhân viên marketing, chuyên viên marketing online, marketing operations officer","tiếp thị, marketing, dược phẩm, tiếp thị trực tuyến",trên 15 tr vnd,15.0,0.0,vnd,7.5
giáo viên gia sư dạy đàn guitar part time online,bán thời gian,"sinh viên, thực tập sinh",toàn quốc,không yêu cầu,"funix, lecturer, gia sư, guitar, teaching, trợ giảng, teacher, giảng viên","thiết kế, đào tạo, nghệ thuật, ngành khác, giáo dục, mỹ thuật",5 tr - 7 tr vnd,5.0,7.0,vnd,6.0
quality control analyst,nhân viên chính thức,nhân viên,hồ chí minh,lên đến 1 năm,"quality assurance analyst, nhân viên phân tích chất lượng, senior quality assurance analyst, quality analyst, chemist, quality control analyst, pharmacist","y tế, sản xuất, chăm sóc sức khỏe, dược phẩm, vận hành sản xuất",11 tr - 15 tr vnd,11.0,15.0,vnd,13.0
nhân viên editor,nhân viên chính thức,nhân viên,hà nội,1 - 2 năm,"nhân viên biên tập tin nội bộ, biên tập viên","thiết kế, nghệ thuật, mỹ thuật",10 tr - 13 tr vnd,10.0,13.0,vnd,11.5
digital leader indonesia,nhân viên chính thức,quản lý,toàn quốc,3 - 10 năm,Unknown,"tiếp thị, tiếp thị trực tuyến, kinh doanh, marketing, bán hàng","800 - 2,000 usd",20.0,50.0,usd,35.0
nhân viên xuất nhập khẩu khai quan,nhân viên chính thức,nhân viên,long an,không yêu cầu,Unknown,"vận chuyển, giao nhận, kho vận",7 tr - 12 tr vnd,7.0,12.0,vnd,9.5
chuyên viên khách hàng cá nhân phòng giao dịch cai lậy cn tiền giang,nhân viên chính thức,nhân viên,tiền giang,không yêu cầu,Unknown,"ngân hàng, kinh doanh, tài chính, bán hàng, đầu tư",9 tr - 35 tr vnd,9.0,35.0,vnd,22.0
android developer,nhân viên chính thức,nhân viên,hà nội,trên 1 năm,"html5, phone developer, android, nodejs developer, phonegap, android developer","mạng, cntt - phần mềm, cntt - phần cứng",8 tr - 15 tr vnd,8.0,15.0,vnd,11.5
nhân viên bán hàng có đào tạo về kỹ thuật tại hoàng mai hà nội,nhân viên chính thức,nhân viên,hà nội,không yêu cầu,"tư vấn kinh doanh, tư vấn bán hàng, đại diện kinh doanh, sales representative, salesman, nhân viên kinh doanh, nvkd, bán hàng, đại diện bán hàng","bảo trì, điện, kinh doanh, sửa chữa, điện tử, bán hàng, điện lạnh",8 tr - 25 tr vnd,8.0,25.0,vnd,16.5
chuyên viên digital marketing alphanam group,nhân viên chính thức,nhân viên,hà nội,2 - 3 năm,Unknown,"truyền thông, tiếp thị, marketing, quảng cáo, báo chí, truyền hình, đối ngoại, biên tập",18 tr - 23 tr vnd,18.0,23.0,vnd,20.5
chuyên viên lập trình backend,nhân viên chính thức,nhân viên,hồ chí minh,2 - 3 năm,"back end, chuyên viên lập trình backend, backend developer, it developer, lập trình viên",cntt - phần mềm,"550 - 1,000 usd",13.75,25.0,usd,19.375
tuyển dụng nhân viên hành chính nhân sự hoàng mai,nhân viên chính thức,nhân viên,hà nội,2 - 3 năm,"admin staff, trợ lý hành chính, admin executive, nhân viên hành chánh nhân sự, tuyển dụng nhân viên hành chính nhân sự hoàng mai tr trở lên, admin assistant, thư ký hành chánh, nhân viên hành chính, recruitment officer, admin officer, nhân viên hành chánh","kế toán, nhân sự, hành chính, kiểm toán, thư ký",10 tr - 14 tr vnd,10.0,14.0,vnd,12.0
nhân viên marketing digital tại cầu giấy nam từ liêm,nhân viên chính thức,nhân viên,hà nội,trên 1 năm,"marketer, marketing executive, chuyên viên marketing, nhân viên marketing digital tại cầu giấynam từ liêm, marketing training, nhân viên phòng marketing xuất nhập khẩu, marketing pr executive, nhân viên marketing","tiếp thị, marketing, kinh doanh, tiếp thị trực tuyến, bán hàng",16 tr - 25 tr vnd,16.0,25.0,vnd,20.5
software engineer,nhân viên chính thức,nhân viên,hồ chí minh,1 - 3 năm,"software engineer, php, lập trình viên",cntt - phần mềm,20 tr - 40 tr vnd,20.0,40.0,vnd,30.0
thực tập sinh edit video,thực tập,"sinh viên, thực tập sinh",hồ chí minh,không yêu cầu,"sinh viên thực tập, nhân viên thực tập, internship, edit video, thực tập sinh edit video, editor","tiếp thị, marketing, thực tập, thiết kế, nghệ thuật, mới tốt nghiệp, mỹ thuật","trên 1,5 tr vnd",1.5,0.0,vnd,0.75
nhân viên thiết kế đồ họa 2d editor,nhân viên chính thức,nhân viên,hà nội,1 - 3 năm,Unknown,"tiếp thị, marketing, kinh doanh, tiếp thị trực tuyến, bán hàng",12 tr - 15 tr vnd,12.0,15.0,vnd,13.5
compensation benefits executive,nhân viên chính thức,nhân viên,hồ chí minh,5 - 8 năm,Unknown,nhân sự,18 tr - 24 tr vnd,18.0,24.0,vnd,21.0
digital marketing leader,nhân viên chính thức,nhân viên,hồ chí minh,1 - 2 năm,"giám đốc tiếp thị, makerting manager, makerting director, giám sát tiếp thị, giám đốc truyền thông & tiếp thị, trưởng phòng marketing, giám đốc marketing, digital marketing leader, marketing supervisor, head of marketing and communication, trưởng nhóm marketing","truyền thông, tiếp thị, marketing, truyền hình, báo chí, quảng cáo, đối ngoại, biên tập",14 tr - 16 tr vnd,14.0,16.0,vnd,15.0
digital marketing,nhân viên chính thức,nhân viên,hồ chí minh,1 - 2 năm,Unknown,"truyền thông, tiếp thị, marketing, tiếp thị trực tuyến, quảng cáo, đối ngoại",9 tr - 11 tr vnd,9.0,11.0,vnd,10.0
112066 sales engineer automation kỹ sư bán hàng tự động hóa,nhân viên chính thức,nhân viên,hà nội,trên 1 năm," sales engineer automation kỹ sư bán hàng tự động hóa, kỹ sư tự động hóa, service engineer, kỹ sư kinh doanh, automation engineer, sales engineer, kỹ sư bán hàng, tự động hóa","kinh doanh, bán hàng, cơ khí, ô tô, tự động hóa",11 tr - 20 tr vnd,11.0,20.0,vnd,15.5
nhân viên triển khai bản vẽ nhà gỗ nhật,nhân viên chính thức,nhân viên,hà nội,1 - 3 năm,Unknown,"xây dựng, kiến trúc",8 tr - 12 tr vnd,8.0,12.0,vnd,10.0
data analyst,nhân viên chính thức,nhân viên,hồ chí minh,trên 2 năm,"business intelligence, data analysis specialist, data analyst months contract, business analyst, workforce","cntt - phần mềm, ngân hàng, dịch vụ khách hàng",lên đến 23 tr vnd,0.0,23.0,vnd,11.5
nhân viên kế toán chi nhánh lữ hành saigontourist tiền giang,nhân viên chính thức,nhân viên,tiền giang,trên 1 năm,"accountant, nhân viên kế toán chi nhánh lữ hành saigontourist tiền giang","kế toán, kiểm toán",trên 6 tr vnd,6.0,0.0,vnd,3.0
data engineer upto 40m,nhân viên chính thức,nhân viên,hà nội,trên 2 năm,"công nghệ thông tin, it, data engineer, data analyst, lap trinh vien php, chuyên viên lập trình, data processing executive, lập trình viên","bán sỉ, mạng, cntt - phần mềm, cntt - phần cứng, bán lẻ",20 tr - 40 tr vnd,20.0,40.0,vnd,30.0
recruitment manager trưởng phòng tuyển dụng sendo farm,nhân viên chính thức,quản lý,hà nội,3 - 5 năm,"office manager, head of human resources, hr director, admin manager, hr manager, human resources manager, human resources director, trưởng phòng nhân sự, giám đốc nguồn nhân lực, giám đốc nhân sự","bán lẻ, bảo hiểm, ngân hàng, bán sỉ",25 tr - 28 tr vnd,25.0,28.0,vnd,26.5
chuyên viên video editor,nhân viên chính thức,nhân viên,hồ chí minh,1 - 4 năm,"nhân viên biên tập tin nội bộ, linux + audio video, biên tập viên, editor","truyền thông, tiếp thị, marketing, truyền hình, báo chí, quảng cáo, đối ngoại, biên tập",12 tr - 17 tr vnd,12.0,17.0,vnd,14.5
digital sales specialist,nhân viên chính thức,"trưởng nhóm , giám sát",hồ chí minh,2 - 3 năm,"purchasing, purchasing staff, coordinator, associates accountant, executive, supervisor, manager, staff, nhân viên mua hàng staff, officier","cntt - phần mềm, ngân hàng, dịch vụ khách hàng",25 tr - 30 tr vnd,25.0,30.0,vnd,27.5
kỹ sư triển khai thiết kế thi công hệ thống điện,nhân viên chính thức,nhân viên,hà nam,trên 1 năm,Unknown,"điện, thiết kế, điện tử, xây dựng, nghệ thuật, điện lạnh, mỹ thuật",10 tr - 18 tr vnd,10.0,18.0,vnd,14.0
nhân viên junior middle frontend developer,nhân viên chính thức,mới tốt nghiệp,hồ chí minh,không yêu cầu,"game developer, software developer, advert developer, web developer, lập trình viên","thực tập, cntt - phần mềm, du lịch, mới tốt nghiệp",8 tr - 15 tr vnd,8.0,15.0,vnd,11.5
nhân viên phát triển sản phẩm furniture,nhân viên chính thức,nhân viên,hồ chí minh,3 - 5 năm,Unknown,"nội ngoại thất, thiết kế, nghệ thuật, cơ khí, ô tô, mỹ thuật, tự động hóa",20 tr - 25 tr vnd,20.0,25.0,vnd,22.5
nhân viên quay dựng video video editor,nhân viên chính thức,nhân viên,hà nội,1 - 3 năm,"nhân viên biên tập tin nội bộ, biên tập viên, nhân viên quay dựng video video editor","truyền thông, tiếp thị, marketing, quảng cáo, thiết kế, đối ngoại, nghệ thuật, mỹ thuật",12 tr - 15 tr vnd,12.0,15.0,vnd,13.5
chuyên viên digital marketing,nhân viên chính thức,nhân viên,hà nội,3 - 4 năm,Unknown,"truyền thông, tiếp thị, marketing, quảng cáo, cntt - phần mềm, đối ngoại",15 tr - 25 tr vnd,15.0,25.0,vnd,20.0
video editor,nhân viên chính thức,nhân viên,hồ chí minh,1 - 3 năm,Unknown,"truyền thông, quảng cáo, báo chí, truyền hình, đối ngoại, giải trí, biên tập","8,5 tr - 10 tr vnd",8.5,10.0,vnd,9.25
product developer,nhân viên chính thức,nhân viên,hồ chí minh,lên đến 5 năm,"chinese garment, product developer chinese","dệt may, vật tư, thời trang, biên phiên dịch, da giày, thu mua",15 tr - 20 tr vnd,15.0,20.0,vnd,17.5
management trainee program,nhân viên chính thức,nhân viên,hồ chí minh,không yêu cầu,Unknown,"kế toán, thực tập, kiểm toán, tài chính, mới tốt nghiệp, đầu tư",8 tr - 14 tr vnd,8.0,14.0,vnd,11.0
security specialist,nhân viên chính thức,nhân viên,đồng nai,1 - 2 năm,"nhân viên an ninh, nhân viên văn thư hành chánh, purchasing, purchasing staff, associates accountant, executive, biên phiên dịch, supervisor, manager, staff, nhân viên mua hàng staff, officier","vận hành sản xuất, sản xuất, dệt may, hành chính, thời trang, da giày, thư ký","9,5 tr - 15 tr vnd",9.5,15.0,vnd,12.25
mobile developer – 4c001,nhân viên chính thức,nhân viên,hà nội,2 - 3 năm,"mobile developer, lập trình viên mobile, android developer, ios","cntt - phần mềm, ngân hàng","1,000 - 2,000 usd",25.0,50.0,usd,37.5
sales engineer,nhân viên chính thức,nhân viên,hồ chí minh,3 - 5 năm,"kỹ sư kinh doanh, kỹ sư bán hàng, sales engineer","bán hàng, kinh doanh",13 tr - 15 tr vnd,13.0,15.0,vnd,14.0
chuyên viên khách hàng cá nhân cn thanh oai,nhân viên chính thức,nhân viên,hà nội,không yêu cầu,chuyên viên khách hàng cá nhân cn. thanh oai cn.,"ngân hàng, kinh doanh, tài chính, bán hàng, đầu tư",9 tr - 35 tr vnd,9.0,35.0,vnd,22.0
it security,nhân viên chính thức,nhân viên,bình dương,3 - 5 năm,Unknown,"điện, mạng, cntt - phần mềm, điện tử, cntt - phần cứng, điện lạnh",25 tr - 35 tr vnd,25.0,35.0,vnd,30.0
nhân viên triển khai,nhân viên chính thức,nhân viên,hồ chí minh,1 - 5 năm,Unknown,"ô tô, cơ khí, tự động hóa",8 tr - 15 tr vnd,8.0,15.0,vnd,11.5
vtvcab cn lào cai tuyển nhân viên kinh doanh,nhân viên chính thức,nhân viên,lào cai,1 - 3 năm,"sales, viễn thông, kinh doanh, nhân viên, hàng tiêu dùng, bán hàng","tiếp thị, marketing, điện, kinh doanh, điện tử, bán hàng, điện lạnh",9 tr - 12 tr vnd,9.0,12.0,vnd,10.5
telesales trainer,nhân viên chính thức,nhân viên,hà nội,trên 2 năm,Unknown,"đào tạo, giáo dục, ngân hàng, nhân sự",18 tr - 20 tr vnd,18.0,20.0,vnd,19.0
sales engineer,nhân viên chính thức,mới tốt nghiệp,hồ chí minh,không yêu cầu,"service engineer, kỹ sư kinh doanh, kỹ sư bán hàng","tiếp thị, marketing, kinh doanh, bán hàng, cơ khí, ô tô, tự động hóa",10 tr - 20 tr vnd,10.0,20.0,vnd,15.0
chuyên viên it support,nhân viên chính thức,nhân viên,hà nội,trên 2 năm,"nhân viên it, it executive, it support, it specialist, nhân viên tin học, it engineer, it staff, it officer","sản xuất, mạng, cntt - phần mềm, cntt - phần cứng, vận hành sản xuất",12 tr - 14 tr vnd,12.0,14.0,vnd,13.0
gia lai nhân viên kinh doanh ban phát triển,nhân viên chính thức,nhân viên,gia lai,không yêu cầu,"đại diện kinh doanh, nhân viên phòng kinh doanh, sales executive, salesman, sales dept, sales engineer, nhân viên bán hàng, telesales, đại diện bán hàng, chuyên viên kinh doanh","tiếp thị, kinh doanh, bán sỉ, marketing, bán hàng, bán lẻ",11 tr - 20 tr vnd,11.0,20.0,vnd,15.5
110784 ict engineer communication,nhân viên chính thức,nhân viên,hà nội,3 - 5 năm,"communication, telecommunication engineer, infrastructure engineer, network engineer, ict engineer","hành chính, thư ký, cntt - phần mềm, ngành khác",30 tr - 37 tr vnd,30.0,37.0,vnd,33.5
sales engineer,nhân viên chính thức,nhân viên,hồ chí minh,trên 3 năm,Unknown,"marketing, bán hàng, tiếp thị, kinh doanh",trên 18 tr vnd,18.0,0.0,vnd,9.0
automation engineer team leader,nhân viên chính thức,"trưởng nhóm , giám sát",hồ chí minh,trên 4 năm,"automation engineer team leader, kỹ sư giám sát công trình chuyên ngành m e, technical specialist, kỹ sư giám sát thiết kế điện, nhân viên điện công trình, electrical mechanical engineer, kỹ sư điện tại công trường, kỹ sư điện công nghiệp, kỹ sư công trình m e, giám sát m&e, electrical technician","điện, điện tử, cơ khí, điện lạnh, ô tô, tự động hóa",trên 15 tr vnd,15.0,0.0,vnd,7.5
trưởng nhóm marketing digital marketing leader,nhân viên chính thức,nhân viên,hà nội,3 - 4 năm,Unknown,"truyền thông, tiếp thị, marketing, tiếp thị trực tuyến, quảng cáo, đối ngoại",20 tr - 30 tr vnd,20.0,30.0,vnd,25.0
front end developer,nhân viên chính thức,nhân viên,hồ chí minh,không yêu cầu,"front end developer, lập trình","mạng, cntt - phần mềm, cntt - phần cứng","750 - 1,200 usd",18.75,30.0,usd,24.375
senior expert data engineer,nhân viên chính thức,nhân viên,hà nội,trên 3 năm,data specialist,cntt - phần mềm,25 tr - 55 tr vnd,25.0,55.0,vnd,40.0
chuyên viên khách hàng cá nhân cn lào cai,nhân viên chính thức,nhân viên,lào cai,không yêu cầu,Unknown,"ngân hàng, kinh doanh, tài chính, bán hàng, đầu tư",9 tr - 35 tr vnd,9.0,35.0,vnd,22.0
it helpdesk,nhân viên chính thức,nhân viên,hà nội,2 - 5 năm,"it helpdesk, nhân viên it helpdesk","mạng, thực phẩm & đồ uống, cntt - phần cứng",10 tr - 15 tr vnd,10.0,15.0,vnd,12.5
chuyên viên tập sự khách hàng cá nhân cn đồng nai,nhân viên chính thức,nhân viên,đồng nai,không yêu cầu,chuyên viên tập sự khách hàng cá nhân cn. đồng nai,"tài chính, ngân hàng, đầu tư",5 tr - 15 tr vnd,5.0,15.0,vnd,10.0
chuyên viên audit,nhân viên chính thức,nhân viên,hồ chí minh,3 - 4 năm,Unknown,"kế toán, nhân sự, luật, pháp lý, kiểm toán",11 tr - 13 tr vnd,11.0,13.0,vnd,12.0
kỹ sư kiểm soát chất lượng quality control engineer,nhân viên chính thức,nhân viên,hà nội,1 - 5 năm,"qa, kỹ sư qc, nhân viên qa in line qc, qc staff, qc, quality assurance engineer, quality controler, nhân viên kcs, tester, nhân viên quản lý chất lượng, nhân viên qa, quality control engineer","quản lý chất lượng (qa, qc)","10,0 tr - 18 tr vnd",10.0,18.0,vnd,14.0
senior trainer,nhân viên chính thức,nhân viên,hà nội,trên 3 năm,"training specialist, senior trainer","nhân sự, dệt may, thời trang, đào tạo, da giày, giáo dục",12 tr - 18 tr vnd,12.0,18.0,vnd,15.0
it security expert iam,nhân viên chính thức,nhân viên,hồ chí minh,4 - 7 năm,Unknown,"mạng, cntt - phần cứng","1,000 - 2,000 usd",25.0,50.0,usd,37.5
thực tập sinh digital marketing,"nhân viên chính thức, thực tập","sinh viên, thực tập sinh",hồ chí minh,không yêu cầu,"sinh viên thực tập, nhân viên thực tập, internship, nhân viên thực tập nước ngoài","tiếp thị, marketing",2 tr - 5 tr vnd,2.0,5.0,vnd,3.5
technical sales in food and nutrition,nhân viên chính thức,"trưởng nhóm , giám sát",hồ chí minh,2 - 5 năm,"technical sales executive to manager in food and nutrition hcm & hn, nhân viên kinh doanh, chuyên viên bán hàng, quản lý kinh doanh, nhân viên bán hàng, sales supervisor, chuyên viên kinh doanh","bán sỉ, kinh doanh, bán hàng, bán lẻ, thực phẩm & đồ uống",20 tr - 60 tr vnd,20.0,60.0,vnd,40.0
urgent giám sát chuyên môn tiếng anh tại xuân lộc đồng nai,nhân viên chính thức,"trưởng nhóm , giám sát",đồng nai,1 - 2 năm,Unknown,"đào tạo, giáo dục, biên phiên dịch",10 tr - 15 tr vnd,10.0,15.0,vnd,12.5
trình dược viên tại gia lai,nhân viên chính thức,nhân viên,gia lai,1 - 10 năm,Unknown,"bán sỉ, dược phẩm, kinh doanh, bán hàng, bán lẻ",8 tr - 15 tr vnd,8.0,15.0,vnd,11.5
back end developer,nhân viên chính thức,nhân viên,hà nội,không yêu cầu,Unknown,"mạng, cntt - phần mềm, cntt - phần cứng",lên đến 40 tr vnd,0.0,40.0,vnd,20.0
sales engineer,nhân viên chính thức,nhân viên,hồ chí minh,2 - 3 năm,"service engineer, kỹ sư kinh doanh, kỹ sư bán hàng","tiếp thị, marketing, điện, kinh doanh, điện tử, bán hàng, điện lạnh",10 tr - 12 tr vnd,10.0,12.0,vnd,11.0
digital marketing,nhân viên chính thức,nhân viên,hà nội,trên 1 năm,"online, social media","truyền thông, tiếp thị, marketing, truyền hình, báo chí, quảng cáo, đối ngoại, biên tập",10 tr - 15 tr vnd,10.0,15.0,vnd,12.5
110104 qc engineer kỹ sư quản lý chất lượng water treatment,nhân viên chính thức,nhân viên,hồ chí minh,trên 1 năm,Unknown,"xây dựng, thủy lợi",15 tr - 18 tr vnd,15.0,18.0,vnd,16.5
05 nhân viên lập trình devops,nhân viên chính thức,nhân viên,hà nội,1 - 5 năm,Unknown,cntt - phần mềm,10 tr - 30 tr vnd,10.0,30.0,vnd,20.0
it infrastructure engineer,nhân viên chính thức,"trưởng nhóm , giám sát",hồ chí minh,3 - 5 năm,Unknown,"bảo trì, sửa chữa, mạng, cntt - phần mềm, cntt - phần cứng",18 tr - 25 tr vnd,18.0,25.0,vnd,21.5
data team leader,nhân viên chính thức,"trưởng nhóm , giám sát",long an,2 - 3 năm,"reporter, data processing staff","vận hành sản xuất, thống kê, sản xuất, xuất bản, in ấn",14 tr - 16 tr vnd,14.0,16.0,vnd,15.0
quản trị mạng network engineer,nhân viên chính thức,nhân viên,hà nội,2 - 4 năm,quản trị mạng,"mạng, cntt - phần mềm, cntt - phần cứng",20 tr - 22 tr vnd,20.0,22.0,vnd,21.0
engineer for electrical engineering,nhân viên chính thức,nhân viên,bình dương,2 - 3 năm,"electrical engineering, linux system, computer science","điện, mạng, cntt - phần mềm, điện tử, cntt - phần cứng, điện lạnh",20 tr - 30 tr vnd,20.0,30.0,vnd,25.0
chuyên viên digital marketing,nhân viên chính thức,nhân viên,hồ chí minh,1 - 2 năm,"chuyên viên social media, marketer, chuyên viên pr marketing, online marketing executive, marketing executive, chuyên viên digital marketing facebook ads, nhân viên marketing online, marketing specialist, nhân viên marketing, chuyên viên marketing online, marketing operations officer","đào tạo, giáo dục, tiếp thị, marketing",12 tr - 18 tr vnd,12.0,18.0,vnd,15.0
nhân viên digital marketing,nhân viên chính thức,nhân viên,hà nội,trên 2 năm,Unknown,"marketing, tư vấn, tiếp thị, tiếp thị trực tuyến",10 tr - 16 tr vnd,10.0,16.0,vnd,13.0
bắc ninh lào cai thanh hóa chuyên viên cao cấp quản lý khách hàng ưu tiên,nhân viên chính thức,nhân viên,bắc ninh,trên 2 năm,Unknown,"ngân hàng, kinh doanh, tài chính, bán hàng, đầu tư",trên 22 tr vnd,22.0,0.0,vnd,11.0
chuyên viên khách hàng cá nhân cn gia lai,nhân viên chính thức,nhân viên,gia lai,không yêu cầu,chuyên viên khách hàng cá nhân cn. gia lai cn.,"tài chính, ngân hàng, dịch vụ khách hàng, đầu tư",9 tr - 35 tr vnd,9.0,35.0,vnd,22.0
nhân viên digital marketing,nhân viên chính thức,nhân viên,hà nội,1 - 2 năm,Unknown,"truyền thông, tiếp thị, dược phẩm, marketing, quảng cáo, đối ngoại",15 tr - 20 tr vnd,15.0,20.0,vnd,17.5
medical sales representative hospital clinics,nhân viên chính thức,nhân viên,hồ chí minh,2 - 5 năm,"trình dược viên etc, trình dược viên khối bệnh viện, medical sales representative hospital & clinics trình dược viên kênh bệnh viện & phòng khám, medical representative, trình dược viên kênh nhà thuốc, trình dược viên","y tế, dược phẩm, kinh doanh, chăm sóc sức khỏe, bán hàng",18 tr - 20 tr vnd,18.0,20.0,vnd,19.0
110255 japanese speaking kaizen engineer kỹ sư cải tiến manufacturing,nhân viên chính thức,nhân viên,hồ chí minh,trên 3 năm,"purchasing, purchasing manager trưởng phòng mua hàng manufacturing, quản lý thu mua","vận hành sản xuất, sản xuất",13 tr - 19 tr vnd,13.0,19.0,vnd,16.0
video editor,nhân viên chính thức,nhân viên,hồ chí minh,2 - 5 năm,"nhân viên biên tập tin nội bộ, biên tập viên","truyền thông, truyền hình, thiết kế, báo chí, quảng cáo, đối ngoại, nghệ thuật, biên tập, mỹ thuật",10 tr - 20 tr vnd,10.0,20.0,vnd,15.0
kỹ sư shop drawing detailing engineer,nhân viên chính thức,nhân viên,hồ chí minh,1 - 5 năm,Unknown,"thiết kế, xây dựng, nghệ thuật, mỹ thuật, kiến trúc","500 - 1,000 usd",12.5,25.0,usd,18.75
field engineering junior executive,nhân viên chính thức,nhân viên,hà nội,trên 1 năm,"hỗ trợ kỹ thuật, nhân viên kỹ thuật hiện trường, field engineering junior executive automobile, tư vấn viên, automotive product specialist","tự động hóa, ô tô, cơ khí, tư vấn",12 tr - 16 tr vnd,12.0,16.0,vnd,14.0
nhân viên triển khai phần mềm,nhân viên chính thức,nhân viên,hà nội,lên đến 1 năm,"sap crm functional consultant, chuyên viên triển khai sap erp, sap functional consultant, nhân viên tư vấn triển khai phần mềm, tư vấn nghiệp vụ, functional consultant, erp functional consultant, tư vấn nghiệp vụ sap erp, chuyên viên tư vấn triển khai phần mềm erp, oracle functional consultant","y tế, kinh doanh, chăm sóc sức khỏe, bán hàng, tư vấn",10 tr - 20 tr vnd,10.0,20.0,vnd,15.0
product developer,nhân viên chính thức,nhân viên,tiền giang,2 - 5 năm,Unknown,"dệt may, hành chính, thời trang, da giày, thư ký",12 tr - 17 tr vnd,12.0,17.0,vnd,14.5
nhân viên content website,nhân viên chính thức,nhân viên,hồ chí minh,1 - 3 năm,Unknown,"tiếp thị, marketing, truyền hình, báo chí, biên tập",8 tr - 12 tr vnd,8.0,12.0,vnd,10.0
nhân viên triển khai kỹ thuật kiến trúc nội thất 2d,nhân viên chính thức,nhân viên,hà nội,2 - 5 năm,Unknown,"nội ngoại thất, thiết kế, nghệ thuật, mỹ thuật, kiến trúc",13 tr - 18 tr vnd,13.0,18.0,vnd,15.5
chuyên viên digital marketing,nhân viên chính thức,nhân viên,hà nội,1 - 8 năm,Unknown,"truyền thông, tiếp thị, marketing, quảng cáo, đối ngoại",13 tr - 20 tr vnd,13.0,20.0,vnd,16.5
video editor,nhân viên chính thức,nhân viên,hồ chí minh,3 - 5 năm,"linux + audio video, designer, graphic designer, photo editor, editor","truyền thông, tiếp thị, marketing, quảng cáo, đối ngoại, giải trí",12 tr - 18 tr vnd,12.0,18.0,vnd,15.0
quality ansurance supervisor,nhân viên chính thức,"trưởng nhóm , giám sát",hồ chí minh,5 - 10 năm,", purchasing, purchasing staff, coordinator, associates accountant, executive, specialist, manager, staff, nhân viên mua hàng staff, officier","dệt may, thời trang, qc), da giày, quản lý chất lượng (qa, hàng gia dụng, chăm sóc cá nhân",25 tr - 30 tr vnd,25.0,30.0,vnd,27.5
chuyên viên edit video,nhân viên chính thức,nhân viên,hà nội,trên 2 năm,Unknown,"truyền thông, tiếp thị, marketing, quảng cáo, thiết kế, đối ngoại, nghệ thuật, mỹ thuật",12 tr - 20 tr vnd,12.0,20.0,vnd,16.0
embedded system developer kỹ sư lập trình nhúng,nhân viên chính thức,nhân viên,hà nội,3 - 15 năm,embedded system developer kỹ sư lập trình nhúng firmware,"điện, mạng, cntt - phần mềm, điện tử, cntt - phần cứng, điện lạnh","800 - 1,500 usd",20.0,37.5,usd,28.75
maintenance supervisor,nhân viên chính thức,nhân viên,bình dương,3 - 5 năm,"tổ trưởng tổ bảo trì, director of maintenance, head of maintenance","bảo trì, sửa chữa, cơ khí, ô tô, tự động hóa",20 tr - 25 tr vnd,20.0,25.0,vnd,22.5
email automation marketing specialist,nhân viên chính thức,nhân viên,hồ chí minh,3 - 4 năm,"unicom, vivo, r_star, bytemedia, everpia, gordon electrical, brother","truyền thông, tiếp thị, marketing, quảng cáo, thiết kế, đối ngoại, nghệ thuật, mỹ thuật",18 tr - 23 tr vnd,18.0,23.0,vnd,20.5
fullstack engineer,nhân viên chính thức,nhân viên,hồ chí minh,trên 5 năm,"frontend developer, php backend developer, fullstack","mạng, cntt - phần mềm, cntt - phần cứng",60 tr - 75 tr vnd,60.0,75.0,vnd,67.5
thiết kế digital marketing,nhân viên chính thức,nhân viên,hồ chí minh,2 - 3 năm,"thiết kế ấn phẩm digital marketing, thiết kế, online, social media, thiết kế website, thiết kế 2d","truyền thông, tiếp thị, marketing, quảng cáo, thiết kế, đối ngoại, nghệ thuật, mỹ thuật",10 tr - 14 tr vnd,10.0,14.0,vnd,12.0
video editor,nhân viên chính thức,nhân viên,hà nội,1 - 3 năm,"nhân viên biên tập tin nội bộ, video editing, video editor","thiết kế, nghệ thuật, mỹ thuật",8 tr - 14 tr vnd,8.0,14.0,vnd,11.0
reactjs frontend developer,nhân viên chính thức,nhân viên,hà nội,2 - 4 năm,Unknown,cntt - phần mềm,10 tr - 25 tr vnd,10.0,25.0,vnd,17.5
chuyên viên digital marketing,nhân viên chính thức,nhân viên,hà nội,1 - 2 năm,"chuyên viên social media, marketer, chuyên viên pr marketing, online marketing executive, marketing executive, nhân viên marketing online, marketing specialist, nhân viên marketing, chuyên viên marketing online, marketing operations officer","tiếp thị, kinh doanh, bán sỉ, marketing, bán hàng, bán lẻ",10 tr - 12 tr vnd,10.0,12.0,vnd,11.0
manufacturing engineer supervisor,nhân viên chính thức,quản lý,long an,5 - 10 năm,"kỹ sư sản xuất, production engineer, nhân viên sản xuất","điện, điện tử, hàng gia dụng, cơ khí, ô tô, chăm sóc cá nhân, điện lạnh, tự động hóa",16 tr - 20 tr vnd,16.0,20.0,vnd,18.0
chuyên viên khai báo hải quan,nhân viên chính thức,nhân viên,vũng tàu,1 - 2 năm,Unknown,"vận chuyển, giao nhận, kho vận",8 tr - 15 tr vnd,8.0,15.0,vnd,11.5
middle java developer upto 40m,nhân viên chính thức,nhân viên,hà nội,3 - 4 năm,Unknown,"mạng, cntt - phần mềm, cntt - phần cứng",lên đến 40 tr vnd,0.0,40.0,vnd,20.0
nhân viên chăm sóc khách hàng vietjet air line tiếng anh,nhân viên chính thức,mới tốt nghiệp,hồ chí minh,không yêu cầu, nhân viên chăm sóc khách hàng vietjet air line tiếng anh,"thực tập, hàng không, dịch vụ khách hàng, mới tốt nghiệp","8,2 tr - 9 tr vnd",8.2,9.0,vnd,8.6
112580 qs engineer construction kỹ sư định giá xây dựng ngành xây dựng,nhân viên chính thức,nhân viên,hà nội,trên 3 năm,"kỹ sư định giá, qs engineer construction kỹ sư định giá xây dựng ngành xây dựng, quantity surveyor",xây dựng,15 tr - 18 tr vnd,15.0,18.0,vnd,16.5
sap abap developer,nhân viên chính thức,nhân viên,hà nội,trên 3 năm,"fico, sd, hana, mm",cntt - phần mềm,25 tr - 30 tr vnd,25.0,30.0,vnd,27.5
nhân viên tư vấn các gói sức khỏe pvi team tái tục data sẵn,nhân viên chính thức,nhân viên,hồ chí minh,không yêu cầu, nhân viên tư vấn các gói sức khỏe pvi team tái tục data sẵn,"kinh doanh, thực tập, bán hàng, bất động sản, mới tốt nghiệp",15 tr - 30 tr vnd,15.0,30.0,vnd,22.5
video editor,nhân viên chính thức,nhân viên,hồ chí minh,1 - 2 năm,Unknown,"truyền thông, tiếp thị, marketing, quảng cáo, đối ngoại, đào tạo, giáo dục",9 tr - 14 tr vnd,9.0,14.0,vnd,11.5
thực tập sinh edit video,thực tập,"sinh viên, thực tập sinh",hồ chí minh,không yêu cầu,Unknown,"truyền thông, tiếp thị, dược phẩm, marketing, quảng cáo, đối ngoại",trên 3 tr vnd,3.0,0.0,vnd,1.5
machinery sales – sales engineer,nhân viên chính thức,nhân viên,hồ chí minh,3 - 8 năm,Unknown,"bán hàng, kinh doanh",25 tr - 30 tr vnd,25.0,30.0,vnd,27.5
digital marketing executive,nhân viên chính thức,nhân viên,hồ chí minh,1 - 2 năm,Unknown,"truyền thông, tiếp thị, marketing, quảng cáo, đối ngoại",11 tr - 15 tr vnd,11.0,15.0,vnd,13.0
chuyên viên digital marketing,nhân viên chính thức,nhân viên,hà nội,2 - 5 năm,"digital marketer, chuyên viên pr marketing, nhân viên marketing kinh doanh, digital marketing executive, nhân viên marketing online, chuyên viên marketing online, offline marketing executive, chuyên viên social media, marketing operations specialist, cộng tác viên seo, nhân viên digital marketing, online marketing executive, digital marketing specialist, marketing operations officer, online marketer, marketing coordinator, digital marketing staff, marketing executive, cộng tác viên sem, marketing operations executive, nhân viên sửa máy, nhân viên marketing, nhân viên seo, marketer, nhân viên seo sem, chuyên viên tác nghiệp marketing, marketing specialist, digital marketing officer, social media marketer","truyền thông, tiếp thị, tiếp thị trực tuyến, marketing, quảng cáo, đối ngoại",13 tr - 17 tr vnd,13.0,17.0,vnd,15.0
nhân viên bán hàng tại hoàng mai hà nội,nhân viên chính thức,nhân viên,hà nội,không yêu cầu,"nhân viên bán hàng tại hoàng mai hà nội, tư vấn kinh doanh, tư vấn bán hàng, đại diện kinh doanh, sales representative, salesman, nhân viên kinh doanh, nvkd, bán hàng, đại diện bán hàng","kinh doanh, thực tập, dịch vụ khách hàng, bán hàng, mới tốt nghiệp",9 tr - 45 tr vnd,9.0,45.0,vnd,27.0
nhân viên kinh doanh phần mềm crm website,nhân viên chính thức,nhân viên,hồ chí minh,1 - 2 năm,"đại diện kinh doanh, telesales, nhân viên phòng kinh doanh, sales executive, salesman, sales dept, sales engineer, nhân viên bán hàng, nhân viên kinh doanh phần mềm crm website ..., đại diện bán hàng, chuyên viên kinh doanh","tiếp thị, kinh doanh, bán sỉ, marketing, bán hàng, bán lẻ",8 tr - 30 tr vnd,8.0,30.0,vnd,19.0
nhân viên it,nhân viên chính thức,nhân viên,hà nội,1 - 3 năm,Unknown,"mạng, cntt - phần mềm, cntt - phần cứng",10 tr - 11 tr vnd,10.0,11.0,vnd,10.5
recruitment consultant,nhân viên chính thức,nhân viên,hồ chí minh,1 - 7 năm,"executive recruitment, chuyên viên tư vấn tuyển dụng, senior recruitment consultant, recruiter, assistant, chuyên viên sales marketing, consultant executive, human resource officer, human resource assistant","nhân sự, tiếp thị, marketing, kinh doanh, bán hàng",10 tr - 20 tr vnd,10.0,20.0,vnd,15.0
hn retail store manager,nhân viên chính thức,quản lý,hà nội,3 - 5 năm,Unknown,"bán lẻ, bán sỉ, dịch vụ khách hàng","1,000 - 1,500 usd",25.0,37.5,usd,31.25
chuyên viên quay dựng video editor,nhân viên chính thức,nhân viên,hồ chí minh,1 - 2 năm,Unknown,"truyền thông, tiếp thị, marketing, quảng cáo, thiết kế, đối ngoại, nghệ thuật, mỹ thuật",8 tr - 10 tr vnd,8.0,10.0,vnd,9.0
chuyên viên digital marketing,nhân viên chính thức,nhân viên,hà nội,2 - 3 năm,Unknown,"tiếp thị, kinh doanh, bán sỉ, marketing, bán hàng, bán lẻ",14 tr - 20 tr vnd,14.0,20.0,vnd,17.0
engineer for construction design of bridge,nhân viên chính thức,"trưởng nhóm , giám sát",hà nội,trên 2 năm,engineer for construction design of bridge senior,kiến trúc,25 tr - 50 tr vnd,25.0,50.0,vnd,37.5
quality assurance supervisor,nhân viên chính thức,"trưởng nhóm , giám sát",đồng nai,2 - 3 năm,Unknown,"thiết kế, qc), quản lý chất lượng (qa, nghệ thuật, mỹ thuật",10 tr - 15 tr vnd,10.0,15.0,vnd,12.5
control engineer,nhân viên chính thức,nhân viên,đồng nai,2 - 5 năm,"plc, control engineer, mechanical, mechanical design, quality control engineer","bảo trì, điện, sửa chữa, điện tử, cơ khí, ô tô, điện lạnh, tự động hóa",13 tr - 25 tr vnd,13.0,25.0,vnd,19.0
senior java developer specialist,nhân viên chính thức,nhân viên,hồ chí minh,3 - 6 năm,"game developer, asp net software developer, advert developer, .net developer, net android ios programmer, frontend developer, java android programmer, software developer, lập trình viên, embedded software engineer",cntt - phần mềm,"1,000 - 1,600 usd",25.0,40.0,usd,32.5
quality inspector,nhân viên chính thức,nhân viên,hồ chí minh,3 - 5 năm,"qc, quality inspector footwear, thanh tra, quality","sản xuất, dệt may, thời trang, qc), da giày, quản lý chất lượng (qa, vận hành sản xuất","1,000 - 2,000 usd",25.0,50.0,usd,37.5
it project management,nhân viên chính thức,nhân viên,hà nội,2 - 4 năm,Unknown,"mạng, cntt - phần mềm, cntt - phần cứng",30 tr - 35 tr vnd,30.0,35.0,vnd,32.5
chuyên viên khách hàng cá nhân cn đồng nai,thực tập,"sinh viên, thực tập sinh",đồng nai,không yêu cầu,Unknown,"ngân hàng, kinh doanh, tài chính, bán hàng, đầu tư","2,5 tr - 15 tr vnd",2.5,15.0,vnd,8.75
nhân viên digital marketing google,nhân viên chính thức,nhân viên,hà nội,1 - 2 năm,"chuyên viên social media, marketer, chuyên viên pr marketing, online marketing executive, marketing executive, nhân viên marketing online, marketing specialist, nhân viên marketing, chuyên viên marketing online, marketing operations officer","tiếp thị, marketing, truyền hình, báo chí, cntt - phần mềm, biên tập",10 tr - 15 tr vnd,10.0,15.0,vnd,12.5
chuyên viên quan hệ khách hàng cá nhân an giang bạc liêu cần thơ đồng nai,nhân viên chính thức,nhân viên,hà nội,trên 1 năm,chuyên viên quan hệ khách hàng cá nhân an giang bạc liêu cần thơ đồng nai,"tài chính, bảo hiểm, ngân hàng, đầu tư",8 tr - 22 tr vnd,8.0,22.0,vnd,15.0
sales coordinator 15mil gross vnd bien hoa dong nai,nhân viên chính thức,nhân viên,đồng nai,3 - 5 năm,"nhân viên điều phối bán hàng, sales coordinator sales admin mil gross vnd bien hoa dong nai","kinh doanh, xây dựng, bán hàng, cơ khí, ô tô, tự động hóa",12 tr - 15 tr vnd,12.0,15.0,vnd,13.5
111976 sales engineer trading kỹ sư kinh doanh thương mại,nhân viên chính thức,nhân viên,hà nội,trên 2 năm,"kỹ sư kinh doanh, sales engineer, technical sales engineer, kỹ sư bán hàng, sales engineer trading kỹ sư kinh doanh thương mại","điện, kinh doanh, điện tử, bán hàng, điện lạnh",15 tr - 25 tr vnd,15.0,25.0,vnd,20.0
nhân viên tư vấn bảo hiểm sức khỏe pvi data khách hàng tái ký,nhân viên chính thức,nhân viên,hồ chí minh,không yêu cầu,"sale, hành chính, văn phòng, bảo hiểm, tài chính, bán hàng, nhân viên tư vấn bảo hiểm sức khỏe pvi data khách hàng tái ký data có sẵn không đi thị trường, tư vấn, telesale","bán hàng, bảo hiểm, bất động sản, kinh doanh",10 tr - 20 tr vnd,10.0,20.0,vnd,15.0
chuyên viên digital marketing,nhân viên chính thức,nhân viên,hà nội,2 - 8 năm,Unknown,"truyền thông, tiếp thị, marketing, quảng cáo, đối ngoại, bất động sản",13 tr - 20 tr vnd,13.0,20.0,vnd,16.5
nhân viên kinh doanh làm việc tại hoàng mai hn,nhân viên chính thức,nhân viên,hà nội,không yêu cầu,"đại diện kinh doanh, nhân viên phòng kinh doanh, sales executive, salesman, sales dept, sales engineer, nhân viên bán hàng, telesales, đại diện bán hàng, chuyên viên kinh doanh","bán sỉ, kinh doanh, dịch vụ khách hàng, bán hàng, bán lẻ",9 tr - 45 tr vnd,9.0,45.0,vnd,27.0
digital marketing executive,nhân viên chính thức,nhân viên,hồ chí minh,2 - 3 năm,Unknown,"y tế, tiếp thị, marketing, chăm sóc sức khỏe, tiếp thị trực tuyến",10 tr - 12 tr vnd,10.0,12.0,vnd,11.0
chuyên viên backend developer mobile app,nhân viên chính thức,nhân viên,hà nội,3 - 4 năm,Unknown,"mạng, cntt - phần mềm, cntt - phần cứng",25 tr - 38 tr vnd,25.0,38.0,vnd,31.5
hoàng mai trưởng phòng kỹ thuật điều hòa thu nhập up to 25tr,nhân viên chính thức,quản lý,hà nội,3 - 5 năm,"hoàng mai trưởng phòng kỹ thuật điều hòa thu nhập up to tr, chief mechanic, mechanic manager","điện tử, điện lạnh, quản lý điều hành, điện",20 tr - 25 tr vnd,20.0,25.0,vnd,22.5
3d exhibition designer,nhân viên chính thức,nhân viên,hồ chí minh,không yêu cầu,"thiết kế đồ họa, graphics designer, kỹ sư thiết kế, graphic designer","nội ngoại thất, thiết kế, nghệ thuật, mỹ thuật, kiến trúc",14 tr - 25 tr vnd,14.0,25.0,vnd,19.5
chuyên viên digital marketing,nhân viên chính thức,nhân viên,hà nội,2 - 5 năm,Unknown,"tiếp thị, marketing",15 tr - 20 tr vnd,15.0,20.0,vnd,17.5
quality control,nhân viên chính thức,"trưởng nhóm , giám sát",hồ chí minh,3 - 10 năm,"quality control engineer, quality control specialist, quality control automation, quality assurance","truyền thông, tiếp thị trực tuyến, quảng cáo, cntt - phần mềm, đối ngoại","1,000 - 2,500 usd",25.0,62.5,usd,43.75
marketing executive sport fashion retail,nhân viên chính thức,nhân viên,hồ chí minh,2 - 3 năm,"marketer, marketing executive sport fashion retail, marketing specialist, nhân viên marketing, offline","tiếp thị, marketing, tiếp thị trực tuyến, dệt may, thời trang, da giày",15 tr - 20 tr vnd,15.0,20.0,vnd,17.5
talent acquisition manager trưởng phòng tuyển dụng đào tạo,nhân viên chính thức,quản lý,hồ chí minh,2 - 3 năm,"office manager, head of human resources, hr director, admin manager, human resources director, giám đốc nguồn nhân lực, giám đốc nhân sự","hành chính, thư ký, nhân sự, bất động sản",25 tr - 27 tr vnd,25.0,27.0,vnd,26.0
database administration oracle,nhân viên chính thức,nhân viên,hồ chí minh,3 - 6 năm,"expert, purchasing, purchasing staff, coordinator, associates accountant, executive, supervisor, manager, staff, nhân viên mua hàng staff, database administration oracle senior specialist, officier","mạng, cntt - phần mềm, cntt - phần cứng","1,000 - 2,000 usd",25.0,50.0,usd,37.5
senior frontend developer,nhân viên chính thức,nhân viên,hà nội,trên 3 năm,"game developer, software developer, advert developer, vuejs, frontend developer, web developer, lập trình viên",cntt - phần mềm,25 tr - 35 tr vnd,25.0,35.0,vnd,30.0
senior foreign financial institutions relationship specialist,nhân viên chính thức,"trưởng nhóm , giám sát",hồ chí minh,3 - 10 năm,"purchasing, purchasing staff, coordinator, associates accountant, executive, supervisor, manager, staff, nhân viên mua hàng staff, officier","tài chính, đầu tư","1,000 - 1,500 usd",25.0,37.5,usd,31.25
nhân viên it support,nhân viên chính thức,nhân viên,hồ chí minh,1 - 2 năm,"it supervisor, it helpdesk, it executive, it support, it specialist, nhân viên tin học, it engineer, it administrator, it staff, it officer","mạng, cntt - phần cứng",8 tr - 10 tr vnd,8.0,10.0,vnd,9.0
chuyên viên sáng tạo nội dung live kênh titktok,nhân viên chính thức,nhân viên,hà nội,lên đến 1 năm,Unknown,"tiếp thị, kinh doanh, bán sỉ, marketing, bán hàng, bán lẻ",8 tr - 10 tr vnd,8.0,10.0,vnd,9.0
chuyên viên quay dựng tiktok video editor,nhân viên chính thức,nhân viên,hồ chí minh,1 - 2 năm,"nhân viên biên tập tin nội bộ, biên tập viên, video edit","tiếp thị, bán sỉ, marketing, bán lẻ, thực phẩm & đồ uống",12 tr - 15 tr vnd,12.0,15.0,vnd,13.5
content writer,nhân viên chính thức,nhân viên,hà nội,1 - 2 năm,Unknown,"truyền thông, tiếp thị, marketing, tiếp thị trực tuyến, quảng cáo, đối ngoại",8 tr - 11 tr vnd,8.0,11.0,vnd,9.5
it helpdesk,nhân viên chính thức,nhân viên,hồ chí minh,3 - 5 năm,"nhân viên hỗ trợ kỹ thuật, it support, technical assistant, service engineer, it support assistant","bán sỉ, kinh doanh, mạng, bán hàng, cntt - phần cứng, bán lẻ",15 tr - 22 tr vnd,15.0,22.0,vnd,18.5
chuyên viên it tiếng trung,nhân viên chính thức,nhân viên,bình dương,1 - 3 năm,"it supervisor, nhân viên it, it helpdesk, it executive, it support, it specialist, nhân viên tin học, it engineer, it staff, it officer","tiếp thị, marketing, mạng, cntt - phần mềm, cntt - phần cứng",8 tr - 12 tr vnd,8.0,12.0,vnd,10.0
digital marketing executive,nhân viên chính thức,nhân viên,hồ chí minh,1 - 5 năm,"digital marketer, chuyên viên digital marketing, nhân viên digital marketing, digital marketing staff, brand officer, digital marketing specialist, nhân viên marketing","tiếp thị, marketing, bán sỉ, tiếp thị trực tuyến, bán lẻ",12 tr - 15 tr vnd,12.0,15.0,vnd,13.5
nhân viên video editor,nhân viên chính thức,nhân viên,hồ chí minh,trên 1 năm,Unknown,"truyền thông, tiếp thị, marketing, quảng cáo, đối ngoại",9 tr - 13 tr vnd,9.0,13.0,vnd,11.0
chuyên viên phát triển phần mềm it,nhân viên chính thức,nhân viên,hà nội,1 - 3 năm,business development officer,"cntt - phần mềm, ngân hàng","500 - 1,000 usd",12.5,25.0,usd,18.75
nhân viên tư vấn kinh doanh mảng auto trả góp gia lai,nhân viên chính thức,nhân viên,gia lai,1 - 2 năm,"tư vấn bán hàng, đại diện kinh doanh, sales representative, salesman, nhân viên kinh doanh, nhân viên bán hàng, đại diện bán hàng","ngân hàng, kinh doanh, tài chính, bán hàng, đầu tư",7 tr - 12 tr vnd,7.0,12.0,vnd,9.5
senior wordpress developer,nhân viên chính thức,"trưởng nhóm , giám sát",hồ chí minh,trên 5 năm,"software developer, web application developer, lập trình, senior wordpress developer months contract","y tế, chăm sóc sức khỏe, mạng, cntt - phần mềm, cntt - phần cứng",trên 45 tr vnd,45.0,0.0,vnd,22.5
sales engineer,nhân viên chính thức,nhân viên,hồ chí minh,2 - 3 năm,"technical sales engineer, service sales engineer, sales engineer bán hàng kỹ thuật, environment engineer","kinh doanh, môi trường, bán hàng, cơ khí, ô tô, tự động hóa",15 tr - 25 tr vnd,15.0,25.0,vnd,20.0
facility managment supervisor,nhân viên chính thức,"trưởng nhóm , giám sát",hồ chí minh,2 - 5 năm,", project management, coordinator, executive, specialist, office administrator, manager, staff, office, officier","hành chính, thư ký, quản lý điều hành, ngành khác",20 tr - 23 tr vnd,20.0,23.0,vnd,21.5
chuyên viên digital marketing ads,nhân viên chính thức,nhân viên,thanh hóa,trên 2 năm,Unknown,"tiếp thị, marketing, bán sỉ, tiếp thị trực tuyến, bán lẻ",8 tr - 13 tr vnd,8.0,13.0,vnd,10.5
nhân viên digital,nhân viên chính thức,nhân viên,hà nội,2 - 3 năm,Unknown,"truyền thông, tiếp thị, marketing, tiếp thị trực tuyến, quảng cáo, đối ngoại",12 tr - 18 tr vnd,12.0,18.0,vnd,15.0
chuyên viên khách hàng doanh nghiệp phòng giao dịch tam hiệp cn đồng nai,nhân viên chính thức,nhân viên,đồng nai,không yêu cầu,Unknown,"ngân hàng, kinh doanh, tài chính, bán hàng, đầu tư",10 tr - 35 tr vnd,10.0,35.0,vnd,22.5
nhân viên it support,nhân viên chính thức,nhân viên,hà nội,1 - 2 năm,"nhân viên it helpdesk, nhân viên it, it support","đào tạo, giáo dục",10 tr - 13 tr vnd,10.0,13.0,vnd,11.5
recruitment manager,nhân viên chính thức,quản lý,hồ chí minh,trên 5 năm,"head of human resources, hr director, recruitment manager, logistics, hr manager, human resources manager, human resources director, trưởng phòng nhân sự, giám đốc nhân sự, chuyển phát nhanh",nhân sự,40 tr - 50 tr vnd,40.0,50.0,vnd,45.0
video editor motion designer,nhân viên chính thức,nhân viên,hà nội,1 - 3 năm,"nhân viên thiết kế, chuyên viên thiết kế","thiết kế, nghệ thuật, mỹ thuật",8 tr - 15 tr vnd,8.0,15.0,vnd,11.5
senior business development execuitive,nhân viên chính thức,"trưởng nhóm , giám sát",hà nội,5 - 6 năm,"nhân viên kế toán nhà máy, chuyên viên kế toán chuyên quản, credit accountant, nhân viên kế toán vật tư, accountant and administrative staff, cán bộ tài chính kế toán, accountant cum office admin, nhân viên phòng kế toán, accounting executive, kế toán kho vận, senior business development execuitive han","bán hàng, cntt - phần mềm, ngân hàng, kinh doanh","1,000 - 3,000 usd",25.0,75.0,usd,50.0
nhân viên digital marketing,nhân viên chính thức,nhân viên,hà nội,1 - 2 năm,"chuyên viên social media, marketer, chuyên viên pr marketing, marketing executive, nhân viên marketing online, marketing specialist, nhân viên marketing, marketing operations officer","truyền thông, tiếp thị, dược phẩm, marketing, quảng cáo, đối ngoại",15 tr - 20 tr vnd,15.0,20.0,vnd,17.5
retail manager,nhân viên chính thức,quản lý,hồ chí minh,trên 5 năm,"quản lý kinh doanh bán lẻ, retail store manager, quản lý bán lẻ, retail operation manager, retail manager, manager in retail","bán sỉ, kinh doanh, dệt may, thời trang, da giày, bán hàng, bán lẻ","1,000 - 1,500 usd",25.0,37.5,usd,31.25
area manager đồng nai,nhân viên chính thức,"trưởng nhóm , giám sát",đồng nai,2 - 3 năm,"purchasing, purchasing staff, coordinator, associates accountant, executive, specialist, supervisor, manager, staff, nhân viên mua hàng staff, officier","bán lẻ, bán sỉ","1,100 - 1,700 usd",27.5,42.5,usd,35.0
digital marketing leader,nhân viên chính thức,"trưởng nhóm , giám sát",hà nội,trên 2 năm,"giám đốc tiếp thị, makerting manager, makerting director, giám sát tiếp thị, giám đốc truyền thông & tiếp thị, trưởng phòng marketing, giám đốc marketing, marketing supervisor, head of marketing and communication, trưởng nhóm marketing","marketing, bán hàng, tiếp thị, kinh doanh",15 tr - 20 tr vnd,15.0,20.0,vnd,17.5
107301 engineering manager quản lý kỹ thuật manufacturing,nhân viên chính thức,quản lý,hồ chí minh,trên 5 năm,"purchasing, engineering manager, purchasing staff, coordinator, associates accountant, quản lý kỹ thuật manufacturing, executive, specialist, supervisor, manager, staff, nhân viên mua hàng staff, officier","vận hành sản xuất, sản xuất",23 tr - 33 tr vnd,23.0,33.0,vnd,28.0
nhân viên video editor,nhân viên chính thức,nhân viên,hà nội,1 - 2 năm,"nhân viên biên tập tin nội bộ, biên tập viên","tiếp thị, marketing",12 tr - 15 tr vnd,12.0,15.0,vnd,13.5
vietjet air tổng đài viên cskh line tiếng anh không yêu cầu kinh nghiệm,nhân viên chính thức,nhân viên,hồ chí minh,không yêu cầu, vietjet air tổng đài viên cskh line tiếng anh không yêu cầu kinh nghiệm,dịch vụ khách hàng,8 tr - 9 tr vnd,8.0,9.0,vnd,8.5
nhân viên it phần mềm,nhân viên chính thức,nhân viên,đồng nai,trên 1 năm,Unknown,cntt - phần mềm,8 tr - 11 tr vnd,8.0,11.0,vnd,9.5
nhân viên kinh doanh vật liệu xây dựng nội thất đồng nai,nhân viên chính thức,nhân viên,đồng nai,không yêu cầu,"đại diện kinh doanh, nhân viên kinh doanh vật liệu xây dựng nội thất đồng nai, nhân viên phòng kinh doanh, sales executive, salesman, sales dept, sales engineer, nhân viên bán hàng, telesales, đại diện bán hàng, chuyên viên kinh doanh","bán sỉ, kinh doanh, bán hàng, bán lẻ, tư vấn",10 tr - 15 tr vnd,10.0,15.0,vnd,12.5
nhân viên kinh doanh làm việc tại quận hoàng mai,nhân viên chính thức,nhân viên,hà nội,không yêu cầu,"đại diện kinh doanh, telesales, nhân viên phòng kinh doanh, sales executive, salesman, sales dept, sales engineer, nhân viên bán hàng, nhân viên kinh doanh làm việc tại quận hoàng mai lương cứng cao không áp doanh số, đại diện bán hàng, chuyên viên kinh doanh","bán sỉ, kinh doanh, dịch vụ khách hàng, bán hàng, bán lẻ",6 tr - 35 tr vnd,6.0,35.0,vnd,20.5
110958 technical sales engineer machinery,nhân viên chính thức,nhân viên,hồ chí minh,trên 2 năm," technical sales engineer hcm machinery, kỹ sư kinh doanh, sales engineer","sản xuất, cơ khí, vận hành sản xuất, ô tô, tự động hóa",23 tr - 26 tr vnd,23.0,26.0,vnd,24.5
việc làm sale siêu thị đồng nai,nhân viên chính thức,nhân viên,đồng nai,không yêu cầu,Unknown,"bán sỉ, kinh doanh, bán hàng, bán lẻ, thực phẩm & đồ uống","7,5 tr - 12 tr vnd",7.5,12.0,vnd,9.75
nhân viên kinh doanh tỉnh đồng nai,nhân viên chính thức,nhân viên,đồng nai,không yêu cầu,"đại diện kinh doanh, nhân viên phòng kinh doanh, sales executive, salesman, nhân viên kinh doanh sale rep tỉnh đồng nai, sales dept, sales engineer, nhân viên bán hàng, telesales, đại diện bán hàng, chuyên viên kinh doanh","bán lẻ, bán hàng, bán sỉ, kinh doanh",12 tr - 15 tr vnd,12.0,15.0,vnd,13.5
trình dược viên đồng nai,nhân viên chính thức,nhân viên,đồng nai,không yêu cầu,"kênh nhà thuốc, etc supervisor, kênh bệnh viện, assistant product manager otc, nhân viên bán thuốc, medical representative, otc derivatives sales, otc supervisor","y tế, dược phẩm, chăm sóc sức khỏe",10 tr - 20 tr vnd,10.0,20.0,vnd,15.0
kỹ thuật viên detailing,nhân viên chính thức,nhân viên,hà nội,1 - 2 năm,"nhân viên phòng kỹ thuật, nhân viên kỹ thuật cntt, technician, nhân viên kỹ thuật","bảo trì, sửa chữa, cơ khí, ô tô, tự động hóa","9,5 tr - 10 tr vnd",9.5,10.0,vnd,9.75
tuyển dụng sale siêu thị gia lai,nhân viên chính thức,nhân viên,gia lai,không yêu cầu,Unknown,"bán sỉ, kinh doanh, bán hàng, bán lẻ, thực phẩm & đồ uống","7,5 tr - 12 tr vnd",7.5,12.0,vnd,9.75
110533 senior tax consultant nhân viên tư vấn thuế pit consulting,nhân viên chính thức,nhân viên,hồ chí minh,trên 3 năm," senior tax consultant, nhân viên tư vấn thuế pit consulting, chuyên viên tư vấn thuế, tax manager, nhân viên thuế, nhân viên khai báo thuế",tư vấn,15 tr - 25 tr vnd,15.0,25.0,vnd,20.0
senior post production editor,nhân viên chính thức,nhân viên,hồ chí minh,trên 2 năm,Unknown,"truyền hình, thiết kế, báo chí, nghệ thuật, giải trí, biên tập, mỹ thuật",trên 15 tr vnd,15.0,0.0,vnd,7.5
lab it coordinator,nhân viên chính thức,nhân viên,hồ chí minh,2 - 3 năm,"purchasing, purchasing staff, associates accountant, executive, lab it coordinator, specialist, supervisor, manager, staff, nhân viên mua hàng staff, officier","y tế, chăm sóc sức khỏe, mạng, cntt - phần mềm, cntt - phần cứng",13 tr - 17 tr vnd,13.0,17.0,vnd,15.0
chuyên viên tư vấn giáo dục ocean xuân mai,nhân viên chính thức,nhân viên,hà nội,không yêu cầu,chuyên viên tư vấn giáo dục ocean xuân mai,"bán hàng, tư vấn, dịch vụ khách hàng, kinh doanh",12 tr - 13 tr vnd,12.0,13.0,vnd,12.5
software engineer fresher,nhân viên chính thức,nhân viên,hồ chí minh,1 - 2 năm,"php, lập trình viên","mạng, cntt - phần mềm, cntt - phần cứng",10 tr - 20 tr vnd,10.0,20.0,vnd,15.0
tuyển nhân viên trưng bày sản phẩm siêu thị tại đồng nai,nhân viên chính thức,nhân viên,đồng nai,không yêu cầu,"sale rep, việc làm siêu thị, việc làm sale","tiếp thị, bán sỉ, marketing, bán lẻ, thực phẩm & đồ uống",8 tr - 12 tr vnd,8.0,12.0,vnd,10.0
maintenance staff,nhân viên chính thức,nhân viên,phú yên,1 - 2 năm,Unknown,"sửa chữa, vận hành sản xuất, bảo trì, sản xuất",6 tr - 10 tr vnd,6.0,10.0,vnd,8.0
it supervisor,nhân viên chính thức,"trưởng nhóm , giám sát",hồ chí minh,3 - 10 năm,"it admin, network administrator, system administrator, it specialist, software developer",cntt - phần mềm,500 - 850 usd,12.5,21.25,usd,16.875
trưởng nhóm kinh doanh dự án it,nhân viên chính thức,"trưởng nhóm , giám sát",hà nội,1 - 3 năm,Unknown,"bán sỉ, kinh doanh, mạng, bán hàng, cntt - phần cứng, bán lẻ",20 tr - 25 tr vnd,20.0,25.0,vnd,22.5
chuyên viên digital marketing mảng thời trang,nhân viên chính thức,nhân viên,hồ chí minh,1 - 3 năm,"chuyên viên social media, marketer, chuyên viên pr marketing, online marketing executive, marketing executive, nhân viên marketing online, marketing specialist, nhân viên marketing, chuyên viên marketing online, marketing operations officer","tiếp thị, marketing, tiếp thị trực tuyến, dệt may, thời trang, da giày",10 tr - 15 tr vnd,10.0,15.0,vnd,12.5
chuyên viên khách hàng doanh nghiệp cn lào cai,nhân viên chính thức,nhân viên,lào cai,không yêu cầu,chuyên viên khách hàng doanh nghiệp cn. lào cai cn.,"ngân hàng, kinh doanh, tài chính, bán hàng, đầu tư",10 tr - 35 tr vnd,10.0,35.0,vnd,22.5
junior technical engineer,nhân viên chính thức,nhân viên,hà nội,1 - 2 năm,Unknown,"bảo trì, hóa học, sửa chữa, cơ khí, ô tô, tự động hóa",12 tr - 16 tr vnd,12.0,16.0,vnd,14.0
nhân viên quay dựng video editor vieo thu nhập 12 000 000 15 000 000 làm việc tại hà nội,nhân viên chính thức,nhân viên,hà nội,1 - 2 năm,Unknown,"thiết kế, nghệ thuật, mỹ thuật",13 tr - 15 tr vnd,13.0,15.0,vnd,14.0
it security digital forensic expert,nhân viên chính thức,nhân viên,hồ chí minh,4 - 7 năm,"online, social media","mạng, cntt - phần cứng","1,000 - 2,000 usd",25.0,50.0,usd,37.5
it support,nhân viên chính thức,nhân viên,hà nội,trên 1 năm,Unknown,"mạng, cntt - phần mềm, cntt - phần cứng",10 tr - 15 tr vnd,10.0,15.0,vnd,12.5
107299 quality manager quản lý chất lượng manufacturing,nhân viên chính thức,quản lý,hồ chí minh,trên 5 năm," quality manager, quản lý chất lượng manufacturing, kiểm tra chất lượng","vận hành sản xuất, sản xuất",23 tr - 30 tr vnd,23.0,30.0,vnd,26.5
110899 sales assitant manager manager household goods,nhân viên chính thức,quản lý,hồ chí minh,trên 5 năm,"purchasing, sales assitant manager, purchasing staff, coordinator, associates accountant, executive, manager household goods, specialist, supervisor, manager, staff, nhân viên mua hàng staff, officier",nội ngoại thất,25 tr - 50 tr vnd,25.0,50.0,vnd,37.5
sales executive software solutions,nhân viên chính thức,nhân viên,hồ chí minh,1 - 2 năm,Unknown,"tiếp thị, marketing, kinh doanh, bán hàng, tư vấn",9 tr - 12 tr vnd,9.0,12.0,vnd,10.5
it intern,nhân viên chính thức,"sinh viên, thực tập sinh",bình dương,không yêu cầu,Unknown,"mạng, cntt - phần mềm, cntt - phần cứng",5 tr - 7 tr vnd,5.0,7.0,vnd,6.0
senior it security specialist,nhân viên chính thức,nhân viên,hồ chí minh,3 - 5 năm,"purchasing, purchasing staff, coordinator, associates accountant, executive, senior it security specialist infrastructure, supervisor, manager, staff, nhân viên mua hàng staff, officier","mạng, cntt - phần mềm, cntt - phần cứng","1,000 - 1,600 usd",25.0,40.0,usd,32.5
nhân viên kinh doanh đồng nai,nhân viên chính thức,nhân viên,đồng nai,lên đến 1 năm,Unknown,"bán sỉ, sản xuất, kinh doanh, bán hàng, bán lẻ, vận hành sản xuất",15 tr - 30 tr vnd,15.0,30.0,vnd,22.5
trưởng nhóm seo website,nhân viên chính thức,"trưởng nhóm , giám sát",hà nội,trên 1 năm,Unknown,"kinh doanh, dệt may, cntt - phần mềm, thời trang, da giày, bán hàng",14 tr - 25 tr vnd,14.0,25.0,vnd,19.5
nhân viên it support,nhân viên chính thức,nhân viên,hà nội,1 - 2 năm,"nhân viên it support, it support officer, nhân viên quản trị hệ thống, it support","đào tạo, giáo dục",9 tr - 12 tr vnd,9.0,12.0,vnd,10.5
m e quantity surveyor,nhân viên chính thức,nhân viên,hồ chí minh,trên 1 năm,"kỹ sư định giá, m& e quantity surveyor qs, kỹ sư định giá xây dựng",xây dựng,15 tr - 20 tr vnd,15.0,20.0,vnd,17.5
cộng tác viên it support,bán thời gian,nhân viên,hà nội,1 - 2 năm,Unknown,"mạng, cntt - phần cứng",lên đến 5 tr vnd,0.0,5.0,vnd,2.5
qa auditor qa manager,nhân viên chính thức,nhân viên,hà nội,6 - 15 năm,Unknown,"da giày, thời trang, dệt may","1,500 - 1,800 usd",37.5,45.0,usd,41.25
sales engineer good at english,nhân viên chính thức,nhân viên,hà nội,trên 5 năm,"service engineer, kỹ sư kinh doanh, kỹ sư bán hàng, sales engineer generator good at english homebased","tiếp thị, điện, bán sỉ, marketing, điện tử, bán lẻ, điện lạnh",lên đến 45 tr vnd,0.0,45.0,vnd,22.5
quản lý dự án facility manager,nhân viên chính thức,"trưởng nhóm , giám sát",đồng nai,2 - 3 năm,"site supervisor, trưởng phòng thiết bị, giám sát thiết bị, quản lý tòa nhà, site engineer, facilities manager, facility manager, giang điền, kỹ sư giám sát điện, kcn giang điền đồng nai","điện, xây dựng, điện tử, bất động sản, điện lạnh",20 tr - 23 tr vnd,20.0,23.0,vnd,21.5
trưởng nhóm digital marketing,nhân viên chính thức,"trưởng nhóm , giám sát",hà nội,2 - 3 năm,"digital marketer, digital marketing manager, chuyên viên digital marketing, trưởng nhóm digital, digital marketing leader, digital","truyền thông, tiếp thị, marketing, quảng cáo, đối ngoại",13 tr - 20 tr vnd,13.0,20.0,vnd,16.5
nhân viên kinh doanh vpp khu vực lào cai,nhân viên chính thức,nhân viên,lào cai,trên 1 năm,Unknown,"bán lẻ, bán hàng, bán sỉ, kinh doanh",12 tr - 16 tr vnd,12.0,16.0,vnd,14.0
chuyên viên tập sự khách hàng doanh nghiệp phòng giao dịch trảng bom cn đồng nai,thực tập,"sinh viên, thực tập sinh",đồng nai,không yêu cầu,Unknown,"ngân hàng, kinh doanh, tài chính, bán hàng, đầu tư","2,5 tr - 15 tr vnd",2.5,15.0,vnd,8.75
chuyên viên ub cn gia lai,nhân viên chính thức,nhân viên,gia lai,không yêu cầu,chuyên viên ub cn. gia lai cn.,"ngân hàng, kinh doanh, tài chính, bán hàng, đầu tư",9 tr - 35 tr vnd,9.0,35.0,vnd,22.0
business unit controller,nhân viên chính thức,nhân viên,hồ chí minh,2 - 5 năm,"financial analyst, planning specialist, costing analyst","kế toán, tài chính, kiểm toán, đầu tư",18 tr - 25 tr vnd,18.0,25.0,vnd,21.5
trưởng phòng digital marketing,nhân viên chính thức,quản lý,hà nội,trên 2 năm,"head of office, digital marketing manager, trưởng phòng digital marketing, head of digital marketing","tiếp thị, bán lẻ, bán sỉ, marketing",30 tr - 40 tr vnd,30.0,40.0,vnd,35.0
nhân viên triển khai kĩ thuật 2d,nhân viên chính thức,nhân viên,hồ chí minh,1 - 2 năm,"nhân viên thiết kế autocad, thiết kế, nhân viên thiết kế kiến trúc, thiết kế 2d, kiến trúc","thiết kế, nhà hàng, khách sạn, nghệ thuật, mỹ thuật, kiến trúc",10 tr - 15 tr vnd,10.0,15.0,vnd,12.5
trưởng bộ phận ai big data,nhân viên chính thức,quản lý,hà nội,3 - 15 năm,Unknown,"điện, mạng, cntt - phần mềm, điện tử, cntt - phần cứng, điện lạnh","1,500 - 2,000 usd",37.5,50.0,usd,43.75
digital marketing,nhân viên chính thức,nhân viên,hồ chí minh,2 - 5 năm,"digital marketing full stack, online, social media, digital marketing","truyền thông, tiếp thị, marketing, truyền hình, báo chí, quảng cáo, đối ngoại, biên tập",10 tr - 12 tr vnd,10.0,12.0,vnd,11.0
editor,nhân viên chính thức,nhân viên,hồ chí minh,trên 1 năm,Unknown,"truyền thông, quảng cáo, giải trí, đối ngoại",trên 10 tr vnd,10.0,0.0,vnd,5.0
chuyên viên digital marketing,nhân viên chính thức,nhân viên,hà nội,trên 1 năm,"chuyên viên social media, marketer, chuyên viên pr marketing, online marketing executive, marketing executive, nhân viên marketing online, marketing specialist, nhân viên marketing, chuyên viên marketing online, marketing operations officer","truyền thông, tiếp thị, marketing, quảng cáo, đối ngoại",12 tr - 20 tr vnd,12.0,20.0,vnd,16.0
chuyên viên quản lý chất lượng và điều phối dự án it,nhân viên chính thức,nhân viên,hà nội,1 - 3 năm,"kaizen specialist, qa, chuyên viên qa, nhân viên kiểm phẩm, qa specialist, qc, chuyên viên kiểm phẩm, quality control specialist, qc specialist, chuyên viên kcs, quality assurance specialist, chuyên viên quản lý chất lượng và điều phối dự án it","tài chính, ngân hàng, đầu tư","500 - 1,000 usd",12.5,25.0,usd,18.75
it project manager,nhân viên chính thức,nhân viên,hồ chí minh,1 - 3 năm,"security, quản lý dự án, project manager, pmp, pmi","mạng, cntt - phần mềm, cntt - phần cứng",20 tr - 30 tr vnd,20.0,30.0,vnd,25.0
python engineer,nhân viên chính thức,nhân viên,hồ chí minh,2 - 5 năm,"trực tổng đài, customer service representative, nhân viên chăm sóc khách hàng, nhân viên dịch vụ khách hàng, customer services, customer service executive, python engineer (ai), nhân viên hỗ trợ khách hàng, customer service staff, customer care staff",cntt - phần mềm,15 tr - 25 tr vnd,15.0,25.0,vnd,20.0
nhân viên kinh doanh sơn khu vực lào cai yên bái,nhân viên chính thức,nhân viên,yên bái,trên 1 năm,Unknown,"tiếp thị, marketing, kinh doanh, bán hàng, tư vấn",trên 10 tr vnd,10.0,0.0,vnd,5.0
digital marketing,nhân viên chính thức,nhân viên,hồ chí minh,2 - 3 năm,"digital marketer, nhân viên digital marketing, online marketing executive, online, digital marketing staff, performance executive, social media","đào tạo, giáo dục, tiếp thị, marketing",12 tr - 15 tr vnd,12.0,15.0,vnd,13.5
chuyên viên it tại hà nội,nhân viên chính thức,nhân viên,hà nội,lên đến 2 năm,Unknown,"bưu chính viễn thông, cntt - phần mềm, mạng, cntt - phần cứng",trên 15 tr vnd,15.0,0.0,vnd,7.5
nhân viên quay dựng video editor 10 đến 15 triệu đi làm ngay,nhân viên chính thức,nhân viên,hồ chí minh,1 - 2 năm,"nhân viên biên tập tin nội bộ, biên tập viên, video editor","truyền thông, quảng cáo, đối ngoại",10 tr - 15 tr vnd,10.0,15.0,vnd,12.5
111714 electrical engineer of qc department kỹ sư điện phòng quản lý chất lượng sản xuất,nhân viên chính thức,nhân viên,bắc ninh,trên 3 năm," electrical engineer of qc department kỹ sư điện phòng quản lý chất lượng sản xuất, kỹ sư điện, kỹ sư cơ điện công trình, m&e engineer, kỹ sư m&e, kỹ sư giám sát điện, quản lý chất lượng","điện, qc), điện tử, quản lý chất lượng (qa, điện lạnh",15 tr - 30 tr vnd,15.0,30.0,vnd,22.5
nhân viên kinh doanh tại q hoàng mai hà nội,nhân viên chính thức,nhân viên,hà nội,không yêu cầu,"đại diện kinh doanh, nhân viên phòng kinh doanh, sales executive, salesman, sales dept, sales engineer, nhân viên bán hàng, telesales, đại diện bán hàng, chuyên viên kinh doanh","điện, kinh doanh, quản lý điều hành, điện tử, bán hàng, điện lạnh",6 tr - 35 tr vnd,6.0,35.0,vnd,20.5
digital marketing executive,nhân viên chính thức,nhân viên,hồ chí minh,2 - 10 năm,"chuyên viên social media, fb specialist, online marketing executive, marketing executive, digital marketing executive, nhân viên marketing online, marketing specialist, digital marketing executive tiktok, chuyên viên marketing online, digital marketing specialist, nhân viên marketing","truyền thông, tiếp thị, marketing, tiếp thị trực tuyến, quảng cáo, đối ngoại",8 tr - 15 tr vnd,8.0,15.0,vnd,11.5
chuyên viên khách hàng cá nhân phòng giao dịch cai lậy cn tiền giang,nhân viên chính thức,nhân viên,tiền giang,không yêu cầu,chuyên viên khách hàng cá nhân phòng giao dịch cai lậy cn. tiền giang cn.,"tài chính, ngân hàng, dịch vụ khách hàng, đầu tư",9 tr - 35 tr vnd,9.0,35.0,vnd,22.0
sales engineer,nhân viên chính thức,nhân viên,hồ chí minh,1 - 3 năm,"service engineer, kỹ sư kinh doanh, kỹ sư bán hàng","bán hàng, kinh doanh",700 - 800 usd,17.5,20.0,usd,18.75
chuyên viên digital marketing,nhân viên chính thức,nhân viên,hà nội,trên 2 năm,"chuyên viên social media, marketer, chuyên viên pr marketing, chuyên viên digital marketing, online marketing executive, marketing executive, nhân viên marketing online, marketing specialist, nhân viên marketing, chuyên viên marketing online, marketing operations officer","truyền thông, tiếp thị, marketing, tiếp thị trực tuyến, quảng cáo, đối ngoại",10 tr - 25 tr vnd,10.0,25.0,vnd,17.5
nhân viên video editor kiêm graphic design,nhân viên chính thức,nhân viên,hà nội,lên đến 1 năm,"editor, graphic designer","thiết kế, nghệ thuật, mỹ thuật",7 tr - 8 tr vnd,7.0,8.0,vnd,7.5
maintenance supervisor,nhân viên chính thức,"trưởng nhóm , giám sát",đồng nai,3 - 5 năm,"giám sát bảo trì, maintenance supervisor","bảo trì, bán sỉ, điện, sửa chữa, điện tử, bán lẻ, điện lạnh",20 tr - 35 tr vnd,20.0,35.0,vnd,27.5
chuyên viên kinh doanh phần mềm crm website,nhân viên chính thức,nhân viên,hồ chí minh,1 - 2 năm,"nhân viên kinh doanh, chuyên viên kinh doanh phần mềm crm website ..., sales executive, giám sát kinh doanh","tiếp thị, kinh doanh, bán sỉ, marketing, bán hàng, bán lẻ",8 tr - 30 tr vnd,8.0,30.0,vnd,19.0
nhân viên digital marketing,nhân viên chính thức,nhân viên,hồ chí minh,1 - 2 năm,Unknown,"truyền thông, tiếp thị, tiếp thị trực tuyến, marketing, quảng cáo, đối ngoại",9 tr - 12 tr vnd,9.0,12.0,vnd,10.5
giám đốc retail,nhân viên chính thức,giám đốc,hà nội,5 - 20 năm,"trưởng phòng bán lẻ, retail director, giám đốc bán lẻ, giám đốc retail, giám đốc retail kinh doanh kênh bán lẻ, retail manager","bán sỉ, marketing, tiếp thị, kinh doanh, bán hàng, bán lẻ","2,000 - 4,000 usd",50.0,100.0,usd,75.0
110242 site development assistant manager trợ lý trưởng phòng phát triển dự án playground,nhân viên chính thức,nhân viên,hồ chí minh,trên 2 năm,"reasearch assistant, trợ lý nghiên cứu và phát triển, research and, site development assistant manager trợ lý trưởng phòng phát triển dự án playground","bán lẻ, bán sỉ",15 tr - 17 tr vnd,15.0,17.0,vnd,16.0
research and teaching assistant in econometrics and data science,nhân viên chính thức,nhân viên,bình dương,1 - 2 năm,Unknown,"đào tạo, tài chính, ngành khác, giáo dục, đầu tư",30 tr - 38 tr vnd,30.0,38.0,vnd,34.0
senior backend engineer,nhân viên chính thức,"trưởng nhóm , giám sát",hồ chí minh,3 - 5 năm,"software business analyst, web product mananger, business analyst, php developer, senior php developer","mạng, cntt - phần mềm, cntt - phần cứng",trên 45 tr vnd,45.0,0.0,vnd,22.5
backend developer,nhân viên chính thức,nhân viên,hồ chí minh,3 - 4 năm,"mysql, cd, postgresql, rest, grpc api, backend developer golang, lập trình, kubernetes, ci",cntt - phần mềm,30 tr - 35 tr vnd,30.0,35.0,vnd,32.5
nhân viên thiết kế revit 3d bim,nhân viên chính thức,nhân viên,hà nội,1 - 2 năm,Unknown,"thiết kế, kiến trúc, nghệ thuật, cơ khí, ô tô, mỹ thuật, tự động hóa",15 tr - 25 tr vnd,15.0,25.0,vnd,20.0
chuyên viên giáo vụ tại biên hòa đồng nai,nhân viên chính thức,nhân viên,đồng nai,1 - 2 năm,"sư phạm tiếng anh, chuyên viên giáo vụ, nhân viên giáo vụ, biên hòa, giáo viên tiếng anh, quản lý giáo dục, nhân viên tư vấn giáo dục, academic officer, giáo viên nhân viên giáo vụ, ngôn ngữ anh","đào tạo, giáo dục, quản lý điều hành",8 tr - 10 tr vnd,8.0,10.0,vnd,9.0
quality assurance,nhân viên chính thức,nhân viên,vũng tàu,3 - 5 năm,"nhân viên quản lý chất lượng, quality assurance field: backpacks technical bag suitcases, quality control","sản xuất, dệt may, thời trang, qc), da giày, quản lý chất lượng (qa, vận hành sản xuất",14 tr - 16 tr vnd,14.0,16.0,vnd,15.0
copywriter content marketing leader,nhân viên chính thức,"trưởng nhóm , giám sát",hồ chí minh,3 - 5 năm,Unknown,"tiếp thị, marketing, truyền hình, báo chí, biên phiên dịch, biên tập",25 tr - 35 tr vnd,25.0,35.0,vnd,30.0
hse engineer giám sát atld hải phòng,nhân viên chính thức,"trưởng nhóm , giám sát",hải phòng,2 - 3 năm,"hse engineer, giám sát atldsolar hải phòng, solar engineer, nangluongvietnam, inpost, kỹ sư điện, hse, giám sát, giám sát dự án solar, thăng bình energy, kỹ sư hiện trường","xây dựng, an toàn lao động",16 tr - 20 tr vnd,16.0,20.0,vnd,18.0
kế toán trưởng đơn vị đồng nai,nhân viên chính thức,quản lý,đồng nai,3 - 5 năm,"hạch toán thuế, phần mềm kế toán, hạch toán kế toán, báo cáo tài chính, báo cáo kế toán thuế","kế toán, kiểm toán",12 tr - 18 tr vnd,12.0,18.0,vnd,15.0
senior data engineer – msb 1y565,nhân viên chính thức,nhân viên,hà nội,3 - 4 năm,"mysql, database, oracle, java","cntt - phần mềm, ngân hàng","1,000 - 2,000 usd",25.0,50.0,usd,37.5
data analysis intern thực tập sinh phân tích dữ liệu,"nhân viên chính thức, thực tập","sinh viên, thực tập sinh",hồ chí minh,không yêu cầu,"software business analyst, erp, it technician, công nghệ thông tin, internship, nhân viên triển khai hệ thống erp, chuyên viên phân tích dữ liệu, software engineer, software developer, thực tập sinh","kế toán, thực tập, cntt - phần mềm, kiểm toán, mới tốt nghiệp",3 tr - 6 tr vnd,3.0,6.0,vnd,4.5
talent acquisition hcmc,nhân viên chính thức,nhân viên,hồ chí minh,không yêu cầu,người dẫn chương trình,nhân sự,6 tr - 9 tr vnd,6.0,9.0,vnd,7.5
backend developer,nhân viên chính thức,nhân viên,hà nội,3 - 10 năm,Unknown,"mạng, cntt - phần mềm, cntt - phần cứng","1,000 - 1,600 usd",25.0,40.0,usd,32.5
nhân viên khai báo hải quan,nhân viên chính thức,nhân viên,hà nội,trên 1 năm,Unknown,"kho vận, kinh doanh, vận chuyển, bán hàng, giao nhận, xuất nhập khẩu",12 tr - 15 tr vnd,12.0,15.0,vnd,13.5
mechanical electrical quantity surveyor,nhân viên chính thức,nhân viên,hồ chí minh,trên 2 năm,"kỹ sư định giá, kỹ sư định giá xây dựng",xây dựng,15 tr - 25 tr vnd,15.0,25.0,vnd,20.0
it network executive,nhân viên chính thức,nhân viên,hồ chí minh,1 - 2 năm, it network executive,"mạng, cntt - phần cứng",12 tr - 14 tr vnd,12.0,14.0,vnd,13.0
nhân viên kỹ thuật triển khai dự án,nhân viên chính thức,nhân viên,hồ chí minh,trên 2 năm,Unknown,"bưu chính viễn thông, điện, mạng, điện tử, cntt - phần cứng, điện lạnh",10 tr - 18 tr vnd,10.0,18.0,vnd,14.0
nhân viên an toàn khai thác kho hàng,nhân viên chính thức,nhân viên,bình dương,1 - 2 năm,Unknown,"kho vận, vận chuyển, qc), quản lý chất lượng (qa, giao nhận",8 tr - 10 tr vnd,8.0,10.0,vnd,9.0
nhân viên video editor,nhân viên chính thức,nhân viên,hà nội,lên đến 1 năm,Unknown,"tiếp thị, marketing, thiết kế, nghệ thuật, mỹ thuật",8 tr - 15 tr vnd,8.0,15.0,vnd,11.5
video editor,nhân viên chính thức,nhân viên,hồ chí minh,1 - 2 năm,"nhân viên biên tập tin nội bộ, biên tập viên","thiết kế, nghệ thuật, mỹ thuật",10 tr - 15 tr vnd,10.0,15.0,vnd,12.5
chuyên gia đào tạo và giám sát telesales sales trainer,nhân viên chính thức,"trưởng nhóm , giám sát",hà nội,1 - 3 năm,"chuyên viên huấn luyện, sales trainer, huấn luyện viên, nhân viên phòng đào tạo, training specialist, chuyên viên đào tạo, chuyên gia đào tạo và giám sát telesales, soft skill material developing trainer, soft skill trainer, teacher, chuyên viên đào tạo kỹ năng mềm, giáo viên","đào tạo, giáo dục",13 tr - 25 tr vnd,13.0,25.0,vnd,19.0
mass recruitment manager,nhân viên chính thức,quản lý,bình dương,5 - 8 năm,"office manager, head of human resources, hr director, admin manager, hr manager, human resources manager, human resources director, trưởng phòng nhân sự, giám đốc nguồn nhân lực, giám đốc nhân sự","kho vận, tiếp thị, marketing, bán sỉ, vận chuyển, giao nhận, bán lẻ",28 tr - 30 tr vnd,28.0,30.0,vnd,29.0
chuyên viên backend developer fintech,nhân viên chính thức,nhân viên,hà nội,3 - 4 năm,Unknown,"mạng, cntt - phần mềm, cntt - phần cứng",25 tr - 38 tr vnd,25.0,38.0,vnd,31.5
digital marketing,nhân viên chính thức,nhân viên,hồ chí minh,2 - 3 năm,"online, social media","marketing, tiếp thị, tiếp thị trực tuyến",12 tr - 15 tr vnd,12.0,15.0,vnd,13.5
nhân viên kiểm soát chất lượng qc executive khu vực biên hòa đồng nai,nhân viên chính thức,nhân viên,đồng nai,1 - 3 năm,"chuyên viên tư vấn, nhân viên tư vấn, consultant, counsellor, nhân viên kiểm soát chất lượng qc executive khu vực biên hòa đồng nai, senior consultant, tư vấn viên","bán sỉ, qc), quản lý chất lượng (qa, bán lẻ, thực phẩm & đồ uống",12 tr - 16 tr vnd,12.0,16.0,vnd,14.0
chuyên viên kinh doanh phát triển thị trường hồ chí minh đồng nai vũng tàu,nhân viên chính thức,nhân viên,hồ chí minh,1 - 3 năm,"nhân viên kinh doanh, chuyên viên kinh doanh phát triển thị trường hồ chí minh đồng nai vũng tàu, sales executive, giám sát kinh doanh","bán hàng, kinh doanh",20 tr - 35 tr vnd,20.0,35.0,vnd,27.5
nhân viên it,nhân viên chính thức,nhân viên,hồ chí minh,trên 3 năm,"it supervisor, nhân viên it, it helpdesk, it executive, it support, it specialist, nhân viên tin học, it engineer, it administrator, it staff, it officer","mạng, cntt - phần cứng",trên 13 tr vnd,13.0,0.0,vnd,6.5
design quality assurance manager,nhân viên chính thức,nhân viên,hồ chí minh,2 - 5 năm,"rooftop solar energy, kỹ sư điện, thiết kế kết cấu, kỹ sư thiết kế hệ thống điện, nhân viên quản lý chất lượng, phòng cháy chữa cháy, kỹ sư điện thiết kế, quality control","điện, xây dựng, điện tử, ngành khác, điện lạnh",25 tr - 35 tr vnd,25.0,35.0,vnd,30.0
traceability staff nv truy xuất nguồn gốc sp,nhân viên chính thức,nhân viên,hồ chí minh,lên đến 5 năm,"traceability staf, truy xuất nguồn gốc sản phẩm","dệt may, vật tư, thời trang, da giày, thu mua, xuất nhập khẩu",10 tr - 14 tr vnd,10.0,14.0,vnd,12.0
trưởng nhóm dự án it,nhân viên chính thức,"trưởng nhóm , giám sát",hồ chí minh,2 - 5 năm,Unknown,"điện, mạng, cntt - phần mềm, điện tử, cntt - phần cứng, điện lạnh",35 tr - 52 tr vnd,35.0,52.0,vnd,43.5
mold development engineer kỹ sư phát triển khuôn mẫu,nhân viên chính thức,"trưởng nhóm , giám sát",bình dương,5 - 6 năm,Unknown,"da giày, thời trang, dệt may",22 tr - 25 tr vnd,22.0,25.0,vnd,23.5
digital marketing leader,nhân viên chính thức,"trưởng nhóm , giám sát",hồ chí minh,4 - 6 năm,Unknown,"truyền thông, y tế, chăm sóc sức khỏe, quảng cáo, thiết kế, đối ngoại, nghệ thuật, mỹ thuật",12 tr - 15 tr vnd,12.0,15.0,vnd,13.5
senior front end developer msb 1y562,nhân viên chính thức,nhân viên,hà nội,2 - 3 năm,"javascript, angularjs developer, frontend developer, css developer","cntt - phần mềm, ngân hàng","1,000 - 3,000 usd",25.0,75.0,usd,50.0
chuyên viên quay dựng fitness,nhân viên chính thức,nhân viên,hồ chí minh,1 - 2 năm,"nhân viên kế toán nhà máy, chuyên viên kế toán chuyên quản, credit accountant, nhân viên kế toán vật tư, accountant and administrative staff, cán bộ tài chính kế toán, accountant cum office admin, nhân viên phòng kế toán, accounting executive, kế toán kho vận","tiếp thị, marketing",14 tr - 18 tr vnd,14.0,18.0,vnd,16.0
nhân viên triển khai bản vẽ nội thất chạy cnc,nhân viên chính thức,nhân viên,hồ chí minh,trên 2 năm,"nhân viên vận hành cnc, cnc operator, thợ lập trình và vận hành máy cnc","nội ngoại thất, xây dựng, cntt - phần mềm",18 tr - 20 tr vnd,18.0,20.0,vnd,19.0
dms cum data analyst senior executive,nhân viên chính thức,"trưởng nhóm , giám sát",hồ chí minh,2 - 5 năm,"data analyst, data analyst executive, dms executive","mạng, kế toán, kiểm toán, cntt - phần cứng",15 tr - 20 tr vnd,15.0,20.0,vnd,17.5
chuyên viên bim revit cơ điện,nhân viên chính thức,nhân viên,hồ chí minh,3 - 7 năm,Unknown,"xây dựng, điện tử, điện lạnh, điện",20 tr - 35 tr vnd,20.0,35.0,vnd,27.5
mobile developer,nhân viên chính thức,nhân viên,hà nội,2 - 5 năm,Unknown,"mạng, cntt - phần mềm, cntt - phần cứng",18 tr - 35 tr vnd,18.0,35.0,vnd,26.5
chuyên viên audit,nhân viên chính thức,nhân viên,hồ chí minh,3 - 4 năm,Unknown,"luật, pháp lý, nhân sự",10 tr - 12 tr vnd,10.0,12.0,vnd,11.0
qa qc engineer,nhân viên chính thức,nhân viên,đồng nai,1 - 3 năm,"nhân viên qc ngành gỗ, vina kyoei, pomina, hàn, qc welding, welder, cơ khí, kirby, huynhdai, qc staff","qc), xây dựng, quản lý chất lượng (qa, cơ khí, ô tô, tự động hóa",18 tr - 32 tr vnd,18.0,32.0,vnd,25.0
backend developer,nhân viên chính thức,nhân viên,hà nội,trên 1 năm,"lập trình, backend developer","mạng, cntt - phần mềm, cntt - phần cứng",8 tr - 15 tr vnd,8.0,15.0,vnd,11.5
it security staff,nhân viên chính thức,nhân viên,hồ chí minh,1 - 3 năm,Unknown,"bảo trì, sửa chữa, mạng, cntt - phần mềm, cntt - phần cứng",8 tr - 12 tr vnd,8.0,12.0,vnd,10.0
nhân viên digital marketing,nhân viên chính thức,nhân viên,hồ chí minh,trên 1 năm,"chuyên viên social media, marketer, chuyên viên marketing online, chuyên viên pr marketing, online marketing executive, marketing executive, nhân viên marketing online, marketing specialist, nhân viên marketing, nhân viên digital marketing am hiểu facebook shopee tiktok, marketing operations officer","truyền thông, tiếp thị, tiếp thị trực tuyến, marketing, quảng cáo, đối ngoại",8 tr - 10 tr vnd,8.0,10.0,vnd,9.0
nhân viên dự toán công trình qs engineer,nhân viên chính thức,nhân viên,hồ chí minh,trên 3 năm,Unknown,"nội ngoại thất, xây dựng, kiến trúc",15 tr - 17 tr vnd,15.0,17.0,vnd,16.0
nhân viên video editor,nhân viên chính thức,nhân viên,đà nẵng,1 - 2 năm,"nhân viên biên tập tin nội bộ, biên tập viên","tiếp thị, bán sỉ, marketing, truyền hình, báo chí, bán lẻ, biên tập",7 tr - 10 tr vnd,7.0,10.0,vnd,8.5
nhân viên digital marketing,nhân viên chính thức,nhân viên,hà nội,1 - 3 năm,Unknown,"kinh doanh, dệt may, thời trang, dịch vụ khách hàng, da giày, bán hàng",15 tr - 20 tr vnd,15.0,20.0,vnd,17.5
nhân viên digital marketing,nhân viên chính thức,nhân viên,hà nội,1 - 2 năm,Unknown,"tiếp thị, marketing",8 tr - 12 tr vnd,8.0,12.0,vnd,10.0
assistant of developer,nhân viên chính thức,nhân viên,hồ chí minh,không yêu cầu,"merchandiser, assistant of developer","da giày, dệt may, thời trang, biên phiên dịch","8,5 tr - 10 tr vnd",8.5,10.0,vnd,9.25
giám sát bán hàng long thành đồng nai,nhân viên chính thức,nhân viên,đồng nai,2 - 15 năm,"giám sát tiếp thị kênh bán lẻ, gs bán hàng kênh gt ( kênh bán lẻ), giám sát bán hàng long thành đồng nai, điều hành kinh doanh, gs bán hàng kênh mt (siêu thị)","bán sỉ, kinh doanh, bán hàng, bán lẻ, thực phẩm & đồ uống",28 tr - 35 tr vnd,28.0,35.0,vnd,31.5
videos editor,nhân viên chính thức,nhân viên,hồ chí minh,trên 1 năm,"media production, production engineer, social media marketing officer","truyền thông, tiếp thị, marketing, truyền hình, báo chí, quảng cáo, đối ngoại, biên tập",9 tr - 12 tr vnd,9.0,12.0,vnd,10.5
vietjet air nhân viên chăm sóc khách hàng kênh hotline,nhân viên chính thức,nhân viên,hồ chí minh,không yêu cầu,"văn phòng, vietjet air nhân viên chăm sóc khách hàng kênh hotline, vietjet air, chăm sóc khách hàng",ngành khác,6 tr - 7 tr vnd,6.0,7.0,vnd,6.5
nhân viên bảo trì cơ khí mfp và mip mfp and mip mechanical maintenance staff officer,nhân viên chính thức,nhân viên,đồng nai,trên 2 năm,Unknown,"sản xuất, điện, điện tử, cơ khí, điện lạnh, vận hành sản xuất, ô tô, tự động hóa",trên 10 tr vnd,10.0,0.0,vnd,5.0
nhân viên it helpdesk,nhân viên chính thức,nhân viên,hồ chí minh,1 - 2 năm,Unknown,cntt - phần mềm,8 tr - 15 tr vnd,8.0,15.0,vnd,11.5
digital marketing,nhân viên chính thức,nhân viên,hồ chí minh,1 - 2 năm,"online, social media","truyền thông, tiếp thị, marketing, tiếp thị trực tuyến, quảng cáo, đối ngoại",9 tr - 11 tr vnd,9.0,11.0,vnd,10.0
chuyên viên khách hàng doanh nghiệp phòng giao dịch tân hòa cn đồng nai,nhân viên chính thức,nhân viên,đồng nai,không yêu cầu,chuyên viên khách hàng doanh nghiệp cn. đồng nai cn.,"ngân hàng, kinh doanh, tài chính, bán hàng, đầu tư",10 tr - 35 tr vnd,10.0,35.0,vnd,22.5
110902 quality assurance manager trưởng phòng quản lý chất lượng it,nhân viên chính thức,quản lý,hồ chí minh,trên 10 năm,"quản lý qa haccp, quality management manager, qa, quality management director, trưởng phòng quản lý chất lượng it, qc manager, qc director, qa haccp manager, quality assurance manager, trưởng bộ phận quản lý chất lượng, giám đốc chất lượng, qc division head, an toàn môi trường",cntt - phần mềm,70 tr - 100 tr vnd,70.0,100.0,vnd,85.0
cộng tác viên triển khai phần mềm ứng dụng,nhân viên chính thức,nhân viên,hà nội,không yêu cầu,"html, javascript, css, next js, node js","mạng, cntt - phần mềm, cntt - phần cứng",10 tr - 15 tr vnd,10.0,15.0,vnd,12.5
quản trị mạng network engineer,nhân viên chính thức,nhân viên,hà nội,2 - 4 năm,"quản trị mạng, kỹ sư quản trị mạng","mạng, cntt - phần mềm, cntt - phần cứng",20 tr - 25 tr vnd,20.0,25.0,vnd,22.5
nhân viên bán hàng showroom tttm lotte liễu giai,nhân viên chính thức,nhân viên,hà nội,trên 1 năm,Unknown,"tiếp thị, marketing, kinh doanh, tiếp thị trực tuyến, bán hàng",7 tr - 15 tr vnd,7.0,15.0,vnd,11.0
triển khai 2d,nhân viên chính thức,nhân viên,hà nội,trên 2 năm,thiết kế,"nội ngoại thất, xây dựng, kiến trúc",trên 16 tr vnd,16.0,0.0,vnd,8.0
112635 retail sales executive chuyên viên kinh doanh printers,nhân viên chính thức,nhân viên,hồ chí minh,trên 3 năm,"nhân viên kinh doanh, retail sales executive chuyên viên kinh doanh printers, sales executive, giám sát kinh doanh","sản xuất, điện, điện tử, vận hành sản xuất, điện lạnh",26 tr - 33 tr vnd,26.0,33.0,vnd,29.5
điều dưỡng viên nữ hộ sinh lấy máu chi nhánh hai bà trưng quận 3,nhân viên chính thức,nhân viên,hồ chí minh,trên 2 năm,"điều dưỡng đa khoa, clinic nurse, nhân viên điều dưỡng, hộ sinh, điều dưỡng viên, nurse, điều dưỡng, sanatorium, nữ hộ sinh lấy máu chi nhánh hai bà trưng quận, cán bộ điều dưỡng","y tế, chăm sóc sức khỏe, dịch vụ khách hàng, dược phẩm","8,5 tr - 12 tr vnd",8.5,12.0,vnd,10.25
officer of quality assurance accreditation,nhân viên chính thức,nhân viên,bình dương,2 - 3 năm,Unknown,"hành chính, qc), đào tạo, quản lý chất lượng (qa, giáo dục, thư ký",17 tr - 27 tr vnd,17.0,27.0,vnd,22.0
chuyên viên it business analyst,nhân viên chính thức,nhân viên,hà nội,trên 3 năm,"software business analyst, web product mananger, chuyên viên phân tích hệ thống, it product mananger, chuyên viên it business analyst hà nội, phân tích hệ thống kinh doanh, it business support analyst, hệ thống thông tin quản lý","tài chính, cntt - phần mềm, dịch vụ khách hàng, đầu tư",17 tr - 25 tr vnd,17.0,25.0,vnd,21.0
họa viên thiết kế revit bim hệ thống pccc,nhân viên chính thức,nhân viên,đồng nai,1 - 2 năm,"graphic design, graphic designer",xây dựng,trên 10 tr vnd,10.0,0.0,vnd,5.0
nhân viên triển khai bảo trì phần mềm,nhân viên chính thức,nhân viên,hà nội,1 - 2 năm,Unknown,"bán hàng, cntt - phần mềm, dịch vụ khách hàng, kinh doanh",7 tr - 10 tr vnd,7.0,10.0,vnd,8.5
digital marketing executive,nhân viên chính thức,nhân viên,bình dương,1 - 2 năm,"chuyên viên social media, marketer, chuyên viên pr marketing, online marketing executive, nhân viên marketing online, marketing specialist, nhân viên marketing, chuyên viên marketing online, marketing operations officer","truyền thông, tiếp thị, marketing, quảng cáo, đối ngoại",9 tr - 12 tr vnd,9.0,12.0,vnd,10.5
commodity fundamental analyst,nhân viên chính thức,nhân viên,hồ chí minh,1 - 3 năm,Unknown,"tài chính, chứng khoán, đầu tư",11 tr - 15 tr vnd,11.0,15.0,vnd,13.0
retail store manager,nhân viên chính thức,quản lý,hồ chí minh,3 - 5 năm,"retail sales manager, giám đốc kênh bán lẻ, retail operation manager","bán lẻ, bán hàng, bán sỉ, kinh doanh",20 tr - 35 tr vnd,20.0,35.0,vnd,27.5
109783 senior design engineer construction kỹ sư thiết kế nội thất xây dựng,nhân viên chính thức,nhân viên,hà nội,trên 2 năm,Unknown,"nội ngoại thất, xây dựng",15 tr - 18 tr vnd,15.0,18.0,vnd,16.5
giảng viên data analyst data system,bán thời gian,"trưởng nhóm , giám sát",hồ chí minh,3 - 5 năm,"data processing specialist, data processing, data analysis specialist, data analyst, data processing executive","bưu chính viễn thông, giáo dục, cntt - phần mềm, đào tạo",15 tr - 30 tr vnd,15.0,30.0,vnd,22.5
backend developer,nhân viên chính thức,nhân viên,hà nội,3 - 5 năm,lập trình,"cntt - phần mềm, ngành khác",12 tr - 20 tr vnd,12.0,20.0,vnd,16.0
nhân viên triển khai bản vẽ cad,nhân viên chính thức,nhân viên,bình dương,1 - 5 năm,Unknown,"thiết kế, nghệ thuật, mỹ thuật",10 tr - 50 tr vnd,10.0,50.0,vnd,30.0
video editor,nhân viên chính thức,nhân viên,hồ chí minh,2 - 5 năm,Unknown,"truyền hình, báo chí, biên tập, giải trí",14 tr - 20 tr vnd,14.0,20.0,vnd,17.0
nhân viên quản lý phương tiện ô tô tại hoàng mai hà nội,nhân viên chính thức,nhân viên,hà nội,không yêu cầu,"kỹ thuật viên, technician, nhân viên kỹ thuật ô tô","kho vận, vận chuyển, cơ khí, giao nhận, ô tô, tự động hóa",7 tr - 10 tr vnd,7.0,10.0,vnd,8.5
video editor,nhân viên chính thức,nhân viên,hồ chí minh,2 - 3 năm,"nhân viên biên tập tin nội bộ, biên tập viên","tiếp thị, marketing",15 tr - 22 tr vnd,15.0,22.0,vnd,18.5
nhân viên kỹ thuật it,nhân viên chính thức,nhân viên,hồ chí minh,trên 2 năm,Unknown,"mạng, cntt - phần mềm, cntt - phần cứng",9 tr - 15 tr vnd,9.0,15.0,vnd,12.0
112573 automation sales engineer leader manufacturing,nhân viên chính thức,"trưởng nhóm , giám sát",hà nội,trên 2 năm,"plc, automation sales engineer leader manufacturing, automation sales, service engineer, kỹ sư kinh doanh, automation engineer, sales engineer, kỹ sư bán hàng, robot","sản xuất, kinh doanh, bán hàng, cơ khí, vận hành sản xuất, ô tô, tự động hóa","19,5 tr - 25 tr vnd",19.5,25.0,vnd,22.25
urgent giám sát chuyên môn tiếng anh tại long khánh đồng nai,nhân viên chính thức,"trưởng nhóm , giám sát",đồng nai,1 - 2 năm,Unknown,"đào tạo, giáo dục, biên phiên dịch",10 tr - 13 tr vnd,10.0,13.0,vnd,11.5
kỹ thuật it,nhân viên chính thức,nhân viên,hà nội,2 - 3 năm,"nhân viên kỹ thuật it phần mềm, nhân viên it helpdesk, nhân viên kỹ thuật it phần cứng","bảo trì, sửa chữa, mạng, cntt - phần mềm, cntt - phần cứng",15 tr - 20 tr vnd,15.0,20.0,vnd,17.5
video editor,nhân viên chính thức,nhân viên,hồ chí minh,1 - 2 năm,"nhân viên biên tập tin nội bộ, biên tập viên","truyền thông, tiếp thị, marketing, tiếp thị trực tuyến, quảng cáo, đối ngoại",10 tr - 12 tr vnd,10.0,12.0,vnd,11.0
sales engineer b2b,nhân viên chính thức,nhân viên,hồ chí minh,1 - 5 năm,Unknown,"hóa học, kinh doanh, bán hàng, cơ khí, ô tô, tự động hóa",13 tr - 22 tr vnd,13.0,22.0,vnd,17.5
digital marketing,nhân viên chính thức,"trưởng nhóm , giám sát",hồ chí minh,3 - 5 năm,"nhân viên seo, google ads, digital marketing, chuyên viên digital marketing, nhân viên seo sem, ads","truyền thông, tiếp thị, tiếp thị trực tuyến, marketing, quảng cáo, đối ngoại",12 tr - 18 tr vnd,12.0,18.0,vnd,15.0
java developer team leader,nhân viên chính thức,"trưởng nhóm , giám sát",hà nội,3 - 8 năm,"it web developer, java developer, junior java developers, software developer j2ee, .net developer, lập trình viên ngôn ngữ perl, net android ios programmer, java android programmer, fresher erp developers, embedded software engineer",cntt - phần mềm,25 tr - 35 tr vnd,25.0,35.0,vnd,30.0
it devops,nhân viên chính thức,nhân viên,hà nội,trên 2 năm,"mysql, cd, python, agile, scrum, docker, ci, gitlab","tài chính, cntt - phần mềm, đầu tư",trên 30 tr vnd,30.0,0.0,vnd,15.0
sales engineer nhân viên kinh doanh kỹ thuật,nhân viên chính thức,nhân viên,hồ chí minh,1 - 2 năm,"nhân viên phòng kinh doanh, sales executive, motor, salesman, kho lạnh, service sales engineer, technical sales engineer, đại diện bán hàng, chuyên viên kinh doanh","điện, kinh doanh, điện tử, bán hàng, điện lạnh, tư vấn",8 tr - 30 tr vnd,8.0,30.0,vnd,19.0
digital marketing,nhân viên chính thức,nhân viên,hà nội,trên 1 năm,"online, social media","cntt - phần mềm, tiếp thị, marketing",lên đến 20 tr vnd,0.0,20.0,vnd,10.0
account manager – sales it,nhân viên chính thức,nhân viên,hồ chí minh,2 - 5 năm,Unknown,"bán hàng, cntt - phần mềm, tư vấn, kinh doanh",12 tr - 20 tr vnd,12.0,20.0,vnd,16.0
nhân viên quản trị website,nhân viên chính thức,nhân viên,hà nội,không yêu cầu,Unknown,"truyền thông, tiếp thị, marketing, quảng cáo, đối ngoại, quản lý điều hành",6 tr - 8 tr vnd,6.0,8.0,vnd,7.0
nhân viên digital marketing,nhân viên chính thức,nhân viên,hồ chí minh,1 - 2 năm,"chuyên viên social media, marketer, chuyên viên pr marketing, online marketing executive, marketing executive, nhân viên marketing online, marketing specialist, nhân viên marketing, chuyên viên marketing online, nhân viên digital marketing facebook ads, marketing operations officer","tiếp thị, marketing",8 tr - 10 tr vnd,8.0,10.0,vnd,9.0
nhân viên triển khai tư vấn phòng thí nghiệm,nhân viên chính thức,mới tốt nghiệp,hồ chí minh,không yêu cầu,Unknown,"quản lý chất lượng (qa, hóa học, công nghệ sinh học, qc)","7,5 tr - 15 tr vnd",7.5,15.0,vnd,11.25
kỹ sư phần mềm developer odoo,nhân viên chính thức,nhân viên,hà nội,trên 4 năm,"software engineer, kỹ sư phần mềm developer odoo ưu tiên biết react, lập trình viên, kỹ sư software","mạng, cntt - phần mềm, cntt - phần cứng",20 tr - 28 tr vnd,20.0,28.0,vnd,24.0
it helpdesk support,nhân viên chính thức,nhân viên,hồ chí minh,2 - 5 năm,"kỹ sư điện tử viễn thông cntt, it helpdesk, it business analyst, it support, nhân viên kỹ thuật it phần mềm, lập trình viên mobile app, mobile appication developer, it networking, nhân viên kỹ thuật it phần cứng","mạng, cntt - phần mềm, cntt - phần cứng",10 tr - 13 tr vnd,10.0,13.0,vnd,11.5
nhân viên digital marketing facebook,nhân viên chính thức,nhân viên,hà nội,1 - 2 năm,"marketer, marketing, chuyên viên pr marketing, marketing executive, facebook, seo facebook","tiếp thị, marketing, kinh doanh, truyền hình, báo chí, bán hàng, biên tập",10 tr - 15 tr vnd,10.0,15.0,vnd,12.5
recruitment training staff,nhân viên chính thức,nhân viên,hồ chí minh,1 - 5 năm,Unknown,"hành chính, thư ký, nhân sự",10 tr - 12 tr vnd,10.0,12.0,vnd,11.0
digital artist,nhân viên chính thức,nhân viên,hồ chí minh,2 - 3 năm,"online, social media","tiếp thị, marketing, thiết kế, nghệ thuật, mỹ thuật",10 tr - 15 tr vnd,10.0,15.0,vnd,12.5
tuyển nhân viên kinh doanh siêu thị tại gia lai,nhân viên chính thức,nhân viên,gia lai,không yêu cầu,"đại diện kinh doanh, nhân viên phòng kinh doanh, sales executive, salesman, sales dept, sales engineer, nhân viên bán hàng, telesales, đại diện bán hàng, chuyên viên kinh doanh","tiếp thị, bán sỉ, marketing, bán lẻ, thực phẩm & đồ uống",8 tr - 12 tr vnd,8.0,12.0,vnd,10.0
chuyên viên digital marketing,nhân viên chính thức,nhân viên,hồ chí minh,2 - 4 năm,"chuyên viên social media, marketer, chuyên viên pr marketing, online marketing executive, marketing executive, nhân viên marketing online, marketing specialist, nhân viên marketing, chuyên viên marketing online, marketing operations officer","truyền thông, tiếp thị, marketing, quảng cáo, đối ngoại, đào tạo, giáo dục",trên 14 tr vnd,14.0,0.0,vnd,7.0
thiết kế nội thất katinat saigon kafe,nhân viên chính thức,nhân viên,hồ chí minh,1 - 2 năm,Unknown,"thiết kế, nghệ thuật, mỹ thuật, kiến trúc",10 tr - 15 tr vnd,10.0,15.0,vnd,12.5
trình dược viên etc khu vực đồng nai,nhân viên chính thức,nhân viên,đồng nai,1 - 2 năm,"trình dược viên otc, trình dược viên kênh nhà thuốc","y tế, dược phẩm, kinh doanh, chăm sóc sức khỏe, bán hàng",7 tr - 15 tr vnd,7.0,15.0,vnd,11.0
it system,nhân viên chính thức,nhân viên,hồ chí minh,1 - 2 năm,"chuyên viên it, nhân viên it, it executive, it assistant, it specialist, it engineer","mạng, cntt - phần mềm, cntt - phần cứng",12 tr - 16 tr vnd,12.0,16.0,vnd,14.0
video editor,nhân viên chính thức,nhân viên,hồ chí minh,không yêu cầu,"nhân viên biên tập tin nội bộ, biên tập viên, video editor","bán lẻ, bán sỉ",9 tr - 10 tr vnd,9.0,10.0,vnd,9.5
sales engineer,nhân viên chính thức,nhân viên,hà nội,2 - 3 năm,Unknown,"điện, kinh doanh, điện tử, bán hàng, cơ khí, ô tô, điện lạnh, tự động hóa","800 - 1,500 usd",20.0,37.5,usd,28.75
digital marketing,nhân viên chính thức,nhân viên,hà nội,1 - 2 năm,"digital marketing executive, digital marketing manager, digital marketing","truyền thông, tiếp thị, dệt may, marketing, quảng cáo, đối ngoại, thời trang, da giày",15 tr - 18 tr vnd,15.0,18.0,vnd,16.5
chuyên viên khách hàng cá nhân cn lào cai,nhân viên chính thức,nhân viên,lào cai,trên 1 năm,chuyên viên khách hàng cá nhân cn. lào cai cn.,"tài chính, bảo hiểm, ngân hàng, đầu tư",10 tr - 30 tr vnd,10.0,30.0,vnd,20.0
sales software manager,nhân viên chính thức,"trưởng nhóm , giám sát",hồ chí minh,2 - 5 năm,Unknown,"bán hàng, cntt - phần mềm, kinh doanh",23 tr - 35 tr vnd,23.0,35.0,vnd,29.0
it helpdesk it support,nhân viên chính thức,nhân viên,hồ chí minh,trên 1 năm,"nhân viên hỗ trợ kỹ thuật, it support, technical assistant, service engineer, it support assistant, it helpdesk","mạng, cntt - phần mềm, ngân hàng, cntt - phần cứng",12 tr - 16 tr vnd,12.0,16.0,vnd,14.0
nhân viên quản trị website,nhân viên chính thức,nhân viên,hồ chí minh,1 - 3 năm,"website managment, website administrator, nhân viên quản trị website","mạng, cntt - phần cứng",10 tr - 15 tr vnd,10.0,15.0,vnd,12.5
chuyên viên khách hàng doanh nghiệp cn lào cai,nhân viên chính thức,nhân viên,lào cai,không yêu cầu,Unknown,"ngân hàng, kinh doanh, tài chính, bán hàng, đầu tư",10 tr - 35 tr vnd,10.0,35.0,vnd,22.5
audit senior,nhân viên chính thức,"trưởng nhóm , giám sát",hà nội,trên 3 năm,Unknown,"kế toán, kiểm toán",20 tr - 25 tr vnd,20.0,25.0,vnd,22.5
digital marketing leader,nhân viên chính thức,"trưởng nhóm , giám sát",hà nội,1 - 3 năm,Unknown,"tiếp thị, marketing, bán sỉ, tiếp thị trực tuyến, bán lẻ",20 tr - 30 tr vnd,20.0,30.0,vnd,25.0
sales manager đồng nai,nhân viên chính thức,quản lý,đồng nai,3 - 5 năm,"giám đốc kinh doanh vùng, sales manager đồng nai biên hòa, sales section manager, giám đốc kinh doanh khu vực, sales director, sales force manager, giám đốc kinh doanh","tiếp thị, kinh doanh, marketing, dịch vụ khách hàng, bán hàng",20 tr - 25 tr vnd,20.0,25.0,vnd,22.5
senior data analyst,nhân viên chính thức,nhân viên,hà nội,trên 3 năm,Unknown,cntt - phần mềm,20 tr - 35 tr vnd,20.0,35.0,vnd,27.5
nhân viên digital,nhân viên chính thức,nhân viên,hà nội,3 - 5 năm,Unknown,"bán lẻ, bán sỉ, tiếp thị, marketing",12 tr - 16 tr vnd,12.0,16.0,vnd,14.0
chuyên viên quản lý quản lý cao cấp khách hàng doanh nghiệp đồng nai,nhân viên chính thức,nhân viên,đồng nai,1 - 3 năm,Unknown,"bán hàng, ngân hàng, kinh doanh",10 tr - 20 tr vnd,10.0,20.0,vnd,15.0
trưởng bộ phận triển khai kỹ thuật nội thất,nhân viên chính thức,quản lý,hưng yên,trên 1 năm,Unknown,"nội ngoại thất, xây dựng, đồ gỗ",18 tr - 25 tr vnd,18.0,25.0,vnd,21.5
109876 senior service sales engineer water wastewater treatment,nhân viên chính thức,nhân viên,hà nội,trên 3 năm,Unknown,"bảo trì, kinh doanh, sửa chữa, bán hàng, ngành khác",17 tr - 21 tr vnd,17.0,21.0,vnd,19.0
it data center administrator,nhân viên chính thức,nhân viên,bình dương,3 - 5 năm,"data administrator, infrastructure support team leader, infrastructure engineer, cơ sở hạ tầng it, quản lý dữ liệu, network and infrastructure","điện, mạng, cntt - phần mềm, điện tử, cntt - phần cứng, điện lạnh",18 tr - 28 tr vnd,18.0,28.0,vnd,23.0
chuyên viên khách hàng cá nhân cn xuân mai,nhân viên chính thức,nhân viên,hà nội,không yêu cầu,chuyên viên khách hàng cá nhân cn. xuân mai cn.,"ngân hàng, kinh doanh, tài chính, bán hàng, đầu tư",9 tr - 35 tr vnd,9.0,35.0,vnd,22.0
chuyên viên ub cn lào cai,nhân viên chính thức,nhân viên,lào cai,không yêu cầu,Unknown,"ngân hàng, kinh doanh, tài chính, bán hàng, đầu tư",9 tr - 35 tr vnd,9.0,35.0,vnd,22.0
unity dev,nhân viên chính thức,nhân viên,hồ chí minh,2 - 3 năm,"unity dev, unity, cocos, lập trình viên",cntt - phần mềm,15 tr - 20 tr vnd,15.0,20.0,vnd,17.5
kỹ sư bán hàng sales engineer,nhân viên chính thức,nhân viên,bình dương,trên 5 năm,"service engineer, kỹ sư kinh doanh, kỹ sư bán hàng, sales engineer tr tr","bán sỉ, kinh doanh, dịch vụ khách hàng, bán hàng, bán lẻ",15 tr - 20 tr vnd,15.0,20.0,vnd,17.5
trình dược viên otc đồng nai,nhân viên chính thức,nhân viên,đồng nai,không yêu cầu,"nhân viên kinh doanh, bán hàng kinh doanh, nhân viên thị trường, dược phẩm","y tế, dược phẩm, kinh doanh, chăm sóc sức khỏe, bán hàng",8 tr - 30 tr vnd,8.0,30.0,vnd,19.0
quality control supervisor trưởng phòng bộ phận kiểm soát chất lượng,nhân viên chính thức,"trưởng nhóm , giám sát",bình dương,3 - 5 năm,quản lý chất lượng,"dệt may, thời trang, qc), da giày, quản lý chất lượng (qa, ngành khác",25 tr - 30 tr vnd,25.0,30.0,vnd,27.5
nhân viên tư vấn gói thăm khám sức khỏe pvi insurance petro vietnam không yêu cầu kinh nghiệm data có sẵn,nhân viên chính thức,nhân viên,hồ chí minh,không yêu cầu,"sale, tuvanbanhang, hanhchinh, banhang, hành chính, bảo hiểm, nhân viên tư vấn gói thăm khám sức khỏe pvi insurance petro vietnam thu nhập triệu không yêu cầu kinh nghiệm data có sẵn, taichinh, tài chính, bán hàng, baohiem, tư vấn, telesale","bán sỉ, kinh doanh, bảo hiểm, bán hàng, bán lẻ",8 tr - 15 tr vnd,8.0,15.0,vnd,11.5
next step group tuyển nhân viên quay dựng editor,nhân viên chính thức,nhân viên,hà nội,trên 1 năm,Unknown,"truyền thông, truyền hình, báo chí, quảng cáo, đối ngoại, biên tập",trên 15 tr vnd,15.0,0.0,vnd,7.5
video editor,nhân viên chính thức,nhân viên,hà nội,trên 1 năm,"nhân viên biên tập tin nội bộ, biên tập viên",cntt - phần mềm,10 tr - 20 tr vnd,10.0,20.0,vnd,15.0
nhân viên chăm sóc khách hàng tiếng anh vietjet air,nhân viên chính thức,"sinh viên, thực tập sinh",hồ chí minh,không yêu cầu, nhân viên chăm sóc khách hàng tiếng anh vietjet air,"hàng không, nhân sự, dịch vụ khách hàng","8 tr - 8,2 tr vnd",8.0,8.2,vnd,8.1
chuyên viên kinh doanh website hà nội,nhân viên chính thức,nhân viên,hà nội,1 - 2 năm,"nhân viên kinh doanh, chuyên viên kinh doanh website hà nội, sales executive, giám sát kinh doanh","tiếp thị, kinh doanh, bán sỉ, marketing, bán hàng, bán lẻ",8 tr - 30 tr vnd,8.0,30.0,vnd,19.0
chuyên viên ub cn lào cai,nhân viên chính thức,nhân viên,lào cai,không yêu cầu,chuyên viên ub cn. lào cai cn.,"ngân hàng, kinh doanh, tài chính, bán hàng, đầu tư",9 tr - 35 tr vnd,9.0,35.0,vnd,22.0
110154 japanese speaking manufacturing engineering staff trading,nhân viên chính thức,nhân viên,hà nội,trên 2 năm,Unknown,"sản xuất, cơ khí, vận hành sản xuất, ô tô, tự động hóa",15 tr - 20 tr vnd,15.0,20.0,vnd,17.5
site engineer,nhân viên chính thức,nhân viên,hồ chí minh,trên 1 năm,"nhân viên bảo dưỡng, kỹ thuật viên điện công nghiệp, kỹ sư bảo dưỡng, kỹ sư công trình, site engineer, service engineer, nhân viên bảo trì, nhân viên sửa chữa, site engineer kỹ sư công trình","bảo trì, điện, sửa chữa, điện tử, điện lạnh",10 tr - 20 tr vnd,10.0,20.0,vnd,15.0
nhân viên kinh doanh air express,nhân viên chính thức,nhân viên,hồ chí minh,1 - 5 năm,"nhân viên sales logistic, senior sales executive, sales logistics, sales executive, salesman, chuyên viên sales marketing, sales engineer, telesales, chuyên viên kinh doanh","kho vận, kinh doanh, vận chuyển, bán hàng, giao nhận, xuất nhập khẩu",9 tr - 15 tr vnd,9.0,15.0,vnd,12.0
nv phát triển vải fabric developer,nhân viên chính thức,nhân viên,hồ chí minh,lên đến 5 năm,Unknown,"vận hành sản xuất, sản xuất, vật tư, dệt may, thời trang, da giày, thu mua",12 tr - 15 tr vnd,12.0,15.0,vnd,13.5
game developer,nhân viên chính thức,nhân viên,hồ chí minh,trên 2 năm,"software developer, unity, advert developer, cocos, frontend developer, web developer, lập trình viên",cntt - phần mềm,15 tr - 20 tr vnd,15.0,20.0,vnd,17.5
thủ kho đồng nai,nhân viên chính thức,nhân viên,đồng nai,1 - 2 năm,Unknown,"vận chuyển, giao nhận, kho vận","9,5 tr - 11 tr vnd",9.5,11.0,vnd,10.25
training executive chuyên viên đào tạo,nhân viên chính thức,nhân viên,hồ chí minh,1 - 2 năm," training executive, chuyên viên đào tạo","đào tạo, giáo dục, nhân sự",10 tr - 15 tr vnd,10.0,15.0,vnd,12.5
digital marketing executive,nhân viên chính thức,nhân viên,hồ chí minh,1 - 2 năm,"chuyên viên social media, marketer, chuyên viên pr marketing, online marketing executive, marketing executive, nhân viên marketing online, marketing specialist, nhân viên marketing, chuyên viên marketing online, marketing operations officer","truyền thông, tiếp thị, marketing, tiếp thị trực tuyến, quảng cáo, đối ngoại",8 tr - 12 tr vnd,8.0,12.0,vnd,10.0
sales engineer chuyên viên bán hàng kỹ thuật,nhân viên chính thức,nhân viên,hà nội,1 - 3 năm,"nhân viên kinh doanh bán hàng kỹ thuật, nhân viên phát triển kinh doanh, business development executive, salesman, nhân viên kinh doanh, sales engineer, technical sales engineer, nhân viên bán hàng, bán hàng kỹ thuật, chuyên viên kinh doanh","bán sỉ, kinh doanh, xây dựng, bán hàng, bán lẻ",15 tr - 25 tr vnd,15.0,25.0,vnd,20.0
trưởng ban it,nhân viên chính thức,quản lý,hà nội,2 - 5 năm,"head of it, trưởng phòng công nghệ thông tin","mạng, cntt - phần mềm, nhà hàng, khách sạn, cntt - phần cứng",25 tr - 40 tr vnd,25.0,40.0,vnd,32.5
digital marketing executive,nhân viên chính thức,nhân viên,hồ chí minh,1 - 2 năm,Unknown,"truyền thông, tiếp thị, marketing, tiếp thị trực tuyến, quảng cáo, đối ngoại",12 tr - 15 tr vnd,12.0,15.0,vnd,13.5
quality control,nhân viên chính thức,nhân viên,hồ chí minh,1 - 2 năm,"qc call center, nhân viên quản lý chất lượng, quality control qa, quality assurance","kinh doanh, dịch vụ khách hàng, qc), quản lý chất lượng (qa, bán hàng",10 tr - 13 tr vnd,10.0,13.0,vnd,11.5
product developer,nhân viên chính thức,nhân viên,hồ chí minh,lên đến 5 năm,Unknown,"sản xuất, dệt may, vật tư, thu mua, thời trang, da giày, vận hành sản xuất",12 tr - 16 tr vnd,12.0,16.0,vnd,14.0
digital marketing executive,nhân viên chính thức,nhân viên,hà nội,1 - 4 năm,"chuyên viên social media, marketer, chuyên viên pr marketing, online marketing executive, marketing executive, nhân viên marketing online, digital marketing executive for eu market, marketing specialist, nhân viên marketing, chuyên viên marketing online, marketing operations officer","tiếp thị, marketing, kinh doanh, cntt - phần mềm, bán hàng",14 tr - 18 tr vnd,14.0,18.0,vnd,16.0
sales engineer,nhân viên chính thức,nhân viên,hồ chí minh,2 - 3 năm,"service engineer, kỹ sư kinh doanh, kỹ sư bán hàng","bán sỉ, kinh doanh, bán hàng, cơ khí, bán lẻ, ô tô, tự động hóa",15 tr - 50 tr vnd,15.0,50.0,vnd,32.5
chuyên viên khách hàng doanh nghiệp phòng giao dịch tam hiệp cn đồng nai,nhân viên chính thức,nhân viên,đồng nai,không yêu cầu,chuyên viên khách hàng doanh nghiệp phòng giao dịch tam hiệp cn. đồng nai cn.,"ngân hàng, kinh doanh, tài chính, bán hàng, đầu tư",10 tr - 35 tr vnd,10.0,35.0,vnd,22.5
sales b2b software,nhân viên chính thức,"trưởng nhóm , giám sát",hồ chí minh,trên 3 năm,"php, dotnet, developer, java, lập trình, sales bb software",cntt - phần mềm,lên đến 40 tr vnd,0.0,40.0,vnd,20.0
pattern engineer,nhân viên chính thức,nhân viên,đồng nai,1 - 3 năm,"nhân viên mẫu giày, pattern designer, shoe, tooling, pattern engineer, nhân viên rập","sản xuất, dệt may, thời trang, da giày, cơ khí, vận hành sản xuất, ô tô, tự động hóa",9 tr - 13 tr vnd,9.0,13.0,vnd,11.0
nhân viên bán hàng hai bà trưng,nhân viên chính thức,nhân viên,hà nội,trên 1 năm,"tư vấn kinh doanh, tư vấn bán hàng, đại diện kinh doanh, sales representative, salesman, nhân viên kinh doanh, nvkd, bán hàng, đại diện bán hàng","bán lẻ, bán hàng, bán sỉ, kinh doanh",10 tr - 15 tr vnd,10.0,15.0,vnd,12.5
digital performance executive,nhân viên chính thức,nhân viên,hồ chí minh,2 - 4 năm,"chuyên viên tư vấn, nhân viên tư vấn, consultant, counsellor, senior consultant, tư vấn viên","marketing, tiếp thị, tiếp thị trực tuyến",13 tr - 18 tr vnd,13.0,18.0,vnd,15.5
digital content marketing executive,nhân viên chính thức,nhân viên,hồ chí minh,2 - 3 năm,"marketer, content executive, digital marketing executive, chuyên viên marketing, nhân viên marketing, offline","marketing, tiếp thị, tiếp thị trực tuyến",14 tr - 17 tr vnd,14.0,17.0,vnd,15.5
retail sales manager sport fashion,nhân viên chính thức,giám đốc,hà nội,trên 3 năm,"retail store manager, giám đốc kênh bán lẻ","bán sỉ, kinh doanh, quản lý điều hành, bán hàng, bán lẻ","trên 1,200 usd",30.0,0.0,usd,15.0
nhân viên digital marketing,nhân viên chính thức,nhân viên,hà nội,trên 2 năm,Unknown,"kho vận, tiếp thị, marketing, vận chuyển, giao nhận",10 tr - 13 tr vnd,10.0,13.0,vnd,11.5
digital crm marketing,nhân viên chính thức,nhân viên,hồ chí minh,2 - 3 năm,"chuyên viên tư vấn, martech specialist, digital marketing manager, nhân viên tư vấn, consultant, quản lý hệ thống, martech executive, senior consultant","tiếp thị, marketing, tiếp thị trực tuyến, đào tạo, giáo dục",12 tr - 15 tr vnd,12.0,15.0,vnd,13.5
devops engineer,nhân viên chính thức,nhân viên,hồ chí minh,2 - 3 năm,Unknown,cntt - phần mềm,"500 - 1,000 usd",12.5,25.0,usd,18.75
chuyên viên triển khai bản vẽ nội thất shop drawing,nhân viên chính thức,nhân viên,hồ chí minh,2 - 5 năm,"triển khai bản vẽ nội thất, nhân viên kỹ thuật nội thất, kỹ thuật viên autocad, nhân viên triển khai bản vẽ nội thất, sketchup, triển khai bản vẽ kỹ thuật, shop drawing, kỹ thuật sản xuất gỗ nội thất",nội ngoại thất,13 tr - 20 tr vnd,13.0,20.0,vnd,16.5
sustainable agriculture marketing specialist,nhân viên chính thức,nhân viên,hồ chí minh,1 - 5 năm,"marketer, marketing coordinator, chuyên viên pr marketing, content writer, online marketing executive, marketing executive, nhân viên marketing, offline marketing executive","truyền thông, tiếp thị, marketing, quảng cáo, đối ngoại","500 - 1,000 usd",12.5,25.0,usd,18.75
nhân viên video editor,nhân viên chính thức,nhân viên,hà nội,1 - 2 năm,"nhân viên biên tập tin nội bộ, biên tập viên","truyền thông, mạng, quảng cáo, cntt - phần mềm, đối ngoại, cntt - phần cứng",12 tr - 15 tr vnd,12.0,15.0,vnd,13.5
technical trainer chuyên viên đào tạo sản phẩm đào tạo kỹ thuật sản phẩm,nhân viên chính thức,nhân viên,hồ chí minh,2 - 5 năm,Unknown,"đào tạo, giáo dục",15 tr - 22 tr vnd,15.0,22.0,vnd,18.5
nhân viên tuyển dụng đối tác khu vực đồng nai,nhân viên chính thức,nhân viên,đồng nai,1 - 2 năm,"chuyên viên tuyển dụng, executive recruitment, nhân viên tuyển dụng đối tác khu vực đồng nai","tiếp thị, kinh doanh, bán sỉ, marketing, bán hàng, bán lẻ",8 tr - 12 tr vnd,8.0,12.0,vnd,10.0
chuyên viên video editor,nhân viên chính thức,nhân viên,hồ chí minh,trên 2 năm,"nhân viên biên tập tin nội bộ, biên tập viên","tiếp thị, marketing, tiếp thị trực tuyến, thiết kế, nghệ thuật, mỹ thuật",10 tr - 12 tr vnd,10.0,12.0,vnd,11.0
nhân viên it,nhân viên chính thức,nhân viên,hà nội,2 - 3 năm,"it supervisor, nhân viên it, it helpdesk, it executive, it support, it specialist, nhân viên tin học, it engineer, it administrator, it staff, it officer","mạng, cntt - phần cứng",10 tr - 11 tr vnd,10.0,11.0,vnd,10.5
vietjet air tổng đài viên cskh line tiếng anh không yêu cầu kinh nghiệm,nhân viên chính thức,nhân viên,hồ chí minh,không yêu cầu," vietjet air tổng đài viên cskh line tiếng anh không yêu cầu kinh nghiệm, chăm sóc khách hàng",dịch vụ khách hàng,8 tr - 9 tr vnd,8.0,9.0,vnd,8.5
chuyên viên khai báo hải quan,nhân viên chính thức,nhân viên,bình dương,3 - 5 năm,"khai báo hải quan, chứng từ hải quan, logistics","vận chuyển, giao nhận, xuất nhập khẩu, kho vận",10 tr - 15 tr vnd,10.0,15.0,vnd,12.5
video editor,nhân viên chính thức,nhân viên,hồ chí minh,1 - 2 năm,Unknown,"truyền thông, tiếp thị, marketing, quảng cáo, thiết kế, đối ngoại, nghệ thuật, mỹ thuật",9 tr - 14 tr vnd,9.0,14.0,vnd,11.5
garment quatility nhân viên kiểm tra chất lượng may,nhân viên chính thức,nhân viên,hồ chí minh,1 - 5 năm,"qa haccp staff, qa, nhân viên qa haccp, nhân viên kcs thành phẩm, qc, nhân viên bộ phận chất lượng, tester, nhân viên kcs, nhan vien haccp, nhân viên quản lý chất lượng, nhân viên qa, qc staff","sản xuất, dệt may, thời trang, da giày, vận hành sản xuất",10 tr - 20 tr vnd,10.0,20.0,vnd,15.0
senior digital marketing,nhân viên chính thức,nhân viên,hồ chí minh,3 - 5 năm,Unknown,"tiếp thị, marketing, kinh doanh, tiếp thị trực tuyến, bán hàng",13 tr - 16 tr vnd,13.0,16.0,vnd,14.5
mechanical electrical quantity surveyor,nhân viên chính thức,nhân viên,hồ chí minh,trên 1 năm,"kỹ sư định giá, mechanical & electrical quantity surveyor qs, kỹ sư định giá xây dựng",xây dựng,15 tr - 20 tr vnd,15.0,20.0,vnd,17.5
digital marketing manager,nhân viên chính thức,"trưởng nhóm , giám sát",hồ chí minh,3 - 5 năm,"online marketing manager, digital marketing manager mạnh performance","tiếp thị, marketing",20 tr - 40 tr vnd,20.0,40.0,vnd,30.0
vtvcab cn lào cai tuyển nhân viên kinh doanh,nhân viên chính thức,nhân viên,lào cai,1 - 3 năm,"đại diện kinh doanh, nhân viên phòng kinh doanh, sales executive, salesman, sales dept, sales engineer, nhân viên bán hàng, telesales, đại diện bán hàng, chuyên viên kinh doanh","tiếp thị, marketing, điện, kinh doanh, điện tử, bán hàng, điện lạnh",9 tr - 12 tr vnd,9.0,12.0,vnd,10.5
kỹ sư triển khai shop drawing kết cấu thép,nhân viên chính thức,nhân viên,hồ chí minh,2 - 3 năm,Unknown,"xây dựng, ô tô, cơ khí, tự động hóa",16 tr - 19 tr vnd,16.0,19.0,vnd,17.5
digital marketing leader,nhân viên chính thức,"trưởng nhóm , giám sát",hồ chí minh,2 - 5 năm,"makerting manager, digital marketing manager, makerting director, giám sát tiếp thị, giám đốc truyền thông & tiếp thị, trưởng phòng marketing, giám đốc marketing, marketing supervisor, head of marketing and communication, digital marketing specialist","tiếp thị, marketing",12 tr - 15 tr vnd,12.0,15.0,vnd,13.5
video editor,nhân viên chính thức,nhân viên,hồ chí minh,trên 1 năm,"linux + audio video, nhân viên video marketing","truyền thông, tiếp thị, marketing, quảng cáo, thiết kế, đối ngoại, nghệ thuật, mỹ thuật",10 tr - 12 tr vnd,10.0,12.0,vnd,11.0
chuyên viên khách hàng cá nhân cn đồng nai,nhân viên chính thức,nhân viên,đồng nai,lên đến 1 năm,"chuyên viên khách hàng cá nhân cn. long thành đồng nai, chuyên viên khách hàng cá nhân cn. an giang, chuyên viên khách hàng cá nhân cn. long an, chuyên viên khách hàng cá nhân cn. long khánh đòng, chuyên viên khách hàng cá nhân cn. long khánh, chuyên viên khách hàng cá nhân cn. vũng tàu, bảo lộc, khách hàng cá nhân, quan hệ khách hàng, chuyên viên khách hàng cá nhân cn. vĩnh long, di linh","tài chính, ngân hàng, đầu tư",15 tr - 30 tr vnd,15.0,30.0,vnd,22.5
software qc tester,nhân viên chính thức,nhân viên,hồ chí minh,2 - 5 năm,Unknown,cntt - phần mềm,18 tr - 25 tr vnd,18.0,25.0,vnd,21.5
sales trainer lĩnh vực giáo dục,nhân viên chính thức,"trưởng nhóm , giám sát",hà nội,1 - 3 năm,"telesales, sales, trưởng nhóm telesales, đào tạo sales","kinh doanh, đào tạo, bán hàng, giáo dục, tư vấn",13 tr - 25 tr vnd,13.0,25.0,vnd,19.0
digital marketing facebook ads hoặc google ads thị trường us ca,nhân viên chính thức,nhân viên,hà nội,trên 1 năm,"facebook ads hoặc google ads thị trường us ca, online, social media, digital marketing","cntt - phần mềm, tiếp thị, marketing",lên đến 20 tr vnd,0.0,20.0,vnd,10.0
devops engineer,nhân viên chính thức,nhân viên,hà nội,3 - 5 năm,"cd, sonarcloud, argocd, enkins, devops, ci","mạng, cntt - phần mềm, cntt - phần cứng",25 tr - 35 tr vnd,25.0,35.0,vnd,30.0
chuyên viên hoạch định tài chính aia exchange,nhân viên chính thức,nhân viên,hồ chí minh,1 - 2 năm,"supply financial controller, financial controller, finance controller, finance controller production & supply, production finance controller, kiểm soát tài chính","tài chính, bảo hiểm, ngân hàng, đầu tư",8 tr - 20 tr vnd,8.0,20.0,vnd,14.0
nhân viên kiểm soát chất lượng quality control executive,nhân viên chính thức,nhân viên,bình dương,trên 1 năm,"nhân viên quản lý chất lượng, quality assurance","bán sỉ, qc), quản lý chất lượng (qa, bán lẻ, thực phẩm & đồ uống",10 tr - 14 tr vnd,10.0,14.0,vnd,12.0
bán hàng làm việc tại hoàng mai hn,nhân viên chính thức,nhân viên,hà nội,không yêu cầu,"nhân viên kế toán lâu năm, kiêm hành chính, purchasing accountant, kế toán kiêm thư ký, cán bộ phụ trách kế toán, senior, acc staff, kế toán dự án, chuyên viên kế toán, accoutant executive","điện, kinh doanh, điện tử, bán hàng, cơ khí, điện lạnh, ô tô, tự động hóa",9 tr - 45 tr vnd,9.0,45.0,vnd,27.0
video editor,nhân viên chính thức,nhân viên,hồ chí minh,2 - 3 năm,"dựng phim, video editor, biên tập viên, social media, cameraman, quay dựng, media, editor","truyền thông, truyền hình, báo chí, quảng cáo, đối ngoại, biên tập, tổ chức sự kiện",12 tr - 17 tr vnd,12.0,17.0,vnd,14.5
chuyên viên tập sự khách hàng cá nhân cn lào cai,nhân viên chính thức,nhân viên,lào cai,không yêu cầu,chuyên viên tập sự khách hàng cá nhân cn. lào cai cn.,"tài chính, ngân hàng, đầu tư",5 tr - 15 tr vnd,5.0,15.0,vnd,10.0
chuyên viên khách hàng cá nhân cn gia lai,nhân viên chính thức,nhân viên,gia lai,lên đến 1 năm,chuyên viên khách hàng cá nhân cn. gia lai cn.,"tài chính, ngân hàng, đầu tư",15 tr - 30 tr vnd,15.0,30.0,vnd,22.5
senior expert data governance,nhân viên chính thức,nhân viên,hà nội,trên 3 năm,Unknown,cntt - phần mềm,25 tr - 50 tr vnd,25.0,50.0,vnd,37.5
kỹ sư lập trình nhúng embedded engineer,nhân viên chính thức,nhân viên,hà nội,trên 3 năm,Unknown,"mạng, cntt - phần mềm, cntt - phần cứng",20 tr - 25 tr vnd,20.0,25.0,vnd,22.5
104996 piping engineer water treatment,nhân viên chính thức,nhân viên,hồ chí minh,4 - 5 năm,"kinh doanh phụ tùng động cơ máy tàu, piping & machinery, piping engineer senior level water treatment",xây dựng,24 tr - 37 tr vnd,24.0,37.0,vnd,30.5
nhân viên digital,nhân viên chính thức,nhân viên,hà nội,2 - 3 năm,"online, social media","truyền thông, tiếp thị, marketing, tiếp thị trực tuyến, quảng cáo, đối ngoại",12 tr - 18 tr vnd,12.0,18.0,vnd,15.0
digital marketing executive,nhân viên chính thức,"trưởng nhóm , giám sát",đà nẵng,trên 3 năm,"chuyên viên social media, marketer, chuyên viên pr marketing, online marketing executive, marketing executive, nhân viên marketing online, marketing specialist, nhân viên marketing, chuyên viên marketing online, marketing operations officer","tiếp thị, marketing",trên 19 tr vnd,19.0,0.0,vnd,9.5
retail associate nhân viên bán hàng,nhân viên chính thức,nhân viên,hà nội,1 - 3 năm,"store manager, nhân viên bán hàng, sales staff","bán sỉ, kinh doanh, nhà hàng, khách sạn, bán hàng, bán lẻ",10 tr - 18 tr vnd,10.0,18.0,vnd,14.0
site manager,nhân viên chính thức,"trưởng nhóm , giám sát",hồ chí minh,trên 3 năm,"kỹ sư thú y, ky su ket cau, site manager renewable energy, chỉ huy trưởng công trình, kỹ sư kỹ thuật công trình thủy, kỹ sư công trình, kỹ sư thiết kế, kiến trúc sư công trình, kỹ sư điều hòa không khí, construction manager","điện tử, điện lạnh, điện, kiến trúc",trên 20 tr vnd,20.0,0.0,vnd,10.0
senior content writer,nhân viên chính thức,nhân viên,hà nội,2 - 3 năm,Unknown,"tiếp thị, marketing, truyền hình, báo chí, biên phiên dịch, biên tập",12 tr - 17 tr vnd,12.0,17.0,vnd,14.5
nhân viên video editor,nhân viên chính thức,nhân viên,hà nội,1 - 2 năm,Unknown,"tiếp thị, marketing, truyền hình, thiết kế, báo chí, nghệ thuật, biên tập, mỹ thuật",10 tr - 12 tr vnd,10.0,12.0,vnd,11.0
national retail sales director giám đốc bán lẻ toàn quốc,nhân viên chính thức,quản lý,hồ chí minh,trên 3 năm,"national retail sales director, giám đốc bán lẻ toàn quốc, sales manager, giám đốc kinh doanh","bán sỉ, kinh doanh, bán hàng, bán lẻ, thực phẩm & đồ uống","trên 2,000 usd",50.0,0.0,usd,25.0
qc engineer bình thạnh lương up to 15 000 000 net vnđ,nhân viên chính thức,nhân viên,hồ chí minh,1 - 3 năm,Unknown,"môi trường, quản lý chất lượng (qa, ngành khác, qc)",14 tr - 15 tr vnd,14.0,15.0,vnd,14.5
chuyên viên khách hàng cá nhân phòng giao dịch tân hòa cn đồng nai,nhân viên chính thức,nhân viên,đồng nai,không yêu cầu,chuyên viên khách hàng cá nhân phòng giao dịch tân hòa cn. đồng nai cn.,"tài chính, ngân hàng, dịch vụ khách hàng, đầu tư",9 tr - 35 tr vnd,9.0,35.0,vnd,22.0
nhân viên video editor quay cơ bản upto 15m,nhân viên chính thức,nhân viên,hà nội,trên 1 năm,"video editor, marketing executive, nhân viên video editor quay cơ bản upto m, biên tập viên, nhân viên biên tập tin nội bộ, nhân viên marketing, editor","kinh doanh, truyền hình, thiết kế, báo chí, bán hàng, nghệ thuật, biên tập, mỹ thuật",10 tr - 15 tr vnd,10.0,15.0,vnd,12.5
middle fullstack engineer,nhân viên chính thức,nhân viên,hồ chí minh,trên 3 năm,Unknown,cntt - phần mềm,18 tr - 25 tr vnd,18.0,25.0,vnd,21.5
management trainee program,nhân viên chính thức,nhân viên,hồ chí minh,không yêu cầu,Unknown,"kế toán, nhân sự, kiểm toán, tài chính, đầu tư",8 tr - 14 tr vnd,8.0,14.0,vnd,11.0
automation service engineers,nhân viên chính thức,nhân viên,hồ chí minh,1 - 2 năm,technical assistant,"điện, điện tử, cơ khí, điện lạnh, ô tô, tự động hóa",550 - 700 usd,13.75,17.5,usd,15.625
intern frontend japanese n4,nhân viên chính thức,"sinh viên, thực tập sinh",hồ chí minh,không yêu cầu,"javascript, frontend, developer, lập trình, japanese n4, japanese, software developer",cntt - phần mềm,"4 tr - 6,9 tr vnd",4.0,6.9,vnd,5.45
sales executive assistant biên hòa đồng nai 15mil gross ưu tiên nam có bằng lái xe b2,nhân viên chính thức,nhân viên,đồng nai,3 - 5 năm,"mil gross, assistant director, ưu tiên nam có bằng lái xe b, trợ lý quản lý, assistant manager, trợ lý giám đốc, điều hành, sales executive assistant biên hòa đồng nai, kiêm nhân viên hành chính văn phòng","kinh doanh, xây dựng, bán hàng, cơ khí, ô tô, tự động hóa",12 tr - 15 tr vnd,12.0,15.0,vnd,13.5
110372 sales engineer factory automation,nhân viên chính thức,nhân viên,hồ chí minh,trên 3 năm,"service engineer, kỹ sư kinh doanh, kỹ sư bán hàng, sales engineer factory automation","ô tô, cơ khí, tự động hóa",20 tr - 30 tr vnd,20.0,30.0,vnd,25.0
hoàng mai nhân viên kỹ thuật sửa chữa bảo trì điều hòa,nhân viên chính thức,nhân viên,hà nội,trên 1 năm,Unknown,"điện tử, điện lạnh, điện",10 tr - 20 tr vnd,10.0,20.0,vnd,15.0
php developer,nhân viên chính thức,nhân viên,hồ chí minh,4 - 6 năm,php engineer,"mạng, cntt - phần mềm, cntt - phần cứng",20 tr - 25 tr vnd,20.0,25.0,vnd,22.5
109832 japanese speaking cad engineer automotive kỹ sư cad ngành ô tô,nhân viên chính thức,nhân viên,hà nội,lên đến 1 năm,"nhân viên phòng khai thác phát triển mẫu, designer, nhân viên thiết kế khuôn mẫu ngành nhựa, kỹ sư cad tiếng nhật ngành ô tô, japanese speaking cad engineer automotive, design engineer, nhân viên cad 3d, formwork specialist, trợ lý chế tạo khuôn mẫu, nhân viên thiết kế","ô tô, cơ khí, tự động hóa",12 tr - 23 tr vnd,12.0,23.0,vnd,17.5
owner representative working for pullman hai phong grand,nhân viên chính thức,giám đốc,hải phòng,10 - 30 năm,Unknown,quản lý điều hành,"trên 3,000 usd",75.0,0.0,usd,37.5
chuyên viên khách hàng cá nhân cn đồng nai,nhân viên chính thức,nhân viên,đồng nai,không yêu cầu,chuyên viên khách hàng cá nhân cn. đồng nai cn.,"tài chính, ngân hàng, dịch vụ khách hàng, đầu tư",9 tr - 35 tr vnd,9.0,35.0,vnd,22.0
video editor,nhân viên chính thức,nhân viên,hà nội,2 - 3 năm,Unknown,"truyền thông, tiếp thị, marketing, quảng cáo, đối ngoại",12 tr - 15 tr vnd,12.0,15.0,vnd,13.5
chăm sóc khách hàng vietjet air line tiếng anh không yêu cầu kinh nghiệm,nhân viên chính thức,nhân viên,hồ chí minh,không yêu cầu, chăm sóc khách hàng vietjet air line tiếng anh không yêu cầu kinh nghiệm,"hàng không, dịch vụ khách hàng","8 tr - 8,5 tr vnd",8.0,8.5,vnd,8.25
fresher front end developer,nhân viên chính thức,nhân viên,hồ chí minh,không yêu cầu,Unknown,cntt - phần mềm,7 tr - 8 tr vnd,7.0,8.0,vnd,7.5
nhân viên kinh doanh đồng nai,nhân viên chính thức,nhân viên,đồng nai,1 - 2 năm,"đại diện kinh doanh, nhân viên phòng kinh doanh, sales executive, salesman, sales dept, sales engineer, nhân viên bán hàng, telesales, đại diện bán hàng, chuyên viên kinh doanh","bán lẻ, bán hàng, bán sỉ, kinh doanh",6 tr - 20 tr vnd,6.0,20.0,vnd,13.0
digital marketing manager,nhân viên chính thức,quản lý,hà nội,3 - 5 năm,Unknown,"tiếp thị, marketing","lên đến 1,000 usd",0.0,25.0,usd,12.5
110854 korean taiwanese mandarin singaporean english required sales executive residential brokerage,nhân viên chính thức,nhân viên,hồ chí minh,trên 3 năm," korean, singaporean english required sales executive residential brokerage, nhân viên kinh doanh, chuyên viên bán hàng, taiwanese mandarin, quản lý kinh doanh, nhân viên bán hàng, sales supervisor, chuyên viên kinh doanh",bất động sản,37 tr - 50 tr vnd,37.0,50.0,vnd,43.5
thực tập sinh data kho,thực tập,"sinh viên, thực tập sinh",bắc ninh,không yêu cầu,"sinh viên thực tập, nhân viên thực tập, internship, nhân viên thực tập nước ngoài","kho vận, kế toán, thống kê, vận chuyển, kiểm toán, giao nhận",8 tr - 9 tr vnd,8.0,9.0,vnd,8.5
112291 compliance and security staff fintech,nhân viên chính thức,nhân viên,hồ chí minh,trên 5 năm,Unknown,"kế toán, tài chính, kiểm toán, đầu tư",25 tr - 30 tr vnd,25.0,30.0,vnd,27.5
kỹ thuật khai thác khuôn mẫu pcc molding engineering tooling engineering,nhân viên chính thức,nhân viên,long an,3 - 5 năm,"kỹ thuật khai thác khuôn mẫu, giày da","sản xuất, dệt may, thiết kế, thời trang, da giày, nghệ thuật, vận hành sản xuất, mỹ thuật",13 tr - 18 tr vnd,13.0,18.0,vnd,15.5
nhân viên seo content writer,nhân viên chính thức,nhân viên,hà nội,1 - 2 năm,Unknown,"truyền thông, tiếp thị, marketing, quảng cáo, đối ngoại, đào tạo, giáo dục",10 tr - 13 tr vnd,10.0,13.0,vnd,11.5
mechanical electrical quantity surveyor,nhân viên chính thức,nhân viên,hồ chí minh,trên 1 năm,"kỹ sư định giá, kỹ sư định giá xây dựng","xây dựng, kiến trúc",15 tr - 20 tr vnd,15.0,20.0,vnd,17.5
cửa hàng trưởng đồng nai,nhân viên chính thức,"trưởng nhóm , giám sát",đồng nai,lên đến 1 năm,Unknown,"bán lẻ, bán hàng, bán sỉ, kinh doanh","13,5 tr - 18 tr vnd",13.5,18.0,vnd,15.75
nhân viên it quản trị hệ thống,nhân viên chính thức,nhân viên,hà nội,1 - 3 năm,Unknown,"mạng, cntt - phần cứng",10 tr - 15 tr vnd,10.0,15.0,vnd,12.5
lead senior digital performance marketing,nhân viên chính thức,nhân viên,hồ chí minh,3 - 10 năm,"social media, online, senior digital performance marketing, lead","truyền thông, tiếp thị trực tuyến, quảng cáo, cntt - phần mềm, đối ngoại","1,000 - 3,000 usd",25.0,75.0,usd,50.0
nhân viên tư vấn gói sức khỏe petro viet nam data sẵn đã sử dụng sản phẩm,nhân viên chính thức,nhân viên,hồ chí minh,1 - 2 năm,Unknown,"bán hàng, bảo hiểm, dịch vụ khách hàng, kinh doanh","6,5 tr - 12 tr vnd",6.5,12.0,vnd,9.25
senior leader hardware engineer mảng gia dụng,nhân viên chính thức,"trưởng nhóm , giám sát",hà nội,trên 5 năm,"senior, leader hardware engineer","điện, mạng, điện tử, cntt - phần cứng, điện lạnh",20 tr - 30 tr vnd,20.0,30.0,vnd,25.0
nhân viên quay dựng video video editor,nhân viên chính thức,nhân viên,hà nội,trên 2 năm,editor,"tiếp thị, marketing, truyền hình, thiết kế, báo chí, nghệ thuật, biên tập, mỹ thuật",12 tr - 17 tr vnd,12.0,17.0,vnd,14.5
it business analyst msb 1y563,nhân viên chính thức,nhân viên,hà nội,2 - 3 năm,"mysql, data analyst, business analyst, it business analyst","cntt - phần mềm, ngân hàng","1,000 - 1,500 usd",25.0,37.5,usd,31.25
nhân viên it,nhân viên chính thức,nhân viên,đà nẵng,2 - 3 năm,Unknown,"mạng, cntt - phần mềm, cntt - phần cứng",8 tr - 10 tr vnd,8.0,10.0,vnd,9.0
quality manager,nhân viên chính thức,quản lý,bình dương,trên 4 năm,"qa, quản lý hệ thống chất lượng, quality assurance, qc, quality control","bảo trì, sản xuất, sửa chữa, qc), quản lý chất lượng (qa, vận hành sản xuất",24 tr - 26 tr vnd,24.0,26.0,vnd,25.0
quản lí triển khai,nhân viên chính thức,quản lý,hà nội,3 - 5 năm,Unknown,"bán hàng, kinh doanh",25 tr - 35 tr vnd,25.0,35.0,vnd,30.0
nhân viên chăm sóc khách hàng vietjet air thuần cskh không sale,nhân viên chính thức,mới tốt nghiệp,hồ chí minh,không yêu cầu, nhân viên chăm sóc khách hàng vietjet air thuần cskh không sale,"bán lẻ, du lịch, hàng không, bán sỉ","6,4 tr - 8,2 tr vnd",6.4,8.2,vnd,7.3
chuyên viên bim revit cơ điện,nhân viên chính thức,nhân viên,hồ chí minh,5 - 7 năm,Unknown,"điện, xây dựng, điện tử, cơ khí, điện lạnh, ô tô, tự động hóa",20 tr - 30 tr vnd,20.0,30.0,vnd,25.0
sales engineer kỹ sư kinh doanh,nhân viên chính thức,nhân viên,hồ chí minh,2 - 4 năm,"technical sales engineer, engineer consultant, sales engineer","điện, kinh doanh, điện tử, bán hàng, điện lạnh",20 tr - 30 tr vnd,20.0,30.0,vnd,25.0
it business analyst,nhân viên chính thức,nhân viên,hồ chí minh,1 - 2 năm,"software business analyst, web product mananger, chuyên viên phân tích hệ thống, it product mananger, phân tích hệ thống kinh doanh, it business support analyst, hệ thống thông tin quản lý","mạng, cntt - phần mềm, cntt - phần cứng",10 tr - 12 tr vnd,10.0,12.0,vnd,11.0
tổng đài vietjet air – không yêu cầu kinh nghiệm – đào tạo có lương,nhân viên chính thức,nhân viên,hồ chí minh,không yêu cầu, tổng đài vietjet air – không yêu cầu kinh nghiệm – đào tạo có lương,dịch vụ khách hàng,6 tr - 7 tr vnd,6.0,7.0,vnd,6.5
nhân viên triển khai bản vẽ,nhân viên chính thức,nhân viên,hồ chí minh,trên 2 năm,nhân viên rebro mep,"điện, xây dựng, điện tử, điện lạnh, kiến trúc",14 tr - 25 tr vnd,14.0,25.0,vnd,19.5
nhân viên kinh doanh bán hàng quận hoàng mai hà nội,nhân viên chính thức,nhân viên,hà nội,không yêu cầu,"đại diện kinh doanh, nhân viên phòng kinh doanh, sales executive, salesman, sales dept, sales engineer, nhân viên bán hàng, telesales, đại diện bán hàng, chuyên viên kinh doanh","điện, kinh doanh, quản lý điều hành, điện tử, bán hàng, điện lạnh",6 tr - 35 tr vnd,6.0,35.0,vnd,20.5
project maintenance engineer,nhân viên chính thức,nhân viên,hồ chí minh,2 - 5 năm,"project engineer, maintenance engineer","y tế, bảo trì, dược phẩm, chăm sóc sức khỏe, sửa chữa",18 tr - 22 tr vnd,18.0,22.0,vnd,20.0
nhân viên it,nhân viên chính thức,nhân viên,long an,1 - 2 năm,"it supervisor, it helpdesk, it executive, it support, it specialist, nhân viên tin học, it engineer, it administrator, it staff, it officer","mạng, cntt - phần mềm, cntt - phần cứng",10 tr - 14 tr vnd,10.0,14.0,vnd,12.0
chuyên viên quay dưng video video editor,nhân viên chính thức,nhân viên,hồ chí minh,1 - 2 năm,"nhân viên biên tập tin nội bộ, biên tập viên","truyền thông, tiếp thị, marketing, quảng cáo, thiết kế, đối ngoại, nghệ thuật, mỹ thuật",9 tr - 14 tr vnd,9.0,14.0,vnd,11.5
digital marketing specialist,nhân viên chính thức,nhân viên,hồ chí minh,1 - 3 năm,"digital marketing, junior marketing, marketing executive, xây dựng, cơ khí","tiếp thị, marketing, kinh doanh, xây dựng, bán hàng",10 tr - 15 tr vnd,10.0,15.0,vnd,12.5
lead nlp cv engineer,nhân viên chính thức,nhân viên,hà nội,không yêu cầu,Unknown,"mạng, cntt - phần mềm, cntt - phần cứng",lên đến 50 tr vnd,0.0,50.0,vnd,25.0
nhân viên kinh doanh phần mềm crm website,nhân viên chính thức,nhân viên,hà nội,1 - 2 năm,Unknown,"tiếp thị, kinh doanh, bán sỉ, marketing, bán hàng, bán lẻ",8 tr - 30 tr vnd,8.0,30.0,vnd,19.0
training supervisor,nhân viên chính thức,"trưởng nhóm , giám sát",hồ chí minh,1 - 3 năm,"training assistant, training specialist, chuyên viên đào tạo, trưởng phòng đào tạo, training manager, training, trainer, training supervisor f&b","nhà hàng, đào tạo, khách sạn, giáo dục, thực phẩm & đồ uống",18 tr - 25 tr vnd,18.0,25.0,vnd,21.5
senior php engineer,nhân viên chính thức,nhân viên,hồ chí minh,3 - 10 năm,"fresher php, thiết kế web, web programmer, php developer, lap trinh php, lập trình viên",cntt - phần mềm,30 tr - 40 tr vnd,30.0,40.0,vnd,35.0
nhân viên editor video,nhân viên chính thức,nhân viên,hồ chí minh,1 - 2 năm,Unknown,"tiếp thị, marketing",9 tr - 13 tr vnd,9.0,13.0,vnd,11.0
kỹ sư phần mềm developer react mobile,nhân viên chính thức,nhân viên,hà nội,trên 4 năm,"software engineer, kỹ sư phần mềm developer react mobile ưu tiên biết odoo, lập trình viên, kỹ sư software","mạng, cntt - phần mềm, cntt - phần cứng",20 tr - 28 tr vnd,20.0,28.0,vnd,24.0
back end developer,nhân viên chính thức,nhân viên,hồ chí minh,trên 2 năm,lập trình,cntt - phần mềm,lên đến 25 tr vnd,0.0,25.0,vnd,12.5
giám đốc khách hàng doanh nghiệp tpbank gia lai,nhân viên chính thức,giám đốc,gia lai,3 - 5 năm,Unknown,"kế toán, ngân hàng, kiểm toán, tài chính, đầu tư",30 tr - 35 tr vnd,30.0,35.0,vnd,32.5
giám đốc kỹ thuật sản phẩm wicker furniture,nhân viên chính thức,quản lý,hồ chí minh,5 - 10 năm,"furniture, cơ khí, r&d, nội thất","thiết kế, nghệ thuật, cơ khí, ô tô, mỹ thuật, đồ gỗ, tự động hóa",40 tr - 60 tr vnd,40.0,60.0,vnd,50.0
chuyên viên data architect,nhân viên chính thức,nhân viên,hà nội,trên 2 năm,"javascript, data architect, java, nodejs developer, sql server",cntt - phần mềm,trên 25 tr vnd,25.0,0.0,vnd,12.5
nhân viên kế toán làm việc tại thái nguyên và đồng nai,nhân viên chính thức,nhân viên,đồng nai,1 - 2 năm,accountant,"kế toán, kiểm toán",8 tr - 10 tr vnd,8.0,10.0,vnd,9.0
digital marketing executive,nhân viên chính thức,nhân viên,hồ chí minh,1 - 2 năm,Unknown,"tiếp thị, bán sỉ, marketing, nhà hàng, khách sạn, bán lẻ",12 tr - 16 tr vnd,12.0,16.0,vnd,14.0
it helpdesk,nhân viên chính thức,nhân viên,hà nội,2 - 3 năm,"nhân viên hỗ trợ kỹ thuật, it support, technical assistant, service engineer, it support assistant","mạng, khách sạn, cntt - phần cứng, nhà hàng",10 tr - 13 tr vnd,10.0,13.0,vnd,11.5
automation engineer,nhân viên chính thức,nhân viên,hồ chí minh,không yêu cầu,"kỹ sư giám sát công trình chuyên ngành m e, technical specialist, kỹ sư giám sát thiết kế điện, nhân viên điện công trình, electrical mechanical engineer, kỹ sư điện tại công trường, kỹ sư điện công nghiệp, kỹ sư công trình m e, giám sát m&e, electrical technician","bảo trì, dệt may, sửa chữa, thời trang, da giày, cơ khí, ô tô, tự động hóa",9 tr - 13 tr vnd,9.0,13.0,vnd,11.0
nhân viên digital marketing,nhân viên chính thức,nhân viên,hồ chí minh,2 - 5 năm,"chuyên viên social media, digital marketing manager, chuyên viên pr marketing, online marketing executive, marketing executive, nhân viên marketing online, marketing specialist, nhân viên marketing, chuyên viên marketing online, marketing operations officer","tiếp thị, marketing",11 tr - 15 tr vnd,11.0,15.0,vnd,13.0
senior net developer,nhân viên chính thức,nhân viên,hà nội,trên 3 năm,Unknown,cntt - phần mềm,25 tr - 35 tr vnd,25.0,35.0,vnd,30.0
phú quốc chuyên viên quản lý cơ điện mảng điện nhẹ it dự án park hyatt,nhân viên chính thức,nhân viên,kiên giang,trên 6 năm,"php, vbb, javascript, developer, joomla, jquery, ajax, software engineer, mybb","điện tử, điện lạnh, điện",22 tr - 28 tr vnd,22.0,28.0,vnd,25.0
data engineer upto 25m,nhân viên chính thức,nhân viên,hà nội,trên 2 năm,"công nghệ thông tin, data engineer, nhân viên kỹ thuật it phần mềm, chuyên viên it phần mềm, technical engineer","kinh doanh, mạng, cntt - phần mềm, bán hàng, cntt - phần cứng",18 tr - 40 tr vnd,18.0,40.0,vnd,29.0
website manager,nhân viên chính thức,nhân viên,hà nội,1 - 5 năm,"construction manager, chỉ huy trưởng công trình","cntt - phần mềm, tiếp thị, marketing",trên 500 usd,12.5,0.0,usd,6.25
sales visibility executive,nhân viên chính thức,nhân viên,hồ chí minh,1 - 2 năm,Unknown,"kế toán, kinh doanh, kiểm toán, bán hàng, thực phẩm & đồ uống",8 tr - 10 tr vnd,8.0,10.0,vnd,9.0
technical support engineer,nhân viên chính thức,nhân viên,hà nội,không yêu cầu,"kỹ sư kỹ thuật, technical assurance engineer, technical engineer, kỹ sư hỗ trợ kỹ thuật",cntt - phần mềm,10 tr - 18 tr vnd,10.0,18.0,vnd,14.0
nhân viên cơ điện đồng nai,nhân viên chính thức,nhân viên,đồng nai,trên 1 năm,"công nhân cơ điện, nhân viên cơ điện đồng nai, công nhân điện, electrical worker, công nhân bảo trì cơ điện","vận hành sản xuất, sản xuất","9,5 tr - 11 tr vnd",9.5,11.0,vnd,10.25
nhân viên kỹ thuật ưu tiên nam có bằng lái xe b2 15mil gross vnđ biên hòa đồng nai,nhân viên chính thức,nhân viên,đồng nai,1 - 2 năm,"kỹ thuật viên, technician, nhân viên kỹ thuật ưu tiên nam có bằng lái xe b mil gross vnđ biên hòa đồng nai","kinh doanh, xây dựng, bán hàng, cơ khí, ô tô, tự động hóa",12 tr - 15 tr vnd,12.0,15.0,vnd,13.5
vietjet air project customer service teamleader 10m 12m,nhân viên chính thức,"trưởng nhóm , giám sát",hồ chí minh,1 - 2 năm, vietjet air project customer service teamleader m m,"hàng không, dịch vụ khách hàng",10 tr - 12 tr vnd,10.0,12.0,vnd,11.0
nhân viên kỹ thuật kiêm kinh doanh tại hoàng mai hn,nhân viên chính thức,nhân viên,hà nội,không yêu cầu,"kỹ thuật viên, quản lý bán hàng, nhân viên bán hàng trực tiếp, nhân viên kinh doanh, tư vấn viên bán hàng, kỹ sư kinh doanh, giám sát bán hàng, technician, trưởng phòng kinh doanh, kỹ sư bán hàng","bảo trì, điện, kinh doanh, sửa chữa, điện tử, bán hàng, điện lạnh",8 tr - 25 tr vnd,8.0,25.0,vnd,16.5
nhân viên kinh doanh khu vực bình định gia lai đak nông,nhân viên chính thức,nhân viên,bình định,không yêu cầu,"đại diện kinh doanh, trình dược viên otc, nhân viên phòng kinh doanh, sales executive, salesman, sales dept, nhân viên kinh doanh khu vực bình định gia lai đak nông, nhân viên bán hàng, đại diện bán hàng, chuyên viên kinh doanh","bán sỉ, dược phẩm, kinh doanh, bán hàng, bán lẻ",8 tr - 15 tr vnd,8.0,15.0,vnd,11.5
chuyên viên backend developer,nhân viên chính thức,nhân viên,hà nội,trên 2 năm,"back developer, chuyên viên backend developer mảng mobile app, lập trình, back app",cntt - phần mềm,20 tr - 35 tr vnd,20.0,35.0,vnd,27.5
nodejs backend developer,nhân viên chính thức,nhân viên,hà nội,2 - 4 năm,Unknown,cntt - phần mềm,10 tr - 25 tr vnd,10.0,25.0,vnd,17.5
digital marketing executive,nhân viên chính thức,nhân viên,hồ chí minh,2 - 3 năm,"nhân viên digital marketing, chuyên viên digital marketing, marketing executive, marketing specialist, nhân viên marketing","marketing, tiếp thị, tiếp thị trực tuyến",15 tr - 20 tr vnd,15.0,20.0,vnd,17.5
chuyên viên content digital marketing,nhân viên chính thức,nhân viên,hà nội,trên 1 năm,"online, social media","truyền thông, tiếp thị, marketing, quảng cáo, truyền hình, báo chí, đối ngoại, biên tập",10 tr - 14 tr vnd,10.0,14.0,vnd,12.0
lead data analyst,nhân viên chính thức,"trưởng nhóm , giám sát",hà nội,2 - 3 năm,"data mining, data processing specialist, data processing staff, data processing, data analysis specialist, nhân viên xử lý dữ liệu, cộng tác viên xử lý dữ liệu, data processing officer, data processing executive, data validation","cntt - phần mềm, ngành khác, tiếp thị, marketing",30 tr - 45 tr vnd,30.0,45.0,vnd,37.5
ctv it support,bán thời gian,nhân viên,bình dương,1 - 2 năm,"chuyên viên it, nhân viên it, it support, technical assistant, service engineer, it support assistant, it engineer, it staff, it manager","mạng, cntt - phần cứng",lên đến 5 tr vnd,0.0,5.0,vnd,2.5
chuyên viên digital marketing,nhân viên chính thức,nhân viên,hà nội,2 - 5 năm,"chuyên viên social media, marketer, chuyên viên pr marketing, online marketing executive, marketing executive, nhân viên marketing online, marketing specialist, nhân viên marketing, chuyên viên marketing online, marketing operations officer","y tế, tiếp thị, marketing, dược phẩm, chăm sóc sức khỏe",12 tr - 18 tr vnd,12.0,18.0,vnd,15.0
middle senior testing engineer,nhân viên chính thức,nhân viên,hồ chí minh,trên 3 năm,"qa, manual tester, automation tester, nhân viên kiểm thử phần mềm, qc, chuyên viên kiểm định phần mềm, software tester, quality control",cntt - phần mềm,20 tr - 50 tr vnd,20.0,50.0,vnd,35.0
facilities management manager,nhân viên chính thức,quản lý,long an,5 - 7 năm,"purchasing, purchasing staff, coordinator, associates accountant, executive, specialist, supervisor, manager, staff, nhân viên mua hàng staff, officier","bảo trì, điện, sửa chữa, điện tử, ngành khác, điện lạnh",32 tr - 35 tr vnd,32.0,35.0,vnd,33.5
chuyên viên qhkh cá nhân cn gia lai,nhân viên chính thức,nhân viên,gia lai,1 - 2 năm,"chuyên viên quan hệ khách hàng, gia lai, chuyên viên tín dụng khách hàng cá nhân, cho vay thế chấp, nhân viên tín dụng, chuyên viên kinh doanh bất động sản, chuyên viên đầu tư tài chính, nhân viên ngân hàng, nhân viên kinh doanh bảo hiểm, chuyên viên quản lý quan hệ khách hàng cá nhân","tài chính, ngân hàng, bất động sản, đầu tư",10 tr - 20 tr vnd,10.0,20.0,vnd,15.0
nhân viên kỹ thuật khai thác vận hành mạng isp,nhân viên chính thức,nhân viên,hồ chí minh,2 - 3 năm,"kỹ thuật viên, kỹ thuật viên bảo trì, technician, kỹ thuật bảo trì, kỹ thuật viên bảo trì mạng internet","bưu chính viễn thông, điện tử, điện lạnh, điện",8 tr - 10 tr vnd,8.0,10.0,vnd,9.0
kỹ thuật viên it chuyên thi công lắp đặt cài đặt camera,nhân viên chính thức,nhân viên,hồ chí minh,2 - 3 năm,"kỹ thuật viên it chuyên thi công lắp đặt cài đặt camera, chuyên viên it, nhân viên it, it executive, lắp đặt camera, it specialist, kỹ sư hệ thống, it engineer, chuyên viên it network, system engineer","bưu chính viễn thông, mạng, cntt - phần cứng",8 tr - 10 tr vnd,8.0,10.0,vnd,9.0
ai artist,nhân viên chính thức,nhân viên,hồ chí minh,lên đến 1 năm,Unknown,"thiết kế, nghệ thuật, mỹ thuật",10 tr - 12 tr vnd,10.0,12.0,vnd,11.0
digital marketing,nhân viên chính thức,nhân viên,hà nội,1 - 5 năm,Unknown,"tiếp thị, dược phẩm, marketing, thiết kế, nghệ thuật, mỹ thuật",10 tr - 15 tr vnd,10.0,15.0,vnd,12.5
109859 project sales engineer electrical equipment kỹ sư bán hàng dự án thiết bị điện,nhân viên chính thức,nhân viên,hà nội,trên 1 năm,Unknown,"điện, kinh doanh, điện tử, bán hàng, điện lạnh",20 tr - 30 tr vnd,20.0,30.0,vnd,25.0
nhân viên phát triển thị trường khu vực biên hòa đồng nai,nhân viên chính thức,nhân viên,đồng nai,không yêu cầu,Unknown,"tiếp thị, kinh doanh, bán sỉ, marketing, bán hàng, bán lẻ",11 tr - 20 tr vnd,11.0,20.0,vnd,15.5
trưởng nhóm digital marketing,nhân viên chính thức,"trưởng nhóm , giám sát",hà nội,2 - 3 năm,Unknown,"truyền thông, tiếp thị, marketing, tiếp thị trực tuyến, quảng cáo, đối ngoại",16 tr - 20 tr vnd,16.0,20.0,vnd,18.0
nhân viên it,nhân viên chính thức,nhân viên,hà nội,2 - 5 năm,"it specialist, it executive, it staff","mạng, cntt - phần mềm, cntt - phần cứng",12 tr - 14 tr vnd,12.0,14.0,vnd,13.0
java developer,nhân viên chính thức,"trưởng nhóm , giám sát",hồ chí minh,lên đến 3 năm,"game developer, asp net software developer, advert developer, .net developer, net android ios programmer, frontend developer, java android programmer, software developer, lập trình viên, embedded software engineer",cntt - phần mềm,lên đến 60 tr vnd,0.0,60.0,vnd,30.0
109864 air conditioning and sanitary equipment engineer,nhân viên chính thức,nhân viên,quảng ninh,trên 8 năm,Unknown,"sửa chữa, xây dựng, bảo trì, ngành khác",25 tr - 35 tr vnd,25.0,35.0,vnd,30.0
chuyên viên facebook ads website,nhân viên chính thức,nhân viên,hà nội,1 - 2 năm,"php, .net, javascript, c++, c, developer, chuyên viên facebook ads website, java, frontend, nodejs, lập trình","tiếp thị, marketing, kinh doanh, bán hàng, xuất nhập khẩu",15 tr - 30 tr vnd,15.0,30.0,vnd,22.5
chuyên viên đào tạo training executive lương từ 10 15 triệu,nhân viên chính thức,nhân viên,hồ chí minh,1 - 2 năm,"training, đào tạo, chuyên viên đào tạo training executive lương từ triệu, trainer","kinh doanh, dịch vụ khách hàng, đào tạo, bán hàng, giáo dục",10 tr - 15 tr vnd,10.0,15.0,vnd,12.5
database administrator,nhân viên chính thức,nhân viên,hồ chí minh,3 - 6 năm,"data mining, data processing specialist, data processing, nhân viên xử lý dữ liệu, data analyst, data analysis specialist, cộng tác viên xử lý dữ liệu, data processing officer, data processing executive, data validation","mạng, cntt - phần mềm, cntt - phần cứng",trên 30 tr vnd,30.0,0.0,vnd,15.0
nhân viên telesale có sẵn data,nhân viên chính thức,nhân viên,hà nội,1 - 2 năm,Unknown,"kinh doanh, đào tạo, bán hàng, giáo dục, tư vấn",10 tr - 15 tr vnd,10.0,15.0,vnd,12.5
111054 digital marketing manager logistics,nhân viên chính thức,quản lý,hồ chí minh,trên 3 năm," digital marketing manager logistics, online marketing manager","vận chuyển, giao nhận, kho vận",25 tr - 28 tr vnd,25.0,28.0,vnd,26.5
thực tập sinh triển khai giải pháp,bán thời gian,"sinh viên, thực tập sinh",hà nội,không yêu cầu,"sinh viên thực tập, nhân viên thực tập, internship, nhân viên thực tập nước ngoài, thực tập sinh triển khai giải pháp","thực tập, mới tốt nghiệp",trên 4 tr vnd,4.0,0.0,vnd,2.0
nhân viên digital marketing,nhân viên chính thức,nhân viên,hà nội,2 - 3 năm,"chuyên viên social media, marketer, chuyên viên pr marketing, online marketing executive, marketing executive, nhân viên marketing online, marketing specialist, chuyên viên marketing online, nhân viên marketing","tiếp thị, marketing, truyền hình, báo chí, hàng gia dụng, chăm sóc cá nhân, biên tập",12 tr - 15 tr vnd,12.0,15.0,vnd,13.5
chuyên viên tư vấn triển khai dự án phòng cháy chữa cháy,nhân viên chính thức,nhân viên,đồng nai,3 - 5 năm,Unknown,"điện, điện tử, xây dựng, cơ khí, ô tô, điện lạnh, tự động hóa",22 tr - 30 tr vnd,22.0,30.0,vnd,26.0
business analyst chuyên viên phân tích nghiệp vụ domain fintech,nhân viên chính thức,nhân viên,hà nội,trên 2 năm,financial analyst,"tài chính, cntt - phần mềm, ngành khác, đầu tư",12 tr - 30 tr vnd,12.0,30.0,vnd,21.0
nhân viên quản lý tiêu chuẩn sức khỏe môi trường standard audit health environment,nhân viên chính thức,nhân viên,vũng tàu,3 - 5 năm,Unknown,"môi trường, an toàn lao động",13 tr - 20 tr vnd,13.0,20.0,vnd,16.5
kỹ sư hệ thống system engineer,nhân viên chính thức,nhân viên,hồ chí minh,trên 1 năm,system engineer,"mạng, cntt - phần mềm, cntt - phần cứng",lên đến 30 tr vnd,0.0,30.0,vnd,15.0
it system administrator,nhân viên chính thức,nhân viên,bình dương,2 - 5 năm,"information system officer, system it, it system administrator, system administrator, information system specialist, system engineer","điện, mạng, cntt - phần mềm, điện tử, cntt - phần cứng, điện lạnh",17 tr - 25 tr vnd,17.0,25.0,vnd,21.0
trưởng nhóm digital marketing,nhân viên chính thức,"trưởng nhóm , giám sát",hà nội,1 - 3 năm,Unknown,"tiếp thị, marketing, kinh doanh, tiếp thị trực tuyến, bán hàng",16 tr - 22 tr vnd,16.0,22.0,vnd,19.0
việc làm sale siêu thị gia lai,nhân viên chính thức,nhân viên,gia lai,không yêu cầu,"việc làm pg siêu thị, việc làm siêu thị gia lai","bán sỉ, kinh doanh, bán hàng, bán lẻ, thực phẩm & đồ uống","7,5 tr - 12 tr vnd",7.5,12.0,vnd,9.75
chemical engineer,nhân viên chính thức,nhân viên,đồng nai,không yêu cầu,"kỹ sư hóa chất, kỹ sư hóa học","hóa học, sản xuất, thực tập, mới tốt nghiệp, vận hành sản xuất",9 tr - 10 tr vnd,9.0,10.0,vnd,9.5
chuyên viên tư vấn bất động sản căn hộ lương cứng lên đến 11tr data đào tạo,nhân viên chính thức,mới tốt nghiệp,hồ chí minh,không yêu cầu,"real estate agent, real estate broker, sales executive, real estate salesperson, chuyên viên kinh doanh bất động sản, nhân viên kinh doanh bất động sản, real estate consultant","bán hàng, ngân hàng, bất động sản, kinh doanh",50 tr - 200 tr vnd,50.0,200.0,vnd,125.0
chuyên viên khách hàng cá nhân phòng giao dịch tân hòa cn đồng nai,nhân viên chính thức,nhân viên,đồng nai,không yêu cầu,chuyên viên khách hàng cá nhân cn. đồng nai cn.,"tài chính, ngân hàng, dịch vụ khách hàng, đầu tư",9 tr - 35 tr vnd,9.0,35.0,vnd,22.0
training teamleader,nhân viên chính thức,"trưởng nhóm , giám sát",hồ chí minh,1 - 2 năm,Unknown,"nhà hàng, đào tạo, khách sạn, giáo dục, thực phẩm & đồ uống",20 tr - 25 tr vnd,20.0,25.0,vnd,22.5
senior it governance specialist,nhân viên chính thức,nhân viên,hồ chí minh,3 - 5 năm,"it admin, it supervisor, kỹ sư quản trị mạng, chuyên viên quản trị mạng, network engineer, network administrator, nhân viên quản trị mạng, it administrator","mạng, cntt - phần mềm, ngân hàng, cntt - phần cứng","1,000 - 1,500 usd",25.0,37.5,usd,31.25
nhân viên kinh doanh tại hoàng mai hà nội,nhân viên chính thức,nhân viên,hà nội,không yêu cầu,"đại diện kinh doanh, nhân viên phòng kinh doanh, sales executive, salesman, sales dept, sales engineer, nhân viên bán hàng, telesales, đại diện bán hàng, chuyên viên kinh doanh","kinh doanh, thực tập, dịch vụ khách hàng, bán hàng, mới tốt nghiệp",9 tr - 45 tr vnd,9.0,45.0,vnd,27.0
chuyên viên digital marketing,nhân viên chính thức,nhân viên,hà nội,1 - 2 năm,"nhân viên digital marketing, chuyên viên digital marketing, digital marketing executive, digital marketing officer, digital marketing specialist","truyền thông, tiếp thị, marketing, tiếp thị trực tuyến, quảng cáo, đối ngoại",15 tr - 20 tr vnd,15.0,20.0,vnd,17.5
nhân viên nội dung website,nhân viên chính thức,nhân viên,hà nội,trên 1 năm,"website content writer, content staff, content executive, biên tập nội dung website, copywriter","tiếp thị, marketing",9 tr - 15 tr vnd,9.0,15.0,vnd,12.0
111015 mechanical engineer site supervisor construction,nhân viên chính thức,nhân viên,hải phòng,3 - 5 năm,"site supervisor hp construction, mechanical engineer, kỹ sư cơ khí, mechanical engineer, kỹ sư cơ giới, kỹ sư cơ khí ô tô động lực","ô tô, cơ khí, tự động hóa",15 tr - 21 tr vnd,15.0,21.0,vnd,18.0
nhân viên it helpdesk,nhân viên chính thức,nhân viên,hồ chí minh,không yêu cầu,"& it, phụ trách kỹ thuật, nhân viên hỗ trợ kỹ thuật, it support, technical assistant, service engineer, it support assistant, it support staff, it staff, nhân viên it helpdesk, it officer","mạng, cntt - phần cứng",10 tr - 15 tr vnd,10.0,15.0,vnd,12.5
nhân viên kinh doanh khu vực lai châu sơn la điện biên,nhân viên chính thức,nhân viên,sơn la,1 - 2 năm,Unknown,"bán hàng, tư vấn, dịch vụ khách hàng, kinh doanh",10 tr - 30 tr vnd,10.0,30.0,vnd,20.0
digital marketing,nhân viên chính thức,nhân viên,hà nội,1 - 2 năm,Unknown,"truyền thông, tiếp thị, marketing, tiếp thị trực tuyến, quảng cáo, đối ngoại",15 tr - 30 tr vnd,15.0,30.0,vnd,22.5
nhân viên it,nhân viên chính thức,nhân viên,hưng yên,2 - 15 năm,"it supervisor, it helpdesk, it executive, it support, it specialist, it engineer, it administrator, it staff, it officer","bảo trì, sửa chữa, mạng, cntt - phần mềm, cntt - phần cứng",10 tr - 15 tr vnd,10.0,15.0,vnd,12.5
senior java developer squad lead – msb 1y560,nhân viên chính thức,nhân viên,hà nội,3 - 4 năm,"javascript, java developer team leader, java developer, j2ee","cntt - phần mềm, ngân hàng","1,000 - 3,000 usd",25.0,75.0,usd,50.0
chuyên viên kinh doanh dự án it,nhân viên chính thức,nhân viên,hà nội,trên 1 năm,Unknown,"bán sỉ, kinh doanh, mạng, bán hàng, cntt - phần cứng, bán lẻ",15 tr - 17 tr vnd,15.0,17.0,vnd,16.0
112496 mechanical application engineer machinery,nhân viên chính thức,nhân viên,hồ chí minh,3 - 5 năm," mechanical application engineer machinery, kỹ sư ứng dụng","sản xuất, cơ khí, vận hành sản xuất, ô tô, tự động hóa",25 tr - 50 tr vnd,25.0,50.0,vnd,37.5
recruitment team leader,nhân viên chính thức,"trưởng nhóm , giám sát",hồ chí minh,2 - 3 năm,"giám sát tuyển dụng, executive recruitment, training and recruitment specialist, talent acquisition, senior recruitment consultant, recrutment supervior, human resource, trưởng nhóm tuyển dụng, hr recruitment","y tế, nhân sự, bán sỉ, chăm sóc sức khỏe, bán lẻ",10 tr - 18 tr vnd,10.0,18.0,vnd,14.0
tuyển nhân viên quay dựng editor,nhân viên chính thức,nhân viên,hà nội,trên 1 năm,"nhân viên biên tập tin nội bộ, linux + audio video, biên tập viên, editor","truyền thông, truyền hình, báo chí, quảng cáo, đối ngoại, biên tập",trên 15 tr vnd,15.0,0.0,vnd,7.5
internal auditor,nhân viên chính thức,nhân viên,đồng nai,không yêu cầu,"kiểm toán nhà nước, kiểm toán tư nhân, external auditor, chuyên viên kiểm toán, trưởng nhóm kiểm toán, auditing supervisor, auditor, kiểm toán viên","kế toán, hành chính, kiểm toán, tài chính, thư ký, đầu tư",10 tr - 12 tr vnd,10.0,12.0,vnd,11.0
chuyên viên data analyst,nhân viên chính thức,nhân viên,hà nội,2 - 3 năm,"data mining, data processing specialist, data processing staff, data processing, data analysis specialist, nhân viên xử lý dữ liệu, cộng tác viên xử lý dữ liệu, data processing officer, data processing executive, data validation","cntt - phần mềm, ngành khác, tiếp thị, marketing",18 tr - 25 tr vnd,18.0,25.0,vnd,21.5
senior developer,nhân viên chính thức,"trưởng nhóm , giám sát",hà nội,3 - 7 năm,Unknown,"y tế, chăm sóc sức khỏe, mạng, cntt - phần mềm, cntt - phần cứng",30 tr - 40 tr vnd,30.0,40.0,vnd,35.0
it helpdesk,nhân viên chính thức,nhân viên,đồng nai,3 - 5 năm,Unknown,"bán sỉ, kinh doanh, mạng, bán hàng, cntt - phần cứng, bán lẻ",10 tr - 14 tr vnd,10.0,14.0,vnd,12.0
chuyên viên digital performence ecommerce,nhân viên chính thức,nhân viên,hà nội,1 - 2 năm,Unknown,"truyền thông, tiếp thị, marketing, tiếp thị trực tuyến, quảng cáo, đối ngoại",10 tr - 15 tr vnd,10.0,15.0,vnd,12.5
kỹ sư thiết kế cơ khí – mechanical engineer,nhân viên chính thức,nhân viên,hồ chí minh,trên 3 năm,"mechanical engineer, chuyên viên cơ khí, kỹ sư cơ khí, kỹ sư giám sát thiết kế cơ khí, kỹ sư cơ giới","điện, điện tử, cơ khí, điện lạnh, ô tô, tự động hóa",15 tr - 30 tr vnd,15.0,30.0,vnd,22.5
chuyên viên digital marketing,nhân viên chính thức,nhân viên,hồ chí minh,1 - 2 năm,Unknown,"tiếp thị, marketing, kinh doanh, tiếp thị trực tuyến, bán hàng",13 tr - 16 tr vnd,13.0,16.0,vnd,14.5
hcm ecommerce seo content writer executive,nhân viên chính thức,nhân viên,hồ chí minh,không yêu cầu,Unknown,"truyền thông, tiếp thị, marketing, truyền hình, báo chí, quảng cáo, đối ngoại, biên tập",8 tr - 10 tr vnd,8.0,10.0,vnd,9.0
quality assurance dept manager high salary,nhân viên chính thức,quản lý,hưng yên,trên 20 năm,"nhân viên quản lý chất lượng, quality control","quản lý chất lượng (qa, qc)","2,000 - 4,000 usd",50.0,100.0,usd,75.0
nhân viên it văn phòng,nhân viên chính thức,nhân viên,hà nội,1 - 2 năm,"it supervisor, it helpdesk, it executive, it support, it specialist, nhân viên tin học, it engineer, it administrator, it staff, nhân viên it văn phòng, it officer","mạng, cntt - phần mềm, cntt - phần cứng",10 tr - 15 tr vnd,10.0,15.0,vnd,12.5
chuyên viên digital marketing,nhân viên chính thức,nhân viên,hồ chí minh,2 - 5 năm,"chuyên viên social media, marketer, chuyên viên pr marketing, chuyên viên digital marketing, online marketing executive, marketing executive, nhân viên marketing online, marketing specialist, nhân viên marketing, chuyên viên marketing online, marketing operations officer","tiếp thị, marketing",15 tr - 18 tr vnd,15.0,18.0,vnd,16.5
expert data scientist,nhân viên chính thức,nhân viên,hà nội,trên 5 năm,Unknown,cntt - phần mềm,30 tr - 50 tr vnd,30.0,50.0,vnd,40.0
nhân viên digital marketing,nhân viên chính thức,nhân viên,hà nội,không yêu cầu,"chuyên viên social media, marketer, chuyên viên pr marketing, online marketing executive, marketing executive, nhân viên marketing online, marketing specialist, nhân viên marketing, chuyên viên marketing online, marketing operations officer","truyền thông, tiếp thị, marketing, truyền hình, báo chí, quảng cáo, đối ngoại, biên tập",13 tr - 16 tr vnd,13.0,16.0,vnd,14.5
solar technical engineering manager,nhân viên chính thức,quản lý,hồ chí minh,4 - 5 năm,"design engineering, thiết kế điện, solar, điện năng lượng mặt trời, năng lượng tái tạo, solar farm, technical support engineer, quản lý kỹ thuật, technical manager","điện, xây dựng, điện tử, điện lạnh, kiến trúc",30 tr - 40 tr vnd,30.0,40.0,vnd,35.0
giao dịch viên tài chính tại pnj nhơn trạch đồng nai,nhân viên chính thức,nhân viên,đồng nai,lên đến 1 năm,"sales, chăm sóc khách hàng, dịch vụ khách hàng, nhân viên kinh doanh, nhân viên bán hàng, tư vấn","bán hàng, tư vấn, dịch vụ khách hàng, kinh doanh",9 tr - 20 tr vnd,9.0,20.0,vnd,14.5
nhân viên digital marketing,nhân viên chính thức,nhân viên,hồ chí minh,1 - 2 năm,"chuyên viên social media, marketer, chuyên viên pr marketing, online marketing executive, marketing executive, nhân viên marketing online, marketing specialist, nhân viên marketing, chuyên viên marketing online, marketing operations officer","truyền thông, tiếp thị, tiếp thị trực tuyến, marketing, quảng cáo, đối ngoại",10 tr - 15 tr vnd,10.0,15.0,vnd,12.5
chuyên viên data analyst,nhân viên chính thức,nhân viên,hà nội,2 - 3 năm,"data mining, data processing specialist, data processing, data analyst, cộng tác viên xử lý dữ liệu, data processing officer, chuyên viên phân tích dữ liệu, data processing executive","bán lẻ, bán sỉ",18 tr - 25 tr vnd,18.0,25.0,vnd,21.5
digital commerce executive,nhân viên chính thức,"trưởng nhóm , giám sát",hồ chí minh,5 - 8 năm,"chuyên viên tư vấn, digital optimization, seo, search enginer marketing, digital performance","truyền thông, bán sỉ, quảng cáo, đối ngoại, bán lẻ, thực phẩm & đồ uống",25 tr - 25 tr vnd,25.0,25.0,vnd,25.0
talent acquisition executive,nhân viên chính thức,nhân viên,hà nội,2 - 5 năm,"chuyên viên tư vấn, nhân viên tư vấn, consultant, counsellor, senior consultant, tư vấn viên","đào tạo, giáo dục, nhân sự",9 tr - 12 tr vnd,9.0,12.0,vnd,10.5
nhân viên digital marketing,nhân viên chính thức,nhân viên,hà nội,trên 2 năm,"chuyên viên social media, marketer, chuyên viên pr marketing, nhân viên digital marketing, online marketing executive, marketing executive, nhân viên marketing online, marketing specialist, nhân viên marketing, chuyên viên marketing online, marketing operations officer","marketing, tiếp thị, tiếp thị trực tuyến",15 tr - 25 tr vnd,15.0,25.0,vnd,20.0
nhân viên it hệ thống,nhân viên chính thức,nhân viên,hồ chí minh,trên 1 năm,"it supervisor, nhân viên it hệ thống, it helpdesk, it executive, it support, it specialist, nhân viên tin học, it engineer, it administrator, it staff, it officer","mạng, cntt - phần mềm, đào tạo, cntt - phần cứng, giáo dục",10 tr - 12 tr vnd,10.0,12.0,vnd,11.0
nhân viên phụ kho tại minh khai hà nội,nhân viên chính thức,nhân viên,hà nội,không yêu cầu,Unknown,"kho vận, lao động phổ thông, vật tư, vận chuyển, giao nhận, thu mua",6 tr - 10 tr vnd,6.0,10.0,vnd,8.0
digital marketing,nhân viên chính thức,nhân viên,hà nội,2 - 5 năm,Unknown,"truyền thông, tiếp thị, marketing, quảng cáo, đối ngoại",10 tr - 17 tr vnd,10.0,17.0,vnd,13.5
recruitment training staff,nhân viên chính thức,nhân viên,hồ chí minh,1 - 5 năm,recruitment staff,"hành chính, thư ký, nhân sự",10 tr - 12 tr vnd,10.0,12.0,vnd,11.0
sales executive biên hòa đồng nai ưu tiên nữ có bằng lái xe b2 tiếng anh tốt,nhân viên chính thức,nhân viên,đồng nai,3 - 5 năm,"sales executive biên hòa đồng nai ưu tiên nữ có bằng lái xe b tiếng anh tốt, nhân viên kinh doanh, chuyên viên bán hàng, quản lý kinh doanh, nhân viên bán hàng, sales supervisor, chuyên viên kinh doanh","kinh doanh, xây dựng, bán hàng, cơ khí, ô tô, tự động hóa",16 tr - 23 tr vnd,16.0,23.0,vnd,19.5
digital marketing đi làm ngay,nhân viên chính thức,nhân viên,hà nội,trên 2 năm,"online, social media","tiếp thị, marketing, tiếp thị trực tuyến, cơ khí, ô tô, tự động hóa",10 tr - 16 tr vnd,10.0,16.0,vnd,13.0
quality assurance executive,nhân viên chính thức,nhân viên,hồ chí minh,1 - 2 năm, quality assurance executive,"quản lý chất lượng (qa, dịch vụ khách hàng, qc)",13 tr - 14 tr vnd,13.0,14.0,vnd,13.5
110574 automatic controls engineer manufacturing,nhân viên chính thức,"trưởng nhóm , giám sát",đồng nai,trên 5 năm,"php, vbb, mybb, javascript, developer, joomla, jquery, ajax, software engineer, automatic controls engineer leader level manufacturing","sản xuất, cơ khí, vận hành sản xuất, ô tô, tự động hóa",20 tr - 30 tr vnd,20.0,30.0,vnd,25.0
chuyên viên khách hàng cá nhân lào cai,nhân viên chính thức,nhân viên,lào cai,1 - 2 năm,Unknown,"tài chính, ngân hàng, bất động sản, đầu tư",10 tr - 15 tr vnd,10.0,15.0,vnd,12.5
nhân viên content website,nhân viên chính thức,nhân viên,hồ chí minh,trên 1 năm,"content marketing, content, website content writer, marketing","đào tạo, giáo dục, tiếp thị, marketing",lên đến 14 tr vnd,0.0,14.0,vnd,7.0
nhân viên digital,nhân viên chính thức,nhân viên,hồ chí minh,1 - 2 năm,"digital marketer, nhân viên digital nhận việc ngay, nhân viên digital marketing, chuyên viên digital marketing, online, digital marketing staff, digital marketing executive","tiếp thị, marketing, dịch vụ khách hàng, tiếp thị trực tuyến",15 tr - 20 tr vnd,15.0,20.0,vnd,17.5
giám sát vệ sinh công nghiệp đồng nai,nhân viên chính thức,"trưởng nhóm , giám sát",đồng nai,2 - 3 năm,"nhân viên môi trường, ky thuat moi truong, kỹ sư môi trường, an toan moi truong, chuyên viên môi trường, hse executive, quản lý môi trường, environmental officer, giám sát vệ sinh công nghiệp đồng nai dầu giây","nhân sự, ngành khác, dịch vụ khách hàng",8 tr - 10 tr vnd,8.0,10.0,vnd,9.0
sales engineer,nhân viên chính thức,nhân viên,hồ chí minh,3 - 15 năm,Unknown,"điện, kinh doanh, mạng, điện tử, bán hàng, cntt - phần cứng, điện lạnh",15 tr - 30 tr vnd,15.0,30.0,vnd,22.5
nhân viên bán hàng tại văn phòng quận hoàng mai hà nội,nhân viên chính thức,nhân viên,hà nội,không yêu cầu,"tư vấn kinh doanh, tư vấn bán hàng, đại diện kinh doanh, sales representative, salesman, nhân viên kinh doanh, nvkd, bán hàng, đại diện bán hàng","điện, kinh doanh, điện tử, bán hàng, cơ khí, điện lạnh, ô tô, tự động hóa",8 tr - 50 tr vnd,8.0,50.0,vnd,29.0
112274 electronics engineer manager manufacturing,nhân viên chính thức,nhân viên,long an,trên 10 năm," electronics engineer manager manufacturing, kỹ sư điện tử","vận hành sản xuất, sản xuất",30 tr - 40 tr vnd,30.0,40.0,vnd,35.0
video editor cum photographer,nhân viên chính thức,nhân viên,hồ chí minh,2 - 7 năm,"photographer, marketing, video editor, nhân viên chỉnh sửa hình ảnh, editor","truyền thông, tiếp thị, marketing, quảng cáo, thiết kế, đối ngoại, nghệ thuật, mỹ thuật",15 tr - 20 tr vnd,15.0,20.0,vnd,17.5
nhân viên digital marketing,nhân viên chính thức,nhân viên,hà nội,không yêu cầu,"chuyên viên social media, marketer, chuyên viên pr marketing, online marketing executive, marketing executive, nhân viên marketing online, marketing specialist, nhân viên marketing, chuyên viên marketing online, marketing operations officer","truyền thông, tiếp thị, marketing, truyền hình, báo chí, quảng cáo, đối ngoại, biên tập",12 tr - 17 tr vnd,12.0,17.0,vnd,14.5
chuyên viên it devops,nhân viên chính thức,"trưởng nhóm , giám sát",hà nội,2 - 5 năm,"it supervisor, nhân viên it, it helpdesk, it executive, it support, it specialist, nhân viên tin học, it engineer, it staff, it officer",cntt - phần mềm,25 tr - 30 tr vnd,25.0,30.0,vnd,27.5
training manager,nhân viên chính thức,quản lý,hà nội,trên 5 năm,"giám đốc đào tạo, trưởng phòng đào tạo, training manager net upto m ++","tiếp thị, marketing, dệt may, thời trang, đào tạo, da giày, giáo dục",35 tr - 45 tr vnd,35.0,45.0,vnd,40.0
junior quality assurance specialist,nhân viên chính thức,nhân viên,hồ chí minh,1 - 3 năm,"kaizen specialist, qa, chuyên viên qa, chuyên viên quản lý chất lượng, qa specialist, qc, quality control specialist, qc specialist","quản lý chất lượng (qa, tiếp thị trực tuyến, dịch vụ khách hàng, qc)",14 tr - 18 tr vnd,14.0,18.0,vnd,16.0
chuyên viên khách hàng cá nhân phòng giao dịch tam hiệp cn đồng nai,nhân viên chính thức,nhân viên,đồng nai,không yêu cầu,Unknown,"ngân hàng, kinh doanh, tài chính, bán hàng, đầu tư",9 tr - 35 tr vnd,9.0,35.0,vnd,22.0
senior full stack developer,nhân viên chính thức,nhân viên,hồ chí minh,5 - 10 năm,"c#, .net, .net developer, reactjs, lập trình, .net programmer, senior full stack developer c# & reactjs",cntt - phần mềm,"1,000 - 4,000 usd",25.0,100.0,usd,62.5
editor quản lý tiktok,nhân viên chính thức,nhân viên,hồ chí minh,1 - 2 năm,Unknown,"truyền hình, báo chí, biên tập",12 tr - 15 tr vnd,12.0,15.0,vnd,13.5
nhân viên kinh doanh kiêm kỹ thuật tại hoàng mai hn,nhân viên chính thức,nhân viên,hà nội,không yêu cầu,"đại diện kinh doanh, nhân viên phòng kinh doanh, sales executive, salesman, sales dept, sales engineer, nhân viên bán hàng, telesales, đại diện bán hàng, chuyên viên kinh doanh","bảo trì, điện, kinh doanh, sửa chữa, điện tử, bán hàng, điện lạnh",8 tr - 25 tr vnd,8.0,25.0,vnd,16.5
trưởng nhóm digital marketing,nhân viên chính thức,"trưởng nhóm , giám sát",hà nội,2 - 5 năm,"digital marketing manager, leader digital marketing, online, digital marketing executive, social media, digital marketing specialist, trưởng nhóm digital marketing","truyền thông, tiếp thị, marketing, quảng cáo, đối ngoại, ngành khác",14 tr - 18 tr vnd,14.0,18.0,vnd,16.0
trưởng nhóm triển khai kỹ thuật,nhân viên chính thức,quản lý,hà nội,3 - 5 năm,Unknown,"nội ngoại thất, xây dựng, kiến trúc",20 tr - 25 tr vnd,20.0,25.0,vnd,22.5
kỹ sư bảo trì hệ thồng utility,nhân viên chính thức,nhân viên,đồng nai,1 - 2 năm,"nhân viên bảo trì, maintenance man, maintenance engineer, chuyên viên bảo trì","bảo trì, điện, sửa chữa, điện tử, cơ khí, ô tô, điện lạnh, tự động hóa",8 tr - 15 tr vnd,8.0,15.0,vnd,11.5
nhân viên kiểm soát chất lượng vận hành tt khai thác,nhân viên chính thức,nhân viên,bình dương,1 - 2 năm,Unknown,"kho vận, vận chuyển, qc), quản lý chất lượng (qa, giao nhận",8 tr - 10 tr vnd,8.0,10.0,vnd,9.0
content writer,nhân viên chính thức,nhân viên,hà nội,1 - 2 năm,"marketing, content staff, content writer, content executive, copywriter, content marketing, nhân viên content marketing, senior content executive, nhân viên nội dung, nhân viên marketing","tiếp thị, marketing, kinh doanh, bán hàng, xuất nhập khẩu",8 tr - 12 tr vnd,8.0,12.0,vnd,10.0
chuyên viên data trang trại,nhân viên chính thức,nhân viên,lâm đồng,1 - 5 năm,"thông tin trang trại, việc hot, thống kê, việc tốt, chăn nuôi thú y, tập đoàn th, chuyên viên data, nhân viên thông tin trang trại, việc tốt lâm đồng, nhân viên data","chăn nuôi, thú y, thống kê, nông nghiệp",10 tr - 15 tr vnd,10.0,15.0,vnd,12.5
nhân viên triển khai kỹ thuật cad,nhân viên chính thức,nhân viên,hà nội,2 - 3 năm,Unknown,"nội ngoại thất, kiến trúc",15 tr - 20 tr vnd,15.0,20.0,vnd,17.5
senior ai vision engineer,nhân viên chính thức,nhân viên,hồ chí minh,6 - 10 năm,"ai, opencv, data scientist, pytorch, computer vision",cntt - phần mềm,"1,000 - 3,000 usd",25.0,75.0,usd,50.0
nhân viên kinh doanh khu vực đồng nai bình dương vũng tàu,nhân viên chính thức,nhân viên,đồng nai,không yêu cầu,"đại diện kinh doanh, nhân viên kinh doanh khu vực đồng nai bình dương vũng tàu, nhân viên phòng kinh doanh, sales executive, salesman, sales dept, trình dược viên kênh nhà thuốc, nhân viên bán hàng, đại diện bán hàng, chuyên viên kinh doanh","bán sỉ, dược phẩm, kinh doanh, bán hàng, bán lẻ",8 tr - 15 tr vnd,8.0,15.0,vnd,11.5
educational consultant trainee,"nhân viên chính thức, bán thời gian",mới tốt nghiệp,hồ chí minh,không yêu cầu,"chuyên viên tư vấn, nhân viên tư vấn, executive, counsellor, senior, educational consultant trainee, tư vấn viên","đào tạo, giáo dục",8 tr - 10 tr vnd,8.0,10.0,vnd,9.0
trưởng nhóm digital marketing technical,nhân viên chính thức,"trưởng nhóm , giám sát",hà nội,1 - 3 năm,"trưởng nhóm digital marketing technical leader marketing techinical, chuyên viên digital marketing, digital marketing specialist, technical leader","truyền thông, tiếp thị, marketing, tiếp thị trực tuyến, quảng cáo, đối ngoại",18 tr - 28 tr vnd,18.0,28.0,vnd,23.0
đồng nai trưởng nhóm kinh doanh chuyển phát nhanh,nhân viên chính thức,quản lý,đồng nai,3 - 5 năm,"chăm sóc khách hàng, nhân viên phòng","bưu chính viễn thông, kho vận, giao nhận, vận chuyển",20 tr - 35 tr vnd,20.0,35.0,vnd,27.5
academics affairs,nhân viên chính thức,nhân viên,hồ chí minh,2 - 3 năm,Unknown,"đào tạo, giáo dục",8 tr - 12 tr vnd,8.0,12.0,vnd,10.0
nhân viên it,nhân viên chính thức,nhân viên,hồ chí minh,1 - 10 năm,"nhân viên mạng nội bộ, it, nhân viên it, nhân viên công nghệ thông tin, nhân viên it helpdesk","mạng, cntt - phần cứng",10 tr - 15 tr vnd,10.0,15.0,vnd,12.5
chuyên viên it,nhân viên chính thức,nhân viên,hà nội,1 - 2 năm,Unknown,"mạng, cntt - phần mềm, cntt - phần cứng",10 tr - 15 tr vnd,10.0,15.0,vnd,12.5
printing engineer,nhân viên chính thức,nhân viên,long an,5 - 8 năm,Unknown,"sản xuất, dệt may, thời trang, da giày, vận hành sản xuất",20 tr - 32 tr vnd,20.0,32.0,vnd,26.0
management trainee,nhân viên chính thức,nhân viên,đồng nai,trên 1 năm,"thực tập viên quản lý, management trainee purchasing department english or chinese speaking","thu mua, vật tư",8 tr - 11 tr vnd,8.0,11.0,vnd,9.5
it helpdesk,nhân viên chính thức,nhân viên,hồ chí minh,2 - 3 năm,"nhân viên hỗ trợ kỹ thuật, it helpdesk, it support, technical assistant, service engineer, it support assistant","mạng, cntt - phần cứng",9 tr - 12 tr vnd,9.0,12.0,vnd,10.5
training l d supervisor,nhân viên chính thức,"trưởng nhóm , giám sát",hồ chí minh,3 - 5 năm,"l&d, otd, talent development, training developement, organization development, learning and development","đào tạo, giáo dục, nhân sự",25 tr - 30 tr vnd,25.0,30.0,vnd,27.5
chuyên viên khách hàng cá nhân khu vực gia lai,nhân viên chính thức,nhân viên,gia lai,1 - 3 năm,Unknown,"kế toán, ngân hàng, kiểm toán, tài chính, đầu tư",10 tr - 18 tr vnd,10.0,18.0,vnd,14.0
sales engineer ebraco international,nhân viên chính thức,nhân viên,hồ chí minh,2 - 5 năm,"service engineer, kỹ sư kinh doanh, kỹ sư bán hàng, sales engineer ebraco international","kinh doanh, bán hàng, cơ khí, ô tô, tự động hóa",13 tr - 15 tr vnd,13.0,15.0,vnd,14.0
trưởng phòng kinh doanh phần mềm website,nhân viên chính thức,"trưởng nhóm , giám sát",hà nội,2 - 5 năm,"trưởng phòng kinh doanh phần mềm website, nhân viên hỗ trợ kinh doanh, kỹ sư giải pháp phần mềm, salesman, chuyên viên công nghệ thông tin phần mềm, trưởng phòng kinh doanh, chuyên viên kiểm định phần mềm, website managment, head of sales, saler","tiếp thị, marketing, kinh doanh, cntt - phần mềm, bán hàng",15 tr - 50 tr vnd,15.0,50.0,vnd,32.5
chuyên viên digital marketing,nhân viên chính thức,"trưởng nhóm , giám sát",hà nội,3 - 5 năm,"chuyên viên social media, marketer, chuyên viên pr marketing, online marketing executive, marketing executive, nhân viên marketing online, marketing specialist, nhân viên marketing, chuyên viên marketing online, marketing operations officer","truyền thông, tiếp thị, marketing, quảng cáo, đối ngoại",15 tr - 20 tr vnd,15.0,20.0,vnd,17.5
thực tập sinh digital marketing,thực tập,"sinh viên, thực tập sinh",hồ chí minh,không yêu cầu,"online, social media","truyền thông, tiếp thị trực tuyến, quảng cáo, thực tập, đối ngoại, mới tốt nghiệp",2 tr - 4 tr vnd,2.0,4.0,vnd,3.0
technical sales engineer,nhân viên chính thức,nhân viên,hồ chí minh,3 - 4 năm,"kỹ sư kinh doanh, sales engineer","xây dựng, hóa học, tiếp thị, marketing",20 tr - 25 tr vnd,20.0,25.0,vnd,22.5
business development executive it marketing business,nhân viên chính thức,mới tốt nghiệp,hồ chí minh,không yêu cầu,"nhân viên phát triển kinh doanh, business development officer, business development specialist, sales executive, chuyên viên phát triển, sales & marketing admin, chuyên viên phát triển kinh doanh, business development staff","tiếp thị, marketing, kinh doanh, cntt - phần mềm, bán hàng",8 tr - 15 tr vnd,8.0,15.0,vnd,11.5
mechatronic electrical engineer – kỹ sư điện tự động hóa,nhân viên chính thức,nhân viên,hồ chí minh,trên 3 năm,"electrical engineer, kỹ sư điện, kỹ sư cơ điện công trình, m&e engineer, kỹ sư thiết kế hệ thống điện, kỹ sư m&e, kỹ sư giám sát điện","điện, điện tử, cơ khí, điện lạnh, ô tô, tự động hóa",12 tr - 30 tr vnd,12.0,30.0,vnd,21.0
chuyên viên khách hàng cá nhân phòng giao dịch trảng bom cn đồng nai,nhân viên chính thức,nhân viên,đồng nai,không yêu cầu,chuyên viên khách hàng cá nhân phòng giao dịch trảng bom cn. đồng nai cn.,"ngân hàng, kinh doanh, tài chính, bán hàng, đầu tư",9 tr - 35 tr vnd,9.0,35.0,vnd,22.0
chuyên viên phát triển phần mềm it,nhân viên chính thức,nhân viên,hà nội,1 - 3 năm,"business development officer, chuyên viên phát triển phần mềm it","cntt - phần mềm, ngân hàng","500 - 1,000 usd",12.5,25.0,usd,18.75
it service supervisor,nhân viên chính thức,"trưởng nhóm , giám sát",hà nội,trên 3 năm,"it manager, it director, it lead","mạng, cntt - phần mềm, cntt - phần cứng",trên 20 tr vnd,20.0,0.0,vnd,10.0
system engineer intern,thực tập,"sinh viên, thực tập sinh",hồ chí minh,không yêu cầu,Unknown,"mạng, cntt - phần cứng",2 tr - 3 tr vnd,2.0,3.0,vnd,2.5
đại diện kinh doanh sales representative đồng nai,nhân viên chính thức,nhân viên,đồng nai,1 - 3 năm,"đại diện thương mại, đại diện kinh doanh, salesman, nhân viên kinh doanh, đại diện kinh doanh sales representative kênh gt đồng nai, nhân viên bán hàng, đại diện bán hàng, saler","tiếp thị, kinh doanh, bán sỉ, marketing, bán hàng, bán lẻ",12 tr - 15 tr vnd,12.0,15.0,vnd,13.5
data analytics,nhân viên chính thức,nhân viên,hồ chí minh,trên 3 năm,"nhân viên kế toán nhà máy, chuyên viên kế toán chuyên quản, credit accountant, nhân viên kế toán vật tư, accountant and administrative staff, cán bộ tài chính kế toán, data analytics senior, accountant cum office admin, nhân viên phòng kế toán, accounting executive, kế toán kho vận","mạng, cntt - phần mềm, cntt - phần cứng",18 tr - 22 tr vnd,18.0,22.0,vnd,20.0
chuyên viên vận hành utility,nhân viên chính thức,nhân viên,đồng nai,2 - 5 năm,"kỹ sư bảo trì, kỹ sư môi trường, kỹ sư điện, long thành, xử lý nước thải, đồng nai, utility","sửa chữa, bảo trì","14 tr - 16,5 tr vnd",14.0,16.5,vnd,15.25
chuyên viên audit hcns,nhân viên chính thức,nhân viên,hồ chí minh,2 - 3 năm,Unknown,"kế toán, kiểm toán, nhân sự",10 tr - 12 tr vnd,10.0,12.0,vnd,11.0
back end developer,nhân viên chính thức,nhân viên,hồ chí minh,không yêu cầu,"php, .net, ios, javascript, back end, back end developer python, scala, developer, c, java, go, c++, frontend, nodejs, lập trình","mạng, cntt - phần mềm, cntt - phần cứng","750 - 1,200 usd",18.75,30.0,usd,24.375
chuyên viên hcns phụ trách qhlđ audit,nhân viên chính thức,nhân viên,hồ chí minh,2 - 3 năm,Unknown,"nhân sự, luật, pháp lý, qc), quản lý chất lượng (qa",11 tr - 13 tr vnd,11.0,13.0,vnd,12.0
maintenance engineer,nhân viên chính thức,nhân viên,đồng nai,trên 5 năm,"kỹ sư bảo trì, nhân viên bảo trì, maintenance man, chuyên viên bảo trì","bảo trì, điện, sửa chữa, dầu khí, điện tử, điện lạnh","lên đến 2,000 usd",0.0,50.0,usd,25.0
nhân viên tư vấn bán hàng quận hai bà trưng hà nội,nhân viên chính thức,nhân viên,hà nội,trên 1 năm,"sales, nhân viên kinh doanh tư vấn bán hàng, nhân viên tư vấn, nhân viên kinh doanh, nhân viên bán hàng","bán sỉ, kinh doanh, bán hàng, bán lẻ, tư vấn",8 tr - 12 tr vnd,8.0,12.0,vnd,10.0
production engineer,nhân viên chính thức,nhân viên,đồng nai,không yêu cầu,"manufacturing engineer, kỹ sư sản xuất, kỹ sư sản xuất bo mạch điện tử dạng dẻo fpc","điện, điện tử, cơ khí, điện lạnh, ô tô, tự động hóa",12 tr - 25 tr vnd,12.0,25.0,vnd,18.5
sales engineer,nhân viên chính thức,nhân viên,hồ chí minh,3 - 5 năm,"senior sales executive, sales engineer bán hàng kỹ thuật, sales representative, sales executive, project manager, kỹ sư kinh doanh, sales engineer, technical sales engineer, kỹ sư bán hàng","hóa học, kinh doanh, bán hàng, cơ khí, ô tô, tự động hóa",20 tr - 40 tr vnd,20.0,40.0,vnd,30.0
sale engineer,nhân viên chính thức,nhân viên,hồ chí minh,lên đến 2 năm,Unknown,"bán sỉ, kinh doanh, bán hàng, cơ khí, bán lẻ, ô tô, tự động hóa",11 tr - 20 tr vnd,11.0,20.0,vnd,15.5
credit administration executive chuyên viên hành chính công nợ,nhân viên chính thức,nhân viên,hồ chí minh,3 - 5 năm,Unknown,"dịch vụ khách hàng, kế toán, kiểm toán, bất động sản",12 tr - 17 tr vnd,12.0,17.0,vnd,14.5
quản lý cửa hàng thời trang tại biên hòa đồng nai,nhân viên chính thức,quản lý,đồng nai,2 - 5 năm,Unknown,"bán sỉ, kinh doanh, dệt may, thời trang, da giày, bán hàng, bán lẻ",10 tr - 12 tr vnd,10.0,12.0,vnd,11.0
nhân viên kinh doanh bán hàng tận nhà cn lào cai,nhân viên chính thức,nhân viên,lào cai,không yêu cầu,"đại diện kinh doanh, nhân viên phòng kinh doanh, sales executive, salesman, sales dept, sales engineer, nhân viên bán hàng, telesales, đại diện bán hàng, chuyên viên kinh doanh","tiếp thị, kinh doanh, bán sỉ, marketing, bán hàng, bán lẻ",10 tr - 14 tr vnd,10.0,14.0,vnd,12.0
chuyên viên kinh doanh fitness hồ chí minh,nhân viên chính thức,nhân viên,hồ chí minh,trên 1 năm,Unknown,"tiếp thị, marketing, kinh doanh, bán hàng, tư vấn",20 tr - 30 tr vnd,20.0,30.0,vnd,25.0
chuyên viên đào tạo training executive,nhân viên chính thức,nhân viên,hồ chí minh,1 - 2 năm,Unknown,"kinh doanh, dịch vụ khách hàng, đào tạo, bán hàng, giáo dục",10 tr - 15 tr vnd,10.0,15.0,vnd,12.5
digital marketing,nhân viên chính thức,nhân viên,hồ chí minh,trên 2 năm,chuyên viên digital marketing,"tiếp thị trực tuyến, tiếp thị, marketing",10 tr - 15 tr vnd,10.0,15.0,vnd,12.5
nhân viên video editor kiêm graphic designer cơ bản,"bán thời gian, thời vụ, nghề tự do, thực tập",nhân viên,hà nội,trên 1 năm,"ux designer, ui designer, nhân viên video editor kiêm graphic designer cơ bản, graphic design, họa viên","tiếp thị, marketing, thiết kế, nghệ thuật, mỹ thuật",9 tr - 12 tr vnd,9.0,12.0,vnd,10.5
web developer,nhân viên chính thức,nhân viên,hồ chí minh,trên 1 năm,"web programing, lap trinh vien php, web programmer, lập trình viên asp.net, php programmer, php software engineer","tiếp thị, marketing, mạng, cntt - phần mềm, cntt - phần cứng",11 tr - 15 tr vnd,11.0,15.0,vnd,13.0
central retail nhân viên bán hàng nội thất thời vụ 6 tháng,nhân viên chính thức,nhân viên,hà nội,1 - 2 năm,Unknown,"bán sỉ, kinh doanh, dịch vụ khách hàng, bán hàng, bán lẻ",7 tr - 8 tr vnd,7.0,8.0,vnd,7.5
video editor,nhân viên chính thức,nhân viên,hà nội,trên 1 năm,"video edior, social media officer, chỉnh sửa video, social media marketing staff","truyền thông, tiếp thị, marketing, truyền hình, báo chí, quảng cáo, đối ngoại, biên tập",trên 10 tr vnd,10.0,0.0,vnd,5.0
nhân viên it helpdesk,nhân viên chính thức,nhân viên,hưng yên,trên 4 năm,Unknown,"mạng, cntt - phần mềm, cntt - phần cứng",12 tr - 18 tr vnd,12.0,18.0,vnd,15.0
sales engineer,nhân viên chính thức,nhân viên,hồ chí minh,1 - 2 năm,Unknown,"bán lẻ, bán hàng, bán sỉ, kinh doanh",12 tr - 16 tr vnd,12.0,16.0,vnd,14.0
trưởng phòng it,nhân viên chính thức,quản lý,hồ chí minh,trên 5 năm,"giám đốc it cntt, trưởng phòng công nghệ thông tin, information technology manager, head of it, cto, it manager, trưởng phòng cntt, it director, chief technology officer, trưởng phòng it tr tr, giám đốc it công nghệ thông tin","điện, mạng, cntt - phần mềm, điện tử, cntt - phần cứng, điện lạnh",22 tr - 33 tr vnd,22.0,33.0,vnd,27.5
production engineering control,nhân viên chính thức,"trưởng nhóm , giám sát",hà nội,1 - 10 năm,"production control, production planner, production engineering, kỹ sư sản xuất, kỹ sư sản xuất bo mạch điện tử dạng dẻo fpc, manufacturing engineer, control staff suppervisor manager","điện, sản xuất, điện tử, vận hành sản xuất, điện lạnh","600 - 1,600 usd",15.0,40.0,usd,27.5
industrial engineer,nhân viên chính thức,nhân viên,đồng nai,1 - 3 năm,"lean specialist, ie, production management staff, cán bộ kỹ thuật, manufacturing engineer, nhân viên ie","sản xuất, dệt may, thời trang, da giày, cơ khí, vận hành sản xuất, ô tô, tự động hóa",9 tr - 13 tr vnd,9.0,13.0,vnd,11.0
111089 architect staff or assistant manager real estate,nhân viên chính thức,nhân viên,hồ chí minh,trên 2 năm,"trợ lý giám đốc, architect staff or assistant manager real estate, assistant director",bất động sản,15 tr - 40 tr vnd,15.0,40.0,vnd,27.5
digital marketing,nhân viên chính thức,nhân viên,hà nội,1 - 3 năm,Unknown,"truyền thông, tiếp thị, marketing, tiếp thị trực tuyến, quảng cáo, đối ngoại",13 tr - 18 tr vnd,13.0,18.0,vnd,15.5
nhân viên digital marketing,nhân viên chính thức,nhân viên,hà nội,1 - 3 năm,"chuyên viên social media, marketer, chuyên viên pr marketing, online marketing executive, marketing executive, nhân viên marketing online, marketing specialist, chuyên viên marketing online, marketing operations officer","truyền thông, tiếp thị, marketing, tiếp thị trực tuyến, quảng cáo, đối ngoại",15 tr - 20 tr vnd,15.0,20.0,vnd,17.5
chuyên viên khách hàng doanh nghiệp cn gia lai,nhân viên chính thức,nhân viên,gia lai,không yêu cầu,chuyên viên khách hàng doanh nghiệp cn. gia lai cn.,"ngân hàng, kinh doanh, tài chính, bán hàng, đầu tư",10 tr - 35 tr vnd,10.0,35.0,vnd,22.5
data admin officer planning,nhân viên chính thức,nhân viên,hưng yên,1 - 3 năm,"admin staff, administrator, nhân viên hành chính","thư ký, hành chính, vận hành sản xuất, sản xuất",10 tr - 12 tr vnd,10.0,12.0,vnd,11.0
digital marketing leader,nhân viên chính thức,"trưởng nhóm , giám sát",hà nội,2 - 3 năm,"giám đốc tiếp thị, makerting manager, makerting director, giám sát tiếp thị, giám đốc truyền thông & tiếp thị, trưởng phòng marketing, giám đốc marketing, digital marketing leader tiktok ads, marketing supervisor, head of marketing and communication, trưởng nhóm marketing","tiếp thị, marketing",12 tr - 15 tr vnd,12.0,15.0,vnd,13.5
nhân viên facebook ads website,nhân viên chính thức,nhân viên,hà nội,1 - 2 năm,"php, .net, ios, javascript, c++, c, developer, frontend, java, nodejs, lập trình, nhân viên facebook ads website","tiếp thị, marketing, kinh doanh, bán hàng, xuất nhập khẩu",15 tr - 30 tr vnd,15.0,30.0,vnd,22.5
chuyên viên đào tạo training executive lương từ 10 15 triệu,nhân viên chính thức,nhân viên,hồ chí minh,1 - 2 năm, chuyên viên đào tạo training executive lương từ triệu,"bảo hiểm, ngân hàng, dịch vụ khách hàng",10 tr - 15 tr vnd,10.0,15.0,vnd,12.5
nhân viên kinh doanh phần mềm crm website,nhân viên chính thức,nhân viên,hồ chí minh,1 - 2 năm,Unknown,"tiếp thị, kinh doanh, bán sỉ, marketing, bán hàng, bán lẻ",8 tr - 30 tr vnd,8.0,30.0,vnd,19.0
devops engineer,nhân viên chính thức,nhân viên,hồ chí minh,2 - 5 năm,Unknown,"bán hàng, cntt - phần mềm, bảo hiểm, kinh doanh",20 tr - 30 tr vnd,20.0,30.0,vnd,25.0
nhân viên bán hàng biên hoà đồng nai,nhân viên chính thức,nhân viên,đồng nai,1 - 2 năm,nhân viên bán hàng biên hoà đồng nai,"bán sỉ, kinh doanh, dịch vụ khách hàng, bán hàng, bán lẻ",9 tr - 12 tr vnd,9.0,12.0,vnd,10.5
quản lý cửa hàng cơ sở vinmec vinhome smartcity,nhân viên chính thức,"trưởng nhóm , giám sát",hà nội,3 - 5 năm,Unknown,"bán sỉ, kinh doanh, bán hàng, bán lẻ, thực phẩm & đồ uống",11 tr - 14 tr vnd,11.0,14.0,vnd,12.5
retail store manager hà nội,nhân viên chính thức,"trưởng nhóm , giám sát",hà nội,1 - 3 năm,"retail sales manager, giám đốc kênh bán lẻ","bán sỉ, kinh doanh, dệt may, thời trang, da giày, bán hàng, bán lẻ",15 tr - 25 tr vnd,15.0,25.0,vnd,20.0
chuyên viên phát triển phần mềm it,nhân viên chính thức,nhân viên,hà nội,1 - 3 năm,Unknown,"bưu chính viễn thông, cntt - phần mềm, ngân hàng","500 - 1,000 usd",12.5,25.0,usd,18.75
chuyên viên digital marketing,nhân viên chính thức,nhân viên,hồ chí minh,2 - 5 năm,"chuyên viên social media, marketer, chuyên viên pr marketing, online marketing executive, marketing executive, nhân viên marketing online, marketing specialist, nhân viên marketing, chuyên viên marketing online, marketing operations officer","truyền thông, y tế, tiếp thị, marketing, chăm sóc sức khỏe, quảng cáo, đối ngoại",15 tr - 20 tr vnd,15.0,20.0,vnd,17.5
product developer,nhân viên chính thức,nhân viên,hồ chí minh,lên đến 5 năm,"merchandiser, product developer china brand","dệt may, vật tư, thời trang, biên phiên dịch, da giày, thu mua",15 tr - 20 tr vnd,15.0,20.0,vnd,17.5
chuyên viên tập sự khách hàng doanh nghiệp cn lào cai,nhân viên chính thức,nhân viên,lào cai,không yêu cầu,chuyên viên tập sự khách hàng doanh nghiệp cn. lào cai cn.,"tài chính, ngân hàng, đầu tư",5 tr - 15 tr vnd,5.0,15.0,vnd,10.0
kỹ thuật viên it thi công lắp đặt cài đặt camera,nhân viên chính thức,nhân viên,hồ chí minh,không yêu cầu,"router switch, bảo trì, cài đặt camera, sửa chữa, wireless controller, cctv, hệ thống mạng ( camera, nhân viên kỹ thuật, switch), wifi, cisco, firewall, điện tử viễn thông, synology","bưu chính viễn thông, bảo trì, sửa chữa, mạng, cntt - phần cứng",7 tr - 15 tr vnd,7.0,15.0,vnd,11.0
trưởng nhóm marketing digital marketing leader,nhân viên chính thức,"trưởng nhóm , giám sát",hà nội,3 - 4 năm,Unknown,"truyền thông, tiếp thị, marketing, tiếp thị trực tuyến, quảng cáo, đối ngoại",20 tr - 30 tr vnd,20.0,30.0,vnd,25.0
nhân viên triển khai phần mềm,nhân viên chính thức,nhân viên,hà nội,1 - 3 năm,Unknown,"cntt - phần mềm, dịch vụ khách hàng",lên đến 15 tr vnd,0.0,15.0,vnd,7.5
sales engineer,nhân viên chính thức,nhân viên,hồ chí minh,2 - 3 năm,Unknown,"điện, dầu khí, điện tử, cơ khí, ô tô, điện lạnh, tự động hóa",18 tr - 24 tr vnd,18.0,24.0,vnd,21.0
chuyên viên marketing digital,nhân viên chính thức,nhân viên,hồ chí minh,lên đến 3 năm,"marketer, nhân viên marketing, marketing executive","y tế, dược phẩm, kinh doanh, chăm sóc sức khỏe, bán hàng",15 tr - 20 tr vnd,15.0,20.0,vnd,17.5
talent acquisition executive,nhân viên chính thức,nhân viên,hồ chí minh,trên 1 năm,Unknown,"hành chính, thư ký, nhân sự, dịch vụ khách hàng",9 tr - 13 tr vnd,9.0,13.0,vnd,11.0
general accountant cum income auditor,nhân viên chính thức,nhân viên,hồ chí minh,2 - 5 năm,kế toán tổng hợp,"kế toán, kiểm toán",trên 15 tr vnd,15.0,0.0,vnd,7.5
digital marketing executive,nhân viên chính thức,nhân viên,hà nội,1 - 3 năm,Unknown,"truyền thông, tiếp thị, marketing, quảng cáo, đối ngoại",13 tr - 16 tr vnd,13.0,16.0,vnd,14.5
l d specialist sport fashion retail,nhân viên chính thức,nhân viên,hồ chí minh,trên 3 năm,"purchasing, purchasing staff, coordinator, associates accountant, executive, training specialist, supervisor, manager, staff, officier","bán sỉ, dệt may, bán lẻ, thời trang, đào tạo, da giày, giáo dục",15 tr - 20 tr vnd,15.0,20.0,vnd,17.5
senior nodejs backend developer,nhân viên chính thức,nhân viên,hồ chí minh,2 - 4 năm,"web developer, senior nodejs backend developer chuyên viên lập trình, lập trình viên, web programmer",cntt - phần mềm,21 tr - 40 tr vnd,21.0,40.0,vnd,30.5
student affairs officer,nhân viên chính thức,nhân viên,bình dương,2 - 3 năm,"student affairs, educational affairs, nhân viên giáo vụ, mental health, student counselor, giáo viên nhân viên giáo vụ, well being","hành chính, đào tạo, ngành khác, giáo dục, thư ký",20 tr - 30 tr vnd,20.0,30.0,vnd,25.0
quantity surveyor,nhân viên chính thức,nhân viên,hồ chí minh,1 - 3 năm,"kỹ sư định giá, quantity surveyor qs, kỹ sư định giá xây dựng","xây dựng, tư vấn, bất động sản",8 tr - 15 tr vnd,8.0,15.0,vnd,11.5
quality assurance specialist salary up to 16 mil gross,nhân viên chính thức,nhân viên,hồ chí minh,trên 1 năm,Unknown,"quản lý chất lượng (qa, tư vấn, dịch vụ khách hàng, qc)",14 tr - 16 tr vnd,14.0,16.0,vnd,15.0
maintenance engineer kỹ sư bảo trì,nhân viên chính thức,nhân viên,hồ chí minh,1 - 2 năm,Unknown,"vận hành sản xuất, sản xuất",12 tr - 16 tr vnd,12.0,16.0,vnd,14.0
kiến trúc sư triển khai nội thất,nhân viên chính thức,nhân viên,hà nội,2 - 3 năm,Unknown,kiến trúc,20 tr - 35 tr vnd,20.0,35.0,vnd,27.5
chuyên viên video editor,nhân viên chính thức,nhân viên,hà nội,1 - 2 năm,Unknown,"kinh doanh, thiết kế, bán hàng, nghệ thuật, mỹ thuật",10 tr - 15 tr vnd,10.0,15.0,vnd,12.5
digital marketing,nhân viên chính thức,nhân viên,hồ chí minh,3 - 7 năm,"facebook ads, digital marketing, marketing, social, online, seo, social media, digital","truyền thông, tiếp thị, marketing, quảng cáo, đối ngoại, tổ chức sự kiện",15 tr - 20 tr vnd,15.0,20.0,vnd,17.5
digital performance marketing,nhân viên chính thức,nhân viên,hồ chí minh,3 - 5 năm,Unknown,"truyền thông, tiếp thị, marketing, kinh doanh, quảng cáo, đối ngoại, bán hàng",15 tr - 18 tr vnd,15.0,18.0,vnd,16.5
it administration,nhân viên chính thức,nhân viên,hồ chí minh,2 - 5 năm,"kỹ sư quản trị mạng, chuyên viên quản trị mạng, istrator, it administration m m, network engineer, network administrator, nhân viên quản trị mạng","hành chính, thư ký, cntt - phần mềm, dịch vụ khách hàng",17 tr - 24 tr vnd,17.0,24.0,vnd,20.5
chuyên viên khai báo hải quan,nhân viên chính thức,nhân viên,hà nội,trên 2 năm,Unknown,"kho vận, vận chuyển, giao nhận, xuất nhập khẩu, hàng hải",10 tr - 15 tr vnd,10.0,15.0,vnd,12.5
industrial engineer,nhân viên chính thức,"trưởng nhóm , giám sát",bình dương,3 - 5 năm,Unknown,"da giày, thời trang, dệt may",18 tr - 25 tr vnd,18.0,25.0,vnd,21.5
trưởng nhóm it,nhân viên chính thức,"trưởng nhóm , giám sát",hồ chí minh,5 - 8 năm,Unknown,"bán sỉ, mạng, cntt - phần mềm, cntt - phần cứng, bán lẻ",22 tr - 28 tr vnd,22.0,28.0,vnd,25.0
fullstack engineer,nhân viên chính thức,nhân viên,hồ chí minh,trên 5 năm,"frontend, technical leader, senior fullstack, developer, fullstack, web developer, php backend developer","mạng, cntt - phần mềm, cntt - phần cứng",60 tr - 80 tr vnd,60.0,80.0,vnd,70.0
digital marketing,nhân viên chính thức,nhân viên,hồ chí minh,trên 1 năm,"online marketing manager, digital marketing manager","truyền thông, tiếp thị, marketing, tiếp thị trực tuyến, quảng cáo, đối ngoại",10 tr - 12 tr vnd,10.0,12.0,vnd,11.0
gia lai chuyên viên kinh doanh,nhân viên chính thức,nhân viên,gia lai,1 - 2 năm,"boutique sales associate, network solution account manager, accounts officer, sales in agricultural product, nhân viên kinh doanh phụ trách dự án, gia lai chuyên viên kinh doanh bb chuyển phát nhanh, account representative, nhân viên điều phối khách hàng, đại diện kinh doanh thương mại, chuyên viên kinh doanh thiết bị nhiệt, chuyên viên kinh doanh dự án","bưu chính viễn thông, bán hàng, xuất nhập khẩu, kinh doanh",10 tr - 20 tr vnd,10.0,20.0,vnd,15.0
audit intern,nhân viên chính thức,"sinh viên, thực tập sinh",long an,không yêu cầu,"internship, thực tập sinh kế toán, thực tập sinh, internal auditor, audit intern","kế toán, kiểm toán","lên đến 3,5 tr vnd",0.0,3.5,vnd,1.75
fullstack developer,nhân viên chính thức,nhân viên,hà nội,2 - 3 năm,"lập trình, fullstack developer",cntt - phần mềm,20 tr - 30 tr vnd,20.0,30.0,vnd,25.0
kỹ sư shop drawing detailing engineer,nhân viên chính thức,nhân viên,hà nội,3 - 5 năm,Unknown,"thiết kế, xây dựng, nghệ thuật, mỹ thuật, kiến trúc",trên 500 usd,12.5,0.0,usd,6.25
digital marketing,nhân viên chính thức,nhân viên,hồ chí minh,2 - 3 năm,Unknown,"truyền thông, tiếp thị, marketing, tiếp thị trực tuyến, quảng cáo, đối ngoại",8 tr - 11 tr vnd,8.0,11.0,vnd,9.5
content writer,nhân viên chính thức,nhân viên,hà nội,1 - 2 năm,"content staff, content writer, content executive, copywriter, nhân viên nội dung","tiếp thị, marketing, truyền hình, báo chí, biên tập","8 tr - 15,0 tr vnd",8.0,15.0,vnd,11.5
kỹ sư thiết kế phần cứng hardware design engineer,nhân viên chính thức,nhân viên,hà nội,trên 3 năm,Unknown,"mạng, cntt - phần cứng",20 tr - 25 tr vnd,20.0,25.0,vnd,22.5
chuyên viên digital marketing,nhân viên chính thức,nhân viên,hà nội,trên 3 năm,"chuyên viên social media, marketer, chuyên viên pr marketing, chuyên viên digital marketing, online marketing executive, marketing executive, nhân viên marketing online, marketing specialist, nhân viên marketing, chuyên viên marketing online, marketing operations officer","marketing, tiếp thị, tiếp thị trực tuyến",15 tr - 18 tr vnd,15.0,18.0,vnd,16.5
trưởng nhóm digital marketing,nhân viên chính thức,"trưởng nhóm , giám sát",hồ chí minh,2 - 5 năm,"digital marketer, online, digital marketing executive, social media, digital marketing specialist, trưởng nhóm digital marketing","tiếp thị, marketing, kinh doanh, tiếp thị trực tuyến, bán hàng",15 tr - 18 tr vnd,15.0,18.0,vnd,16.5
chuyên viên media video editor,nhân viên chính thức,nhân viên,hồ chí minh,trên 1 năm,"video editor quay phim chụp ảnh, nhân viên biên tập tin nội bộ, chuyên viên media, biên tập viên","truyền thông, quảng cáo, báo chí, truyền hình, đối ngoại, biên tập",10 tr - 15 tr vnd,10.0,15.0,vnd,12.5
senior digital marketing,nhân viên chính thức,nhân viên,hồ chí minh,3 - 5 năm,"nhân viên digital marketing, chuyên viên digital marketing, digital marketing executive","tiếp thị, marketing, kinh doanh, tiếp thị trực tuyến, bán hàng",13 tr - 16 tr vnd,13.0,16.0,vnd,14.5
sale engineer hồ chí minh đồng nai bình dương,nhân viên chính thức,nhân viên,hồ chí minh,lên đến 2 năm,"tư vấn kinh doanh, tư vấn bán hàng, đại diện kinh doanh, sales representative, salesman, nhân viên kinh doanh, nvkd, bán hàng, sale engineer nhân viên bán hàng kỹ thuật hồ chí minh đồng nai bình dương, đại diện bán hàng","bán sỉ, kinh doanh, bán hàng, cơ khí, bán lẻ, ô tô, tự động hóa",11 tr - 20 tr vnd,11.0,20.0,vnd,15.5
giao dịch viên lào cai,nhân viên chính thức,nhân viên,lào cai,không yêu cầu,"nhân viên giao dịch, giao dịch viên lào cai, nhân viên giao dịch ngân hàng, chuyên viên đối ngoại, nhân viên môi giới","tài chính, ngân hàng, đầu tư",7 tr - 10 tr vnd,7.0,10.0,vnd,8.5
chuyên viên digital marketing,nhân viên chính thức,nhân viên,hà nội,2 - 5 năm,"chuyên viên social media, marketer, chuyên viên pr marketing, chuyên viên digital marketing, online marketing executive, marketing executive, nhân viên marketing online, marketing specialist, nhân viên marketing, chuyên viên marketing online, marketing operations officer","tiếp thị, marketing, kinh doanh, tiếp thị trực tuyến, bán hàng",12 tr - 15 tr vnd,12.0,15.0,vnd,13.5
digital marketing leader,nhân viên chính thức,"trưởng nhóm , giám sát",hồ chí minh,2 - 5 năm,Unknown,"tiếp thị, marketing",12 tr - 15 tr vnd,12.0,15.0,vnd,13.5
sales operation and training manager for gt channel,nhân viên chính thức,quản lý,hồ chí minh,8 - 12 năm,Unknown,"bán sỉ, kinh doanh, tiếp thị trực tuyến, bán hàng, bán lẻ",40 tr - 50 tr vnd,40.0,50.0,vnd,45.0
chuyên viên digital marketing,nhân viên chính thức,nhân viên,hà nội,trên 2 năm,"chuyên viên social media, marketer, chuyên viên pr marketing, chuyên viên digital marketing, online marketing executive, marketing executive, nhân viên marketing online, marketing specialist, nhân viên marketing, chuyên viên marketing online, marketing operations officer","truyền thông, tiếp thị, marketing, tiếp thị trực tuyến, quảng cáo, đối ngoại",10 tr - 15 tr vnd,10.0,15.0,vnd,12.5
chuyên viên it chi nhánh hà nội,nhân viên chính thức,nhân viên,hà nội,2 - 3 năm,"it supervisor, nhân viên it, it helpdesk, chuyên viên it chi nhánh hà nội, it executive, it support, it specialist, nhân viên tin học, it engineer, it staff, it officer","bán sỉ, mạng, cntt - phần cứng, bán lẻ, thực phẩm & đồ uống",13 tr - 17 tr vnd,13.0,17.0,vnd,15.0
content editor,nhân viên chính thức,nhân viên,hà nội,1 - 2 năm,"nhân viên biên tập tin nội bộ, content editor, biên tập viên","truyền thông, dược phẩm, truyền hình, báo chí, quảng cáo, đối ngoại, biên tập",8 tr - 12 tr vnd,8.0,12.0,vnd,10.0
chuyên viên digital marketing,nhân viên chính thức,nhân viên,hồ chí minh,1 - 2 năm,Unknown,"tiếp thị, marketing, kinh doanh, tiếp thị trực tuyến, bán hàng",11 tr - 18 tr vnd,11.0,18.0,vnd,14.5
sale engineer hải dương hải phòng,nhân viên chính thức,nhân viên,hải dương,lên đến 2 năm,"tư vấn kinh doanh, tư vấn bán hàng, đại diện kinh doanh, sale engineer nhân viên bán hàng kỹ thuật hải dương hải phòng, sales representative, salesman, nhân viên kinh doanh, nvkd, bán hàng, đại diện bán hàng","bán sỉ, kinh doanh, bán hàng, cơ khí, bán lẻ, ô tô, tự động hóa",11 tr - 20 tr vnd,11.0,20.0,vnd,15.5
digital marketing,nhân viên chính thức,nhân viên,hồ chí minh,2 - 8 năm,"nhân viên marketing, online, social media, digital marketing","truyền thông, tiếp thị, marketing, tiếp thị trực tuyến, quảng cáo, đối ngoại",10 tr - 15 tr vnd,10.0,15.0,vnd,12.5
digital marketing,nhân viên chính thức,nhân viên,hồ chí minh,không yêu cầu,"online, social media, digital marketing","tiếp thị, marketing",8 tr - 12 tr vnd,8.0,12.0,vnd,10.0
campaign planner specialist,nhân viên chính thức,nhân viên,hồ chí minh,2 - 5 năm,"campaign marketing, marketing associate, strategic planner, marketing specialist","tiếp thị, bán lẻ, bán sỉ, marketing",15 tr - 20 tr vnd,15.0,20.0,vnd,17.5
chuyên viên digital marketing lĩnh vực bất động sản,nhân viên chính thức,nhân viên,hà nội,3 - 10 năm,"chuyên viên social media, marketer, chuyên viên pr marketing, online marketing executive, marketing executive, chuyên viên digital marketing lĩnh vực bất động sản, nhân viên marketing online, marketing specialist, nhân viên marketing, chuyên viên marketing online, marketing operations officer","tiếp thị, marketing, kinh doanh, bán hàng, bất động sản",15 tr - 20 tr vnd,15.0,20.0,vnd,17.5
officer for digital teaching and learning,nhân viên chính thức,nhân viên,bình dương,3 - 5 năm,"web operations, managing applications, online development, learning applications, cloud based applications","điện, mạng, cntt - phần mềm, điện tử, cntt - phần cứng, điện lạnh",17 tr - 25 tr vnd,17.0,25.0,vnd,21.0
video editer,nhân viên chính thức,nhân viên,hà nội,không yêu cầu,Unknown,"tiếp thị, bất động sản, marketing",10 tr - 15 tr vnd,10.0,15.0,vnd,12.5
video editor,nhân viên chính thức,nhân viên,hồ chí minh,1 - 2 năm,Unknown,"truyền thông, tiếp thị, marketing, kinh doanh, quảng cáo, đối ngoại, bán hàng",10 tr - 15 tr vnd,10.0,15.0,vnd,12.5
campaign manager,nhân viên chính thức,quản lý,hà nội,8 - 10 năm,"banking product, digital marketing manager, finance, campaign digital manager, campaign manager, financial servicer, marketing banking","ngân hàng, tiếp thị, marketing, tài chính, đầu tư","3,300 - 3,800 usd",82.5,95.0,usd,88.75
pricing control executive – grocery retail,nhân viên chính thức,nhân viên,hồ chí minh,2 - 3 năm,"chuyên viên tư vấn, nhân viên tư vấn, consultant, counsellor, senior consultant, tư vấn viên, pricing control executive – grocery retail","bán sỉ, tài chính, bán lẻ, thực phẩm & đồ uống, đầu tư",15 tr - 20 tr vnd,15.0,20.0,vnd,17.5
nhân viên kỹ thuật kiêm kinh doanh tại hoàng mai hn,nhân viên chính thức,nhân viên,hà nội,không yêu cầu,"kỹ thuật viên, hỗ trợ kỹ thuật, trưởng nhóm kỹ thuật, nhân viên kỹ thuật, nhân viên bán hàng trực tiếp, giám sát bán hàng, kỹ sư kinh doanh, trưởng phòng kinh doanh, trưởng phòng kỹ thuật, kỹ sư bán hàng","bảo trì, điện, kinh doanh, sửa chữa, điện tử, bán hàng, điện lạnh",10 tr - 50 tr vnd,10.0,50.0,vnd,30.0
video editor,nhân viên chính thức,nhân viên,hà nội,trên 1 năm,"nhân viên biên tập tin nội bộ, biên tập viên, video editor","truyền thông, truyền hình, báo chí, quảng cáo, đối ngoại, biên tập",10 tr - 15 tr vnd,10.0,15.0,vnd,12.5
video editor metub originals,nhân viên chính thức,nhân viên,hồ chí minh,2 - 4 năm,"editor youtube, senior video editor, video editor, editor showreel","truyền hình, thiết kế, báo chí, nghệ thuật, giải trí, biên tập, mỹ thuật",12 tr - 20 tr vnd,12.0,20.0,vnd,16.0
chuyên viên it,nhân viên chính thức,nhân viên,hà nội,2 - 3 năm,"chuyên viên it, it supervisor, nhân viên it, it helpdesk, it executive, it support, it specialist, nhân viên tin học, it engineer, it staff, it officer","mạng, cntt - phần mềm, cntt - phần cứng",14 tr - 18 tr vnd,14.0,18.0,vnd,16.0
quản lý cửa hàng thời trang biluxury tại lào cai,nhân viên chính thức,quản lý,lào cai,1 - 2 năm,"điều dưỡng đa khoa, quản lý cửa hàng thời trang biluxury tại lào cai nữ, nhân viên điều dưỡng, nurse, điều dưỡng, nhân viên quan hệ y tế","tiếp thị, kinh doanh, bán sỉ, marketing, bán hàng, bán lẻ",8 tr - 12 tr vnd,8.0,12.0,vnd,10.0
kỹ sư vận hành nhà máy điện electrical engineer for substation operation,nhân viên chính thức,"trưởng nhóm , giám sát",đồng nai,trên 3 năm,"o&m shift leader, trưởng ca vận hành và bảo trì","sửa chữa, bảo trì, quản lý điều hành",lên đến 22 tr vnd,0.0,22.0,vnd,11.0
chuyên viên qhkh doanh nghiệp lào cai,nhân viên chính thức,nhân viên,lào cai,1 - 2 năm,Unknown,"bán hàng, ngân hàng, bất động sản, kinh doanh",10 tr - 20 tr vnd,10.0,20.0,vnd,15.0
chuyên viên digital marketing,nhân viên chính thức,nhân viên,hà nội,1 - 2 năm,"chuyên viên social media, marketer, chuyên viên pr marketing, online marketing executive, marketing executive, nhân viên marketing online, marketing specialist, chuyên viên digital marketing làm việc tại hà nội, nhân viên marketing, chuyên viên marketing online, marketing operations officer","marketing, tiếp thị, tiếp thị trực tuyến",12 tr - 15 tr vnd,12.0,15.0,vnd,13.5
digital marketing,nhân viên chính thức,nhân viên,hồ chí minh,1 - 2 năm,"online, social media, digital marketing","truyền thông, tiếp thị, marketing, quảng cáo, đối ngoại, đào tạo, giáo dục",10 tr - 14 tr vnd,10.0,14.0,vnd,12.0
training specialist,nhân viên chính thức,nhân viên,hồ chí minh,lên đến 1 năm,"chuyên viên huấn luyện, huấn luyện viên, giáo viên tiếng trung, nhân viên phòng đào tạo, chuyên viên đào tạo, training specialist chinese speaking, coach, teacher, trainer, giáo viên","đào tạo, giáo dục, dịch vụ khách hàng",17 tr - 20 tr vnd,17.0,20.0,vnd,18.5
rey hotel hanoi giám sát hệ thống it,nhân viên chính thức,"trưởng nhóm , giám sát",hà nội,2 - 5 năm,Unknown,"mạng, cntt - phần mềm, cntt - phần cứng",15 tr - 20 tr vnd,15.0,20.0,vnd,17.5
chuyên viên digital marketing,nhân viên chính thức,nhân viên,hà nội,3 - 5 năm,Unknown,"truyền thông, tiếp thị, marketing, truyền hình, báo chí, quảng cáo, đối ngoại, biên tập",13 tr - 18 tr vnd,13.0,18.0,vnd,15.5
chuyên viên digital marketing,nhân viên chính thức,nhân viên,hà nội,3 - 5 năm,"chuyên viên social media, marketer, chuyên viên pr marketing, chuyên viên digital marketing, online marketing executive, marketing executive, nhân viên marketing online, marketing specialist, nhân viên marketing, chuyên viên marketing online, marketing operations officer","truyền thông, tiếp thị, marketing, truyền hình, báo chí, quảng cáo, đối ngoại, biên tập",13 tr - 18 tr vnd,13.0,18.0,vnd,15.5
digital executive,nhân viên chính thức,nhân viên,hồ chí minh,1 - 3 năm,"chuyên viên tư vấn, nhân viên tư vấn, consultant, counsellor, senior consultant, tư vấn viên","tiếp thị, marketing",12 tr - 16 tr vnd,12.0,16.0,vnd,14.0
chuyên viên digital marketing,nhân viên chính thức,nhân viên,hà nội,1 - 2 năm,"chuyên viên social media, marketer, chuyên viên pr marketing, chuyên viên digital marketing, online marketing executive, marketing executive, nhân viên marketing online, marketing specialist, nhân viên marketing, chuyên viên marketing online, marketing operations officer","tiếp thị, marketing",12 tr - 20 tr vnd,12.0,20.0,vnd,16.0
senior sales it,nhân viên chính thức,nhân viên,hà nội,trên 1 năm,"sales representative, it, sales executive, senior sales it","bán hàng, cntt - phần mềm, tư vấn, kinh doanh","1,000 - 1,500 usd",25.0,37.5,usd,31.25
chuyên viên tuyển dụng talent acquisition specialist,nhân viên chính thức,nhân viên,hồ chí minh,3 - 5 năm,"chuyên viên tuyển dụng, executive recruitment, talent acquisition specialist, recruiter, nhân viên tuyển dụng đào tạo, nhân viên tuyển dụng","hành chính, thư ký, nhân sự",15 tr - 20 tr vnd,15.0,20.0,vnd,17.5
giám đốc trung tâm công nghệ blockchain,nhân viên chính thức,giám đốc,hà nội,5 - 18 năm,"product owner, bitcoin, ethereum, crypto, product manager, giám đốc trung tâm công nghệ blockchain, công nghệ chuỗi khối, tiền ảo, blockchain, technology director","tài chính, cntt - phần mềm, chứng khoán, đầu tư",70 tr - 100 tr vnd,70.0,100.0,vnd,85.0
sales engineer,nhân viên chính thức,nhân viên,dak lak,1 - 2 năm,"service engineer, kỹ sư kinh doanh, sales engineer, kỹ sư bán hàng, tự động hóa","điện, kinh doanh, điện tử, bán hàng, cơ khí, ô tô, điện lạnh, tự động hóa",13 tr - 15 tr vnd,13.0,15.0,vnd,14.0
design engineer,nhân viên chính thức,nhân viên,hokkaido,1 - 5 năm,"web designer, nhân viên phòng khai thác phát triển mẫu, designer, nhân viên thiết kế khuôn mẫu ngành nhựa, exterior, nhân viên cad 3d, formwork specialist, design engineer, họa viên, trợ lý chế tạo khuôn mẫu, nhân viên thiết kế","mạng, thiết kế, cntt - phần mềm, nghệ thuật, cntt - phần cứng, mỹ thuật",100 tr - 150 tr vnd,100.0,150.0,vnd,125.0
senior data analyst xây dựng hệ thống bi portal,nhân viên chính thức,nhân viên,hà nội,3 - 4 năm,Unknown,"mạng, cntt - phần mềm, cntt - phần cứng, thống kê",30 tr - 47 tr vnd,30.0,47.0,vnd,38.5
đồng nai giám sát vận hành chuyên viên sửa chữa bảo dưỡng cố vấn dịch vụ,nhân viên chính thức,nhân viên,đồng nai,3 - 10 năm,"chuyên viên sửa chữa bảo dưỡng, commissioning supervisor, đồng nai giám sát vận hành, giám sát thử biển, giám sát thử máy, cố vấn dịch vụ",ngành khác,15 tr - 23 tr vnd,15.0,23.0,vnd,19.0
phó giám đốc chi nhánh phụ trách mảng khdn chi nhánh đăk nông gia lai,nhân viên chính thức,phó giám đốc,gia lai,3 - 5 năm,"phó giám đốc chi nhánh phụ trách mảng khdn chi nhánh đăk nông gia lai, director",ngân hàng,45 tr - 65 tr vnd,45.0,65.0,vnd,55.0
senior it system operations specialist,nhân viên chính thức,nhân viên,hồ chí minh,2 - 3 năm,"purchasing, purchasing staff, coordinator, associates accountant, executive, senior it system operations specialist, supervisor, manager, staff, nhân viên mua hàng staff, officier",cntt - phần mềm,"trên 1,500 usd",37.5,0.0,usd,18.75
sales engineer,nhân viên chính thức,mới tốt nghiệp,bình dương,không yêu cầu,"service engineer, kỹ sư kinh doanh, kỹ sư bán hàng, sales engineer","kinh doanh, biên phiên dịch, bán hàng, cơ khí, ô tô, tự động hóa",10 tr - 20 tr vnd,10.0,20.0,vnd,15.0
internal auditor,nhân viên chính thức,nhân viên,bình dương,2 - 5 năm,"kiểm toán nhà nước, kiểm toán tư nhân, external auditor, chuyên viên kiểm toán, trưởng nhóm kiểm toán, auditing supervisor, auditor, internal auditor, kiểm toán viên","kế toán, sản xuất, kiểm toán, vận hành sản xuất, thực phẩm & đồ uống",15 tr - 25 tr vnd,15.0,25.0,vnd,20.0
it security manager,nhân viên chính thức,quản lý,hà nội,trên 5 năm,"head of risk management, security manager, it security manager, risk management manager","mạng, cntt - phần mềm, cntt - phần cứng","2,500 - 5,000 usd",62.5,125.0,usd,93.75
digital marketing,nhân viên chính thức,nhân viên,hồ chí minh,2 - 8 năm,"online, social media, digital marketing","truyền thông, tiếp thị, marketing, tiếp thị trực tuyến, quảng cáo, đối ngoại",10 tr - 15 tr vnd,10.0,15.0,vnd,12.5
chuyên viên trade marketing mảng giáo dục tại đồng nai,nhân viên chính thức,nhân viên,đồng nai,1 - 2 năm,"trade marketing executive, sales marketing, branding, direct marketing","tiếp thị, marketing, đào tạo, ngành khác, giáo dục",10 tr - 12 tr vnd,10.0,12.0,vnd,11.0
research and teaching assistant in econometrics and data science,nhân viên chính thức,nhân viên,bình dương,1 - 2 năm,"assistant teacher, trợ giảng, econometrics, teaching assistant, economics, data science","kế toán, kiểm toán, đào tạo, tài chính, giáo dục, đầu tư",35 tr - 40 tr vnd,35.0,40.0,vnd,37.5
nhân viên video editor vieo thu nhập 12 000 000 15 000 000 làm việc tại hà nội,nhân viên chính thức,nhân viên,hà nội,1 - 2 năm,"nhân viên biên tập tin nội bộ, nhân viên video editor vieo thu nhập .. .. làm việc tại hà nội, biên tập viên","truyền hình, thiết kế, báo chí, nghệ thuật, giải trí, biên tập, mỹ thuật",13 tr - 15 tr vnd,13.0,15.0,vnd,14.0
nhân viên khai thác,"thời vụ, nghề tự do",mới tốt nghiệp,hà nội,không yêu cầu,"kho vận, bưu chính, lao động phổ thông, vận chuyển, chuyển phát nhanh, nhân viên kho, nhân viên khai thác","bưu chính viễn thông, kho vận, lao động phổ thông, vận chuyển, giao nhận",8 tr - 10 tr vnd,8.0,10.0,vnd,9.0
senior devops engineer,nhân viên chính thức,nhân viên,hồ chí minh,trên 3 năm,"senior devops engineer gcp, nhân viên kế toán nhà máy, chuyên viên kế toán chuyên quản, credit accountant, nhân viên kế toán vật tư, accountant and administrative staff, cán bộ tài chính kế toán, accountant cum office admin, nhân viên phòng kế toán, accounting executive, kế toán kho vận",cntt - phần mềm,50 tr - 70 tr vnd,50.0,70.0,vnd,60.0
ceo stainless steel manufacturing,nhân viên chính thức,tổng giám đốc,hà nam,20 - 35 năm,"manufacturing, vietnam, export, boat, ceo, steel, expat, marine yatch","sản xuất, cơ khí, vận hành sản xuất, ô tô, hàng hải, tự động hóa","15,000 - 20,000 usd",375.0,500.0,usd,437.5
automotive exteriors design engineer,nhân viên chính thức,nhân viên,tokyo,1 - 5 năm,"web designer, nhân viên phòng khai thác phát triển mẫu, designer, nhân viên thiết kế khuôn mẫu ngành nhựa, automotive exteriors design engineer, exterior, nhân viên cad 3d, formwork specialist, họa viên, trợ lý chế tạo khuôn mẫu, nhân viên thiết kế","thiết kế, cntt - phần mềm, nghệ thuật, cơ khí, ô tô, mỹ thuật, tự động hóa",92 tr - 150 tr vnd,92.0,150.0,vnd,121.0
video editor,nhân viên chính thức,nhân viên,hà nội,1 - 2 năm,"video editor nhân viên media chỉnh sửa video tại hà nội thu nhập triệu, nhân viên biên tập tin nội bộ, biên tập viên","thiết kế, nghệ thuật, mỹ thuật",13 tr - 15 tr vnd,13.0,15.0,vnd,14.0
automotive exteriors design engineer,nhân viên chính thức,nhân viên,yokohama,1 - 5 năm,"web designer, nhân viên phòng khai thác phát triển mẫu, designer, nhân viên thiết kế khuôn mẫu ngành nhựa, exterior, nhân viên cad 3d, formwork specialist, họa viên, trợ lý chế tạo khuôn mẫu, nhân viên thiết kế, automotive exteriors design engineer","thiết kế, cntt - phần mềm, nghệ thuật, cơ khí, ô tô, mỹ thuật, tự động hóa",100 tr - 200 tr vnd,100.0,200.0,vnd,150.0
nhân viên giao hàng tại cụm công nghiệp thanh oai,nhân viên chính thức,nhân viên,hà nội,1 - 2 năm,"nhân viên lái xe, nhân viên giao nhận, nhân viên giao hàng, nhân viên giao hàng vận chuyển bằng ô tô tại cụm công nghiệp thanh oai","vận chuyển, giao nhận, kho vận",10 tr - 11 tr vnd,10.0,11.0,vnd,10.5
recruitment specialist,nhân viên chính thức,nhân viên,hồ chí minh,2 - 10 năm,"ess consultant, hr assistant, hr executive, nhân viên nhân sự, hr supervisor","bán lẻ, bán sỉ",15 tr - 25 tr vnd,15.0,25.0,vnd,20.0
sale engineer long an vũng tàu,nhân viên chính thức,nhân viên,long an,lên đến 2 năm,"tư vấn kinh doanh, tư vấn bán hàng, đại diện kinh doanh, sales representative, salesman, sale engineer nhân viên bán hàng kỹ thuật long an vũng tàu, nhân viên kinh doanh, nvkd, bán hàng, đại diện bán hàng","bán sỉ, kinh doanh, bán hàng, cơ khí, bán lẻ, ô tô, tự động hóa",11 tr - 20 tr vnd,11.0,20.0,vnd,15.5
quality assurance qa documents staff,nhân viên chính thức,nhân viên,hồ chí minh,1 - 3 năm,"quality assurance staff, quality assurance specialist, quality assurance, qa specialist, nhân viên quản lý chất lượng, qa documents staff, quản lý chất lượng","quản lý chất lượng (qa, qc)",10 tr - 15 tr vnd,10.0,15.0,vnd,12.5
digital marketing executive,nhân viên chính thức,nhân viên,hà nội,2 - 5 năm,"chuyên viên social media, marketer, chuyên viên pr marketing, online marketing executive, marketing executive, nhân viên marketing online, marketing specialist, nhân viên marketing, chuyên viên marketing online, marketing operations officer","tiếp thị, marketing",20 tr - 40 tr vnd,20.0,40.0,vnd,30.0
ecu software test engineer,nhân viên chính thức,nhân viên,hokkaido,1 - 5 năm,"testing engineer, qa, manual tester, automation tester, nhân viên kiểm thử phần mềm, qc, tester, chuyên viên kiểm định phần mềm, ecu software test engineer, software tester","mạng, cntt - phần mềm, cntt - phần cứng, biên phiên dịch",100 tr - 150 tr vnd,100.0,150.0,vnd,125.0
sales engineer,nhân viên chính thức,nhân viên,hà nội,2 - 3 năm,"technical sales engineer, sales engineer","kinh doanh, môi trường, bán hàng, cơ khí, ô tô, tự động hóa",15 tr - 25 tr vnd,15.0,25.0,vnd,20.0
net developer internal apps workflow,nhân viên chính thức,nhân viên,hồ chí minh,3 - 6 năm,"game developer, .net developer internal apps & workflow, asp net software engineer, asp net software developer, software developer asp net, advert developer, lập trình viên .net, frontend developer, software developer, lập trình viên",cntt - phần mềm,"1,000 - 1,600 usd",25.0,40.0,usd,32.5
chuyên viên kê khai hải quan,nhân viên chính thức,nhân viên,hà nội,2 - 3 năm,Unknown,"vận chuyển, giao nhận, xuất nhập khẩu, kho vận",13 tr - 20 tr vnd,13.0,20.0,vnd,16.5
trưởng nhóm it,nhân viên chính thức,"trưởng nhóm , giám sát",hà nội,3 - 5 năm,Unknown,"mạng, cntt - phần mềm, cntt - phần cứng",30 tr - 35 tr vnd,30.0,35.0,vnd,32.5
đồng nai nhân viên kế hoạch thống kê,nhân viên chính thức,mới tốt nghiệp,đồng nai,không yêu cầu,"{đồng nai} nhân viên kế hoạch thống kê, planning specialist, chuyên viên kế hoạch","hành chính, thư ký, kiểm toán, kế toán",14 tr - 16 tr vnd,14.0,16.0,vnd,15.0
engineering leader,nhân viên chính thức,"trưởng nhóm , giám sát",hồ chí minh,3 - 7 năm,"tax, forvis mazars, danieli, daq mx, peritec, tu cong nurdeen, transfer pricing consultant, phạm thủy tiên, halal coordinator","điện, điện tử, cơ khí, điện lạnh, ô tô, tự động hóa","2,500 - 3,500 usd",62.5,87.5,usd,75.0
retail manager,nhân viên chính thức,quản lý,hồ chí minh,trên 5 năm,"retail store manager, retail sales manager, retail operation manager, retail manager, manager in retail","bán sỉ, kinh doanh, dệt may, thời trang, da giày, bán hàng, bán lẻ","1,000 - 1,500 usd",25.0,37.5,usd,31.25
114640 facilities fa system design manager machinery trưởng phòng thiết kế thiết bị,nhân viên chính thức,quản lý,hà nội,3 - 5 năm,"facilities, fa system, trưởng phòng thiết kế thiết bị, facility specialist, facilities & fa system design manager machinery, facility manager, thiết kế thiết bị","ô tô, cơ khí, tự động hóa",60 tr - 75 tr vnd,60.0,75.0,vnd,67.5
digital marketing executive,nhân viên chính thức,nhân viên,hồ chí minh,2 - 3 năm,"chuyên viên social media, marketer, chuyên viên pr marketing, online marketing executive, marketing executive, digital marketing executive, nhân viên marketing online, marketing specialist, nhân viên marketing, chuyên viên marketing online, marketing operations officer","truyền thông, tiếp thị, marketing, quảng cáo, đối ngoại, đào tạo, giáo dục",8 tr - 20 tr vnd,8.0,20.0,vnd,14.0
nhân viên biên tập website bán thời gian,bán thời gian,"sinh viên, thực tập sinh",bình dương,không yêu cầu,"nhân viên marketing, website content writer, nhân viên nội dung website, parttime","tiếp thị, marketing",3 tr - 6 tr vnd,3.0,6.0,vnd,4.5
digital marketing manager,nhân viên chính thức,quản lý,hồ chí minh,7 - 10 năm,"online marketing manager, digital marketing manager","truyền thông, tiếp thị, marketing, quảng cáo, đối ngoại, đào tạo, giáo dục",60 tr - 80 tr vnd,60.0,80.0,vnd,70.0
digital marketing executive,nhân viên chính thức,nhân viên,hồ chí minh,2 - 3 năm,"chuyên viên social media, digital marketing executive;, marketer, chuyên viên pr marketing, online marketing executive, marketing executive, nhân viên marketing online, marketing specialist, nhân viên marketing, marketing operations officer","truyền thông, tiếp thị, marketing, kinh doanh, quảng cáo, đối ngoại, bán hàng",15 tr - 20 tr vnd,15.0,20.0,vnd,17.5
content writer full time,nhân viên chính thức,nhân viên,hà nội,trên 2 năm,"content writer full time, content staff, content executive, copywriter, nhân viên nội dung","truyền thông, tiếp thị, marketing, quảng cáo, truyền hình, báo chí, đối ngoại, biên tập",10 tr - 15 tr vnd,10.0,15.0,vnd,12.5
digital performance marketing executive,nhân viên chính thức,nhân viên,hồ chí minh,1 - 2 năm,"marketer, chuyên viên digital marketing, digital performance marketing executive, marketing specialist, digital marketing specialist, nhân viên marketing, offline","truyền thông, tiếp thị, marketing, tiếp thị trực tuyến, quảng cáo, đối ngoại",12 tr - 15 tr vnd,12.0,15.0,vnd,13.5
marketing executive sport fashion retail,nhân viên chính thức,nhân viên,hồ chí minh,2 - 3 năm,Unknown,"tiếp thị, marketing, tiếp thị trực tuyến, dệt may, thời trang, da giày",15 tr - 20 tr vnd,15.0,20.0,vnd,17.5
chuyên viên lập trình gis fullstack,nhân viên chính thức,nhân viên,hà nội,trên 2 năm,"qgis, geoserver, redis, gis, kafka, chuyên viên lập trình gis fullstack, graphql, elastucsearch, docker",cntt - phần mềm,25 tr - 35 tr vnd,25.0,35.0,vnd,30.0
chuyên viên digital marketing,nhân viên chính thức,nhân viên,hà nội,3 - 5 năm,"chuyên viên social media, marketer, chuyên viên pr marketing, online marketing executive, marketing executive, nhân viên marketing online, marketing specialist, nhân viên marketing, chuyên viên marketing online, marketing operations officer","truyền thông, tiếp thị, marketing, quảng cáo, đối ngoại",20 tr - 25 tr vnd,20.0,25.0,vnd,22.5
kế toán thống kê công trường lào cai,nhân viên chính thức,nhân viên,lào cai,1 - 3 năm,"nhân viên kế toán nhà máy, chuyên viên kế toán chuyên quản, nhân viên kế toán vật tư, accountant and administrative staff, cán bộ tài chính kế toán, accountant cum office admin, kế toán thống kê công trường lào cai, accounting executive, senior accountant, kế toán kho vận","kế toán, xây dựng, kiểm toán",10 tr - 13 tr vnd,10.0,13.0,vnd,11.5
trợ lý it,nhân viên chính thức,nhân viên,hà nam,1 - 2 năm,trợ lý it hsk,"hành chính, thư ký",10 tr - 15 tr vnd,10.0,15.0,vnd,12.5
quality manager,nhân viên chính thức,quản lý,bình dương,trên 4 năm,Unknown,"bảo trì, sản xuất, sửa chữa, qc), quản lý chất lượng (qa, vận hành sản xuất",24 tr - 26 tr vnd,24.0,26.0,vnd,25.0
it business analyst,nhân viên chính thức,nhân viên,hồ chí minh,2 - 3 năm,"software business analyst, chuyên viên phân tích hệ thống, it business analyst, phân tích hệ thống kinh doanh, hệ thống thông tin quản lý",cntt - phần mềm,15 tr - 30 tr vnd,15.0,30.0,vnd,22.5
sale engineer hà nội bắc ninh vĩnh phúc,nhân viên chính thức,nhân viên,hà nội,lên đến 2 năm,"tư vấn kinh doanh, tư vấn bán hàng, đại diện kinh doanh, sales representative, salesman, nhân viên kinh doanh, nvkd, bán hàng, sale engineer nhân viên bán hàng kỹ thuật hà nội bắc ninh vĩnh phúc, đại diện bán hàng","bán sỉ, kinh doanh, bán hàng, cơ khí, bán lẻ, ô tô, tự động hóa",11 tr - 20 tr vnd,11.0,20.0,vnd,15.5
retail trainer product trainer,nhân viên chính thức,nhân viên,hồ chí minh,1 - 5 năm,"lecturer, speaker, product trainer ngành hàng điện thoại điện tử điện gia dụng điện lạnh, giảng viên, retail trainer","tiếp thị, điện, bán sỉ, marketing, điện tử, bán lẻ, điện lạnh",17 tr - 22 tr vnd,17.0,22.0,vnd,19.5
sales engineer hồ chí minh,nhân viên chính thức,nhân viên,hồ chí minh,1 - 2 năm,"sales engineer hồ chí minh, kỹ sư kinh doanh, service engineer, kỹ sư bán hàng","điện, kinh doanh, điện tử, bán hàng, cơ khí, ô tô, điện lạnh, tự động hóa",13 tr - 15 tr vnd,13.0,15.0,vnd,14.0
digital marketing,nhân viên chính thức,nhân viên,hà nội,2 - 3 năm,"digital, online, social media","truyền thông, tiếp thị, marketing, tiếp thị trực tuyến, quảng cáo, đối ngoại",12 tr - 18 tr vnd,12.0,18.0,vnd,15.0
sales engineer ebraco international,nhân viên chính thức,nhân viên,hồ chí minh,2 - 5 năm,Unknown,"kinh doanh, bán hàng, cơ khí, ô tô, tự động hóa",13 tr - 15 tr vnd,13.0,15.0,vnd,14.0
nhân viên data analyst,nhân viên chính thức,nhân viên,hồ chí minh,1 - 2 năm,"data mining, data processing specialist, data processing staff, data processing, nhân viên xử lý dữ liệu, data analysis specialist, cộng tác viên xử lý dữ liệu, nhân viên data analyst, data processing officer, data processing executive, data validation","kế toán, ngân hàng, kiểm toán, tài chính, đầu tư",12 tr - 15 tr vnd,12.0,15.0,vnd,13.5
chuyên viên digital marketing,nhân viên chính thức,nhân viên,hà nội,trên 2 năm,"digital marketing manager, online marketing manager, online marketing executive, marketing executive, chuyên viên marketing, trưởng phòng marketing, giám đốc marketing, nhân viên marketing online, nhân viên marketing, nhân viên đăng tin quảng cáo","truyền thông, tiếp thị, marketing, tiếp thị trực tuyến, quảng cáo, đối ngoại",10 tr - 25 tr vnd,10.0,25.0,vnd,17.5
chuyên viên it network,nhân viên chính thức,nhân viên,hà nội,trên 3 năm,"kỹ thuật viên it, chuyên viên it, nhân viên it, it executive, it assistant, it specialist, kỹ sư hệ thống, it engineer, chuyên viên it network, system engineer","mạng, cntt - phần cứng",14 tr - 18 tr vnd,14.0,18.0,vnd,16.0
hcm design engineer,nhân viên chính thức,nhân viên,hồ chí minh,2 - 3 năm,"web designer, nhân viên phòng khai thác phát triển mẫu, designer, nhân viên thiết kế khuôn mẫu ngành nhựa, hcm design engineer, exterior, nhân viên cad 3d, formwork specialist, họa viên, trợ lý chế tạo khuôn mẫu, nhân viên thiết kế","vận hành sản xuất, sản xuất",12 tr - 16 tr vnd,12.0,16.0,vnd,14.0
training specialist chinese speaking,nhân viên chính thức,nhân viên,hồ chí minh,1 - 2 năm,"chuyên viên huấn luyện, huấn luyện viên, nhân viên phòng đào tạo, chuyên viên đào tạo, coach, teacher, training specialist chinese speaking hsk, giáo viên","đào tạo, giáo dục, dịch vụ khách hàng",17 tr - 19 tr vnd,17.0,19.0,vnd,18.0
lab testing engineer,nhân viên chính thức,nhân viên,bình dương,2 - 3 năm,"nguyễn tấn tín, r&d mechanical engineer, lab testing engineer electronics, nhân viên kiểm thử phần mềm, kỹ sư sản xuất, kỹ sư cơ khí, ô tô trường hải, lê văn biên","điện, qc), điện tử, quản lý chất lượng (qa, cơ khí, điện lạnh, ô tô, tự động hóa","1,000 - 1,200 usd",25.0,30.0,usd,27.5
chuyên viên video editor,"nhân viên chính thức, thực tập",nhân viên,hà nội,không yêu cầu,"nhân viên biên tập tin nội bộ, chuyên viên video editor, biên tập viên","tiếp thị, marketing, kinh doanh, bán hàng, bất động sản",10 tr - 15 tr vnd,10.0,15.0,vnd,12.5
telesales chinese line nigh shift prefer chinese taiwanese origin,nhân viên chính thức,nhân viên,hồ chí minh,trên 1 năm,"nhân viên bán hàng qua điện thoại, taiwanese origin, sales agent, sales executive, salesman, telesales chinese line nigh shift us market prefer chinese, chinese translator, personal finance cousellor, nhân viên telesale, nhân viên kinh doanh qua điện thoại","tiếp thị, marketing, kinh doanh, dịch vụ khách hàng, bán hàng",trên 22 tr vnd,22.0,0.0,vnd,11.0
embedded software developer,nhân viên chính thức,nhân viên,hokkaido,lên đến 3 năm,"game developer, embedded software developer, advert developer, frontend developer, web developer, lập trình viên","mạng, thiết kế, cntt - phần mềm, nghệ thuật, cntt - phần cứng, mỹ thuật",82 tr - 100 tr vnd,82.0,100.0,vnd,91.0
content writer,nhân viên chính thức,nhân viên,hồ chí minh,1 - 2 năm,"content staff, content executive, nhân viên nội dung, content writer night shift, copywriter","tiếp thị, marketing, mạng, cntt - phần mềm, cntt - phần cứng",11 tr - 13 tr vnd,11.0,13.0,vnd,12.0
backend engineer,nhân viên chính thức,nhân viên,hồ chí minh,trên 7 năm,Unknown,"mạng, cntt - phần mềm, cntt - phần cứng",trên 60 tr vnd,60.0,0.0,vnd,30.0
senior manager retails display and posm,nhân viên chính thức,quản lý,hồ chí minh,trên 3 năm,"quản lý sản xuất, quản đốc sản xuất, product manager, quản lý sản phẩm, production controller, senior production manager advertising marketing materials","truyền thông, tiếp thị, marketing, tiếp thị trực tuyến, quảng cáo, đối ngoại","2,000 - 5,000 usd",50.0,125.0,usd,87.5
nhân viên kho khu công nghiệp thạch thất quốc oai,toàn thời gian cố định,"chuyên viên, nhân viên",hà nội,không yêu cầu,thu mua kho vận chuỗi cung ứng,thu mua - kho vận - chuỗi cung ứng,7 - 12 triệu,7.0,12.0,vnd,9.5
nhân viên chăm sóc khách hàng theo data có sẵn,toàn thời gian cố định,"chuyên viên, nhân viên",hà nội,không yêu cầu,", bán hàng kinh doanh, chăm sóc khách hàng, bán sỉ bán lẻ quản lý cửa hàng",", bán hàng - kinh doanh, chăm sóc khách hàng, bán sỉ - bán lẻ - quản lý cửa hàng",10 - 30 triệu,10.0,30.0,vnd,20.0
junior presales engineer,toàn thời gian cố định,"chuyên viên, nhân viên",hồ chí minh,không yêu cầu,", it phần mềm, it phần cứng mạng",", it phần mềm, it phần cứng - mạng",10 - 22 triệu,10.0,22.0,vnd,16.0
nhân viên tư vấn bán hàng la maison de l apothiquaire quận 3,toàn thời gian cố định,"chuyên viên, nhân viên",hồ chí minh,không yêu cầu,"hành chính thư ký, , bán hàng kinh doanh, bán sỉ bán lẻ quản lý cửa hàng","hành chính - thư ký, , bán hàng - kinh doanh, bán sỉ - bán lẻ - quản lý cửa hàng",10 - 15 triệu,10.0,15.0,vnd,12.5
nhân viên kỹ thuật it,toàn thời gian cố định,"chuyên viên, nhân viên",hà nội,không yêu cầu,it phần cứng mạng,it phần cứng - mạng,8 - 10 triệu,8.0,10.0,vnd,9.0
nhân viên quản lý vận hành website làm việc tại quận bắc từ liêm,toàn thời gian cố định,"chuyên viên, nhân viên",hà nội,không yêu cầu,", it phần mềm, thiết kế sáng tạo nghệ thuật, marketing",", it phần mềm, marketing, thiết kế - sáng tạo nghệ thuật",15 - 20 triệu,15.0,20.0,vnd,17.5
cyber network engineer,toàn thời gian cố định,chuyên gia,hồ chí minh,không yêu cầu,", khoa học kỹ thuật, it phần cứng mạng, it phần mềm",", it phần mềm, khoa học - kỹ thuật, it phần cứng - mạng",20 - 30 triệu,20.0,30.0,vnd,25.0
kỹ sư kinh doanh sales engineer lương 15 30tr,toàn thời gian cố định,"chuyên viên, nhân viên",hồ chí minh,không yêu cầu,", bán hàng kinh doanh, khoa học kỹ thuật, bán sỉ bán lẻ quản lý cửa hàng",", bán hàng - kinh doanh, khoa học - kỹ thuật, bán sỉ - bán lẻ - quản lý cửa hàng",15 - 30 triệu,15.0,30.0,vnd,22.5
chuyên viên công nghệ thông tin có chuyên môn về it phần cứng mạng,toàn thời gian cố định,"chuyên viên, nhân viên",bình thuận,không yêu cầu,", it phần mềm, it phần cứng mạng, khoa học kỹ thuật",", it phần mềm, it phần cứng - mạng, khoa học - kỹ thuật",10 - 20 triệu,10.0,20.0,vnd,15.0
graphic design executive mạnh quay chụp edit hình và video,toàn thời gian cố định,"chuyên viên, nhân viên",hồ chí minh,không yêu cầu,", thông tin truyền thông quảng cáo, truyền hình báo chí biên tập, thiết kế sáng tạo nghệ thuật",", thông tin - truyền thông - quảng cáo, thiết kế - sáng tạo nghệ thuật, truyền hình - báo chí - biên tập",13 - 18 triệu,13.0,18.0,vnd,15.5
nhân viên tư vấn tài chính không yêu cầu kinh nghiệm sẽ được trainning,khác,"chuyên viên, nhân viên",hồ chí minh,không yêu cầu,", bảo hiểm, ngân hàng, tài chính đầu tư chứng khoán",", bảo hiểm, ngân hàng, tài chính - đầu tư - chứng khoán",5 - 50 triệu,5.0,50.0,vnd,27.5
nhân viên kinh doanh đi làm ngay quận hoàng mai,toàn thời gian cố định,"chuyên viên, nhân viên",hà nội,không yêu cầu,", bán hàng kinh doanh, cơ khí ô tô tự động hóa, chăm sóc khách hàng",", bán hàng - kinh doanh, cơ khí - ô tô - tự động hóa, chăm sóc khách hàng",8 - 25 triệu,8.0,25.0,vnd,16.5
nhân viên it phần mềm,toàn thời gian cố định,"chuyên viên, nhân viên",hồ chí minh,không yêu cầu,", it phần mềm, khoa học kỹ thuật",", it phần mềm, khoa học - kỹ thuật",14 - 16 triệu,14.0,16.0,vnd,15.0
supply chain manager thu nhập lên tới 40m có xe đưa đón từ hà nội,toàn thời gian cố định,quản lý cấp trung,hưng yên,không yêu cầu,thu mua kho vận chuỗi cung ứng,thu mua - kho vận - chuỗi cung ứng,30 - 40 triệu,30.0,40.0,vnd,35.0
nhân viên video editor,toàn thời gian cố định,"chuyên viên, nhân viên",hà nội,không yêu cầu,", thông tin truyền thông quảng cáo, truyền hình báo chí biên tập, thiết kế sáng tạo nghệ thuật",", thông tin - truyền thông - quảng cáo, thiết kế - sáng tạo nghệ thuật, truyền hình - báo chí - biên tập",7 - 12 triệu,7.0,12.0,vnd,9.5
nhân viên video editor,toàn thời gian cố định,"chuyên viên, nhân viên",hà nội,không yêu cầu,", thông tin truyền thông quảng cáo, marketing, thiết kế sáng tạo nghệ thuật",", thông tin - truyền thông - quảng cáo, thiết kế - sáng tạo nghệ thuật, marketing",10 - 15 triệu,10.0,15.0,vnd,12.5
nhân viên it help desk,toàn thời gian cố định,"chuyên viên, nhân viên",long an,không yêu cầu,", it phần mềm, sản xuất lắp ráp chế biến, it phần cứng mạng",", it phần mềm, sản xuất - lắp ráp - chế biến, it phần cứng - mạng",10 - 15 triệu,10.0,15.0,vnd,12.5
nhân viên seo website và youtube,toàn thời gian cố định,"chuyên viên, nhân viên",hà nội,không yêu cầu,", thông tin truyền thông quảng cáo, cơ khí ô tô tự động hóa, marketing",", thông tin - truyền thông - quảng cáo, cơ khí - ô tô - tự động hóa, marketing",10 - 15 triệu,10.0,15.0,vnd,12.5
chuyên viên khai thác tài sản,toàn thời gian cố định,"chuyên viên, nhân viên",hà nội,không yêu cầu,"tài chính đầu tư chứng khoán, , ngân hàng","tài chính - đầu tư - chứng khoán, , ngân hàng",10 - 30 triệu,10.0,30.0,vnd,20.0
lead embedded software engineer,toàn thời gian cố định,chuyên gia,hồ chí minh,không yêu cầu,", it phần mềm, khoa học kỹ thuật",", it phần mềm, khoa học - kỹ thuật",20 - 30 triệu,20.0,30.0,vnd,25.0
nhân viên triển khai bản vẽ 2d lương 15 25 triệu,toàn thời gian cố định,"chuyên viên, nhân viên",hà nội,không yêu cầu,", xây dựng, kiến trúc thiết kế nội ngoại thất, thiết kế sáng tạo nghệ thuật",", xây dựng, kiến trúc - thiết kế nội ngoại thất, thiết kế - sáng tạo nghệ thuật",15 - 25 triệu,15.0,25.0,vnd,20.0
photographer video editor thủ đức,toàn thời gian cố định,"chuyên viên, nhân viên",hồ chí minh,không yêu cầu,", thông tin truyền thông quảng cáo, marketing, thiết kế sáng tạo nghệ thuật",", thông tin - truyền thông - quảng cáo, thiết kế - sáng tạo nghệ thuật, marketing",8 - 12 triệu,8.0,12.0,vnd,10.0
bảo vệ đi làm ngay tại các khu vực hà đông cầu giấy hai bà trưng thanh xuân linh đàm hà nội,khác,"chuyên viên, nhân viên",hà nội,không yêu cầu,", lao động phổ thông, nhân sự, an ninh bảo vệ",", an ninh - bảo vệ, nhân sự, lao động phổ thông",6 - 7 triệu,6.0,7.0,vnd,6.5
giám sát kinh doanh kênh xe máy tại đồng nai,toàn thời gian cố định,"quản lý nhóm, giám sát",đồng nai,không yêu cầu,"tài chính đầu tư chứng khoán, , điện điện tử điện lạnh, thông tin truyền thông quảng cáo","tài chính - đầu tư - chứng khoán, , điện - điện tử - điện lạnh, thông tin - truyền thông - quảng cáo",12 - 25 triệu,12.0,25.0,vnd,18.5
nhân viên bán hàng tại biên hòa đồng nai,toàn thời gian cố định,"chuyên viên, nhân viên",đồng nai,không yêu cầu,", bán hàng kinh doanh, lao động phổ thông, bán sỉ bán lẻ quản lý cửa hàng",", bán hàng - kinh doanh, lao động phổ thông, bán sỉ - bán lẻ - quản lý cửa hàng",8 - 8.5 triệu,8.0,8.5,vnd,8.25
trưởng nhóm chứng từ khai báo hải quan,toàn thời gian cố định,"quản lý nhóm, giám sát",hồ chí minh,không yêu cầu,", xuất nhập khẩu, vận tải lái xe giao nhận, thu mua kho vận chuỗi cung ứng",", xuất nhập khẩu, vận tải - lái xe - giao nhận, thu mua - kho vận - chuỗi cung ứng",20 - 30 triệu,20.0,30.0,vnd,25.0
talent acquisition recruitment specialist,toàn thời gian cố định,"chuyên viên, nhân viên",hồ chí minh,không yêu cầu,", nhân sự, hành chính thư ký",", nhân sự, hành chính - thư ký",10 - 20 triệu,10.0,20.0,vnd,15.0
nhân viên kaizen tiếng nhật tiếng nhật n2 upto 14m gross có hỗ trợ xe đưa đón,full-time,"nhân viên, chuyên viên",biên hòa,1 - 3 năm,"quản lý chất lượng (qa, hành chính văn phòng, qc)","chế biến, sản xuất, hành chính, văn phòng, biên phiên dịch, lắp ráp",12 - 14 triệu vnđ,12.0,14.0,vnd,13.0
net developer lương hấp dẫn 20 25 triệu,full-time,"nhân viên, chuyên viên",hà nội,2 - 3 năm,"c#, .net, asp.net, frontend (html, css)","it phần mềm, nhân sự",20 - 25 triệu vnđ,20.0,25.0,vnd,22.5
it communicator phiên dịch viên tiếng nhật,full-time,"nhân viên, chuyên viên",quận 1,không yêu cầu,"phiên dịch, biên, tư vấn bán hàng","chăm sóc khách hàng, kinh doanh, hành chính, văn phòng, biên phiên dịch, đào tạo, bán hàng, giáo dục",20 - 35 triệu vnđ,20.0,35.0,vnd,27.5
nhân viên video editor,full-time,"nhân viên, chuyên viên",hồ chí minh,2 - 5 năm,"social marketing, dựng phim, hiệu ứng video, adobe photoshop","truyền thông, quảng cáo, thiết kế, pr, spa, làm đẹp",9 - 15 triệu vnđ,9.0,15.0,vnd,12.0
senior backend developer,full-time,"nhân viên, chuyên viên",hà nội,trên 5 năm,"java, backend",it phần mềm,20 - 35 triệu vnđ,20.0,35.0,vnd,27.5
nhân viên kinh doanh telesale chăm sóc khách hàng tư vấn mảng làm đẹp data tiềm năng có sẵn,full-time,"nhân viên, chuyên viên",hà nội,dưới 1 năm,Unknown,Unknown,13 - 20 triệu vnđ,13.0,20.0,vnd,16.5
javascript developer intern,full-time,"mới tốt nghiệp, thực tập sinh",hà nội,không yêu cầu,"nhập liệu, c#, .net, javascript, frontend (html, css)","it phần mềm, văn phòng, hành chính",2 - 3 triệu vnđ,2.0,3.0,vnd,2.5
trưởng phòng xuất nhập khẩu tại kcn long thành đồng nai,full-time,"trưởng nhóm, trưởng phòng",đồng nai,4 - 5 năm,"xuất nhập khẩu, quản lý điều hành, chứng từ","chế biến, sản xuất, kinh doanh, quản lý, lắp ráp, bán hàng, xuất nhập khẩu",đến 20 triệu vnđ,0.0,20.0,vnd,10.0
nhân viên kinh doanh mảng fitness,"full-time , part-time","nhân viên, chuyên viên",hà nội,không yêu cầu,"phát triển thị trường, tư vấn bán hàng","bán hàng, chăm sóc khách hàng, kinh doanh",5 - 20 triệu vnđ,5.0,20.0,vnd,12.5
culinary trainee thực tập sinh bộ phận bếp,full-time,"nhân viên, chuyên viên",hải phòng,không yêu cầu,"phụ bếp, bếp trưởng","chế biến, sản xuất, nhà hàng, lắp ráp, khách sạn",1 - 3 triệu vnđ,1.0,3.0,vnd,2.0
nhân viên it support,full-time,"nhân viên, chuyên viên",hà nội,trên 1 năm,"phần cứng máy tính, it support, quản trị hệ thống, điện thoại, quản trị mạng",it phần cứng,12 - 15 triệu vnđ,12.0,15.0,vnd,13.5
nhân viên triển khai 2d hcm,full-time,"nhân viên, chuyên viên",hồ chí minh,trên 1 năm,"thiết kế 3d, thiết kế nội thất, thiết kế 2d","thiết kế, nội thất, kiến trúc",10 - 20 triệu vnđ,10.0,20.0,vnd,15.0
digital marketing,full-time,"nhân viên, chuyên viên",hà nội,1 - 5 năm,"google ads(adwords), facebook ads, digital marketing","truyền thông, marketing, truyền hình, báo chí, quảng cáo, pr",12 - 14 triệu vnđ,12.0,14.0,vnd,13.0
senior full stack developer,full-time,"nhân viên, chuyên viên",hà nội,trên 2 năm,"python, c++, c, frontend (html, full stack, quản lý dự án (it), css)",it phần mềm,12 - 15 triệu vnđ,12.0,15.0,vnd,13.5
data engineer intern,part-time,"mới tốt nghiệp, thực tập sinh",hồ chí minh,không yêu cầu,"python, data analytics, sql, big data, java, hadoop",it phần mềm,2 - 4 triệu vnđ,2.0,4.0,vnd,3.0
chuyên viên digital marketing,full-time,"nhân viên, chuyên viên",hồ chí minh,không yêu cầu,"social marketing, digital marketing","tài chính, ngân hàng",đến 15 triệu vnđ,0.0,15.0,vnd,7.5
đồng nai long thành nhân viên hỗ trợ thanh toán tại địa bàn,full-time,"nhân viên, chuyên viên",đồng nai,không yêu cầu,"quan hệ khách hàng, giao hàng(shipper), xử lý nợ","ngân hàng, lao động phổ thông, kinh doanh, tài chính, bán hàng",15 - 25 triệu vnđ,15.0,25.0,vnd,20.0
nhân viên digital marketing,full-time,"nhân viên, chuyên viên",quận 1,dưới 3 năm,"google ads(adwords), digital marketing",marketing,7 - 13 triệu vnđ,7.0,13.0,vnd,10.0
nhân viên photograp video editor,full-time,"nhân viên, chuyên viên",bình dương,trên 2 năm,"truyền thông, dựng phim, báo chí, adobe photoshop, hiệu ứng video","truyền thông, truyền hình, thiết kế, báo chí, pr, quảng cáo",15 - 25 triệu vnđ,15.0,25.0,vnd,20.0
nhân viên thiết kế thumbnail youtube,full-time,"nhân viên, chuyên viên",hà nội,dưới 1 năm,"thiết kế 3d, cơ khí, adobe photoshop, thiết kế 2d","thiết kế, ô tô, cơ khí, tự động hóa",10 - 15 triệu vnđ,10.0,15.0,vnd,12.5
nhân viên sales digital marketing,full-time,"nhân viên, chuyên viên",hà nội,dưới 5 năm,"tư vấn bán hàng, chăm sóc khách hàng","bán hàng, chăm sóc khách hàng, kinh doanh",đến 20 triệu vnđ,0.0,20.0,vnd,10.0
nhân viên văn phòng kênh topup xsell thẻ tín dụng hỗ trợ 100 data,full-time,"nhân viên, chuyên viên",tp thủ đức,không yêu cầu,"bán hàng qua điện thoại (telesale), quan hệ khách hàng, chăm sóc khách hàng","bán hàng, chăm sóc khách hàng, kinh doanh",đến 15 triệu vnđ,0.0,15.0,vnd,7.5
triển khai dự án số hóa,full-time,"nhân viên, chuyên viên",hà nội,1 - 2 năm,"nhập liệu, văn thư, lưu trữ","đấu thầu, dự án",7 - 12 triệu vnđ,7.0,12.0,vnd,9.5
nhân viên video editor,full-time,"nhân viên, chuyên viên",hà nội,trên 1 năm,"dựng phim, hiệu ứng video, adobe photoshop","truyền hình, thiết kế, báo chí, marketing",11 - 15 triệu vnđ,11.0,15.0,vnd,13.0
chăm sóc khách hàng tpbank ba đình hai bà trưng bắc từ liêm,full-time,"nhân viên, chuyên viên",hà nội,không yêu cầu,"tổng đài viên, tuyển dụng (hr), tư vấn bán hàng","nhân sự, ngân hàng, chăm sóc khách hàng, kinh doanh, tài chính, bán hàng, xuất nhập khẩu",7 - 9 triệu vnđ,7.0,9.0,vnd,8.0
nhân viên kinh doanh ô tô hyundai,full-time,"nhân viên, chuyên viên",hà nội,dưới 1 năm,"tư vấn doanh nghiệp (b2b), tư vấn bán hàng","bán hàng, kinh doanh",đến 20 triệu vnđ,0.0,20.0,vnd,10.0
sales it b2b chuyên viên kinh doanh giải pháp cntt,full-time,"nhân viên, chuyên viên",hà nội,3 - 5 năm,"tư vấn doanh nghiệp (b2b), tư vấn bán hàng","bán hàng, chăm sóc khách hàng, kinh doanh",10 - 30 triệu vnđ,10.0,30.0,vnd,20.0
tech lead solution software architect,full-time,"nhân viên, chuyên viên",hà nội,15 - 5 năm,"php, javascript, sql, java, cloud (aws, azure)",it phần mềm,từ 40 triệu vnđ,40.0,0.0,vnd,20.0
nodejs backend,full-time,"nhân viên, chuyên viên",hà nội,1 - 3 năm,"nodejs, backend","điện, điện tử, cơ khí, ô tô, it phần mềm, điện lạnh, tự động hóa",20 - 30 triệu vnđ,20.0,30.0,vnd,25.0
nhân viên phục vụ bàn waiter waitress làm việc nước ngoài,full-time,"nhân viên, chuyên viên",hồ chí minh,2 - 5 năm,"bàn, phục vụ bàn, phụ bếp","khách sạn, nhà hàng",20 - 80 triệu vnđ,20.0,80.0,vnd,50.0
automation test engineer,full-time,"nhân viên, chuyên viên",hồ chí minh,trên 3 năm,"triển khai phần mềm, test, data analytics, qa, frontend (html, css)",it phần mềm,22 - 34 triệu vnđ,22.0,34.0,vnd,28.0
nhân viên phát triển vùng trồng gia lai,full-time,"nhân viên, chuyên viên",gia lai,dưới 1 năm,"lâm nghiệp, trồng trọt","ngư nghiệp, nông, lâm",8 - 11 triệu vnđ,8.0,11.0,vnd,9.5
nhân viên kinh doanh sales engineer,full-time,"nhân viên, chuyên viên",hồ chí minh,trên 0.5 năm,"bán lẻ, kỹ sư bán hàng (sale engineer), tư vấn bán hàng","chăm sóc khách hàng, bán sỉ, kinh doanh, bán hàng, cửa hàng, bán lẻ",6 - 15 triệu vnđ,6.0,15.0,vnd,10.5
phước an nhơn trạch đồng nai nhân viên hỗ trợ thanh toán tại địa bàn,full-time,"nhân viên, chuyên viên",đồng nai,không yêu cầu,"quan hệ khách hàng, giao hàng(shipper), xử lý nợ","ngân hàng, lao động phổ thông, kinh doanh, tài chính, bán hàng",15 - 25 triệu vnđ,15.0,25.0,vnd,20.0
full stack developer,full-time,"nhân viên, chuyên viên",ho chi minh city,trên 1 năm,"php, javascript, frontend (html, full stack, css)",it phần mềm,12 - 18 triệu vnđ,12.0,18.0,vnd,15.0
nhân viên sửa chữa cơ khí hàn container,full-time,"nhân viên, chuyên viên",đồng nai,trên 0.5 năm,"cơ khí, hàn xì, bảo trì sửa chữa","ô tô, cơ khí, tự động hóa",7 - 13 triệu vnđ,7.0,13.0,vnd,10.0
trưởng bộ phận triển khai kỹ thuật nội thất,full-time,"trưởng nhóm, trưởng phòng",văn lâm,1 - 5 năm,"kỹ thuật công nghiệp, kiến trúc","chế biến, sản xuất, nội thất, xây dựng, lắp ráp, kiến trúc",18 - 25 triệu vnđ,18.0,25.0,vnd,21.5
nhân viên it support helpdesk,full-time,"nhân viên, chuyên viên",hà nội,trên 1 năm,"quản trị mạng, it helpdesk, it support","it phần cứng, chăm sóc khách hàng",8 - 10 triệu vnđ,8.0,10.0,vnd,9.0
nhân viên kaizen tiếng nhật n2 up to 14m gross,full-time,"nhân viên, chuyên viên",kcn amata,2 - 5 năm,"quản lý chất lượng (qa, vận hành sản xuất, quản lý sản xuất, qc)","lắp ráp, chế biến, sản xuất",đến 14 triệu vnđ,0.0,14.0,vnd,7.0
software qa full time 2024,full-time,"nhân viên, chuyên viên",hồ chí minh,không yêu cầu,"test, tư vấn bán hàng, qa, qc), quản lý chất lượng (qa","chế biến, sản xuất, kinh doanh, lắp ráp, bán hàng, it phần mềm",từ 23 triệu vnđ,23.0,0.0,vnd,11.5
developer full stack,full-time,"nhân viên, chuyên viên",hà nội,3 - 5 năm,"lập trình mobile, lập kế hoạch","it phần cứng, it phần mềm, khoa học, kỹ thuật",15 - 30 triệu vnđ,15.0,30.0,vnd,22.5
nhân viên khai báo thủ tục hải quan,full-time,"nhân viên, chuyên viên",quận 7,1 - 2 năm,"thương mại quốc tế, chứng từ","bán hàng, xuất nhập khẩu, kinh doanh",10 - 15 triệu vnđ,10.0,15.0,vnd,12.5
technical developer,full-time,"nhân viên, chuyên viên",hà nội,dưới 5 năm,"tư vấn bán hàng, giám sát sản xuất, dệt may","chế biến, chăm sóc khách hàng, kinh doanh, sản xuất, dệt may, da giày, lắp ráp, bán hàng, it phần mềm",13 - 25 triệu vnđ,13.0,25.0,vnd,19.0
nhân viên website marketing thu nhập 10 20 triệu tháng,full-time,"nhân viên, chuyên viên",hồ chí minh,không yêu cầu,"bán hàng qua điện thoại (telesale), chăm sóc khách hàng","marketing, bán hàng, kinh doanh",từ 10 triệu vnđ,10.0,0.0,vnd,5.0
nhân viên phục vụ bàn waiter waitress,full-time,"nhân viên, chuyên viên",hồ chí minh,dưới 5 năm,"phục vụ bàn, chăm sóc khách hàng, điều phối viên","chăm sóc khách hàng, khách sạn, nhà hàng",đến 20 triệu vnđ,0.0,20.0,vnd,10.0
backend developer,full-time,"nhân viên, chuyên viên",hà nội,1 - 2 năm,"c#, asp.net, .net, backend",it phần mềm,20 - 50 triệu vnđ,20.0,50.0,vnd,35.0
nhân viên kỹ thuật sửa chữa xe container,full-time,"nhân viên, chuyên viên",hồ chí minh,trên 1 năm,"cơ khí, bảo trì sửa chữa, tự động hóa","điện, điện tử, cơ khí, điện lạnh, ô tô, tự động hóa",10 - 15 triệu vnđ,10.0,15.0,vnd,12.5
hse engineer giám sát atld hải phòng,full-time,"nhân viên, chuyên viên",hải phòng,trên 2 năm,"môi trường, xử lý chất thải","điện, điện tử, môi trường, xây dựng, an toàn lao động, cơ khí, ô tô, điện lạnh, tự động hóa",16 - 20 triệu vnđ,16.0,20.0,vnd,18.0
digital marketing lương 8 15tr thưởng,full-time,"nhân viên, chuyên viên",điện biên,trên 1 năm,digital marketing,marketing,8 - 15 triệu vnđ,8.0,15.0,vnd,11.5
nhân viên it phần mềm,full-time,"nhân viên, chuyên viên",long an,1 - 2 năm,"triển khai phần mềm, php, it support, frontend (html, css)","it phần cứng, it phần mềm",9 - 15 triệu vnđ,9.0,15.0,vnd,12.0
community and marketing specialist,full-time,"nhân viên, chuyên viên",hồ chí minh,không yêu cầu,"truyền thông, social marketing, báo chí","truyền thông, quảng cáo, pr, marketing",5 - 100 triệu vnđ,5.0,100.0,vnd,52.5
nodejs developer,full-time,"nhân viên, chuyên viên",hà nội,2 - 4 năm,"javascript, full stack, nodejs","it phần cứng, it phần mềm",đến 35 triệu vnđ,0.0,35.0,vnd,17.5
nhân viên bán hàng kỹ thuật sales engineer,full-time,"nhân viên, chuyên viên",đà nẵng,1 - 5 năm,"kỹ sư bán hàng (sale engineer), tư vấn bán hàng","bán hàng, chăm sóc khách hàng, kinh doanh",8 - 10 triệu vnđ,8.0,10.0,vnd,9.0
pre sale system engineer,full-time,"nhân viên, chuyên viên",hồ chí minh,trên 2 năm,"triển khai phần mềm, tư vấn bán hàng","it phần mềm, bán hàng, kinh doanh",25 - 35 triệu vnđ,25.0,35.0,vnd,30.0
trưởng phòng it,full-time,"trưởng nhóm, trưởng phòng",thủ đức,5 - 10 năm,"it support, vận hành sản xuất, ngoại ngữ","it phần cứng, it phần mềm, quản lý",22 - 33 triệu vnđ,22.0,33.0,vnd,27.5
nhân viên kho cửa hàng charles keith hà nội,full-time,"nhân viên, chuyên viên",hà nội,không yêu cầu,"phụ kho, thủ kho","kho vận, lao động phổ thông, bán sỉ, cửa hàng, bán lẻ",7 - 8 triệu vnđ,7.0,8.0,vnd,7.5
sustainability representative,full-time,"nhân viên, chuyên viên",hà nội,dưới 5 năm,an toàn lao động,"dệt may, luật, da giày, an toàn lao động, pháp chế",25 - 33 triệu vnđ,25.0,33.0,vnd,29.0
kỹ sư triển khai dự án pccc hvac,full-time,"nhân viên, chuyên viên",hà nội,trên 2 năm,"điện lạnh, cơ khí, thi công, nhiệt lạnh","điện, kinh doanh, xây dựng, điện tử, bán hàng, cơ khí, ô tô, điện lạnh, tự động hóa",12 - 18 triệu vnđ,12.0,18.0,vnd,15.0
nhân viên quay dựng video editor,full-time,"nhân viên, chuyên viên",quận 1,trên 1 năm,"social marketing, dựng phim, hiệu ứng video","truyền thông, marketing, quảng cáo, thiết kế, pr",10 - 12 triệu vnđ,10.0,12.0,vnd,11.0
sales engineer tiếng nhật n3 upto 35m gross,full-time,"nhân viên, chuyên viên",hồ chí minh,2 - 5 năm,"kỹ sư bán hàng (sale engineer), tư vấn bán hàng, tự động hóa","kinh doanh, bán hàng, cơ khí, ô tô, tự động hóa",25 - 35 triệu vnđ,25.0,35.0,vnd,30.0
nhân viên triển khai shopdrawing mảng nội thất,full-time,"nhân viên, chuyên viên",tx dĩ an,2 - 5 năm,thiết kế nội thất,"xây dựng, nội thất, kiến trúc",13 - 20 triệu vnđ,13.0,20.0,vnd,16.5
nhân viên kinh doanh thị trường tại bảo lộc đạ huoai đạ teh cát tiên,full-time,"nhân viên, chuyên viên",lâm đồng,1 - 2 năm,"tư vấn bán hàng, chăm sóc khách hàng","bán hàng, chăm sóc khách hàng, kinh doanh",8 - 20 triệu vnđ,8.0,20.0,vnd,14.0
kế toán tư vấn triển khai,full-time,"nhân viên, chuyên viên",hà nội,trên 2 năm,"kiểm toán, tư vấn bán hàng, kế toán tổng hợp","kế toán, kinh doanh, kiểm toán, bán hàng, it phần mềm",từ 9 triệu vnđ,9.0,0.0,vnd,4.5
full stack developer,full-time,"nhân viên, chuyên viên",đà nẵng,3 - 5 năm,nodejs,it phần mềm,đến 30 triệu vnđ,0.0,30.0,vnd,15.0
nhân viên editor,full-time,"nhân viên, chuyên viên",thái nguyên,không yêu cầu,"dựng phim, thiết kế sản phẩm, adobe photoshop, hiệu ứng video, adobe premier","truyền hình, thiết kế, báo chí",8 - 12 triệu vnđ,8.0,12.0,vnd,10.0
nhân viên biên tập editor,full-time,"nhân viên, chuyên viên",ba đình,1 - 2 năm,"dựng phim, hiệu ứng video","mỹ phẩm, dược phẩm",10 - 13 triệu vnđ,10.0,13.0,vnd,11.5
nhân viên tư vấn triển khai phần mềm website,full-time,"nhân viên, chuyên viên",hồ chí minh,không yêu cầu,"tư vấn doanh nghiệp (b2b), triển khai phần mềm, quản trị hệ thống, tư vấn bán hàng","chăm sóc khách hàng, kinh doanh, bán hàng, it phần cứng, it phần mềm",7 - 20 triệu vnđ,7.0,20.0,vnd,13.5
it comtor,full-time,"nhân viên, chuyên viên",phường tân chánh hiệp,dưới 5 năm,"kỹ sư cầu nối, phiên dịch, biên, it support","it phần cứng, it phần mềm, biên phiên dịch",8 - 12 triệu vnđ,8.0,12.0,vnd,10.0
nhân viên it,full-time,"nhân viên, chuyên viên",hà nội,dưới 1 năm,"quản trị mạng, quản trị hệ thống, it support",it phần cứng,7 - 9 triệu vnđ,7.0,9.0,vnd,8.0
công nhân sửa chữa vỏ container có nhận đào tạo từ đầu,full-time,"nhân viên, chuyên viên",hải phòng,không yêu cầu,"bảo trì sửa chữa, cơ khí, hàn xì, nhiệt lạnh, điện lạnh","điện, điện tử, cơ khí, điện lạnh, ô tô, tự động hóa",13 - 20 triệu vnđ,13.0,20.0,vnd,16.5
it helpdesk,full-time,"nhân viên, chuyên viên",hồ chí minh,365 - 2 năm,"it helpdesk, it support","it phần cứng, chăm sóc khách hàng",9 - 12 triệu vnđ,9.0,12.0,vnd,10.5
nhân viên digital marketing,full-time,"nhân viên, chuyên viên",hồ chí minh,2 - 3 năm,"truyền thông, facebook ads, digital marketing, báo chí, seo","truyền thông, quảng cáo, pr, marketing",từ 10 triệu vnđ,10.0,0.0,vnd,5.0
compliance and security tiếng nhật,full-time,"nhân viên, chuyên viên",hồ chí minh,5 - 7 năm,"luật hành chính, luật, an ninh mạng","it phần mềm, luật, pháp chế, nhân sự",25 - 36 triệu vnđ,25.0,36.0,vnd,30.5
full stack developer nhận việc ngay,full-time,"nhân viên, chuyên viên",đà nẵng,trên 2 năm,"php, full stack, nodejs",it phần mềm,từ 40 triệu vnđ,40.0,0.0,vnd,20.0
junior mid ruby on rails developer,full-time,"nhân viên, chuyên viên",hồ chí minh,2 - 5 năm,"quản lý dự án (it), lập trình mobile",it phần mềm,30 - 48 triệu vnđ,30.0,48.0,vnd,39.0
digital marketing leader,full-time,"trưởng nhóm, trưởng phòng",hồ chí minh,trên 3 năm,"truyền thông, facebook ads, digital marketing, báo chí, seo","truyền thông, quảng cáo, pr, marketing",15 - 18 triệu vnđ,15.0,18.0,vnd,16.5
java developer,full-time,"nhân viên, chuyên viên",hà nội,không yêu cầu,"javascript, java",it phần mềm,9 - 15 triệu vnđ,9.0,15.0,vnd,12.0
giám sát bán hàng fmcg đồng nai quảng ngãi hậu giang sóc trăng,full-time,"trưởng nhóm, trưởng phòng",quảng ngãi,dưới 5 năm,"giám sát bán hàng, tư vấn bán hàng","bán hàng, kinh doanh",15 - 30 triệu vnđ,15.0,30.0,vnd,22.5
nhân viên digital marketing,full-time,"nhân viên, chuyên viên",hà nội,trên 2 năm,digital marketing,marketing,10 - 12 triệu vnđ,10.0,12.0,vnd,11.0
nhân viên quay dựng video editor,full-time,"nhân viên, chuyên viên",biên hòa,trên 1 năm,"dựng phim, hiệu ứng video, adobe photoshop","truyền hình, thiết kế, báo chí",8 - 14 triệu vnđ,8.0,14.0,vnd,11.0
digital product development engineer iii,full-time,"trưởng nhóm, trưởng phòng",hà nội,trên 3 năm,"javascript, vận hành sản xuất, cơ khí, java","chế biến, sản xuất, lắp ráp, cơ khí, it phần mềm, ô tô, tự động hóa",25 - 45 triệu vnđ,25.0,45.0,vnd,35.0
web developer,full-time,"nhân viên, chuyên viên",hồ chí minh,trên 1 năm,"php, javascript, quản trị hệ thống, frontend (html, css)","it phần cứng, it phần mềm, chăm sóc khách hàng",11 - 15 triệu vnđ,11.0,15.0,vnd,13.0
digital marketing,full-time,"nhân viên, chuyên viên",hà nội,1 - 5 năm,"google ads(adwords), facebook ads, digital marketing","truyền thông, quảng cáo, pr, marketing",12 - 14 triệu vnđ,12.0,14.0,vnd,13.0
chuyên viên tư vấn khoá học mankai,full-time,"nhân viên, chuyên viên",hà nội,dưới 1 năm,"bán hàng qua điện thoại (telesale), tuyển sinh, tư vấn bán hàng","đào tạo, giáo dục, bán hàng, kinh doanh",8 - 20 triệu vnđ,8.0,20.0,vnd,14.0
digital marketing manager,full-time,"trưởng nhóm, trưởng phòng",bình dương,2 - 3 năm,"social marketing, nội dung, digital marketing",marketing,18 - 20 triệu vnđ,18.0,20.0,vnd,19.0
presale security,full-time,"nhân viên, chuyên viên",hà hội,1 - 5 năm,an ninh mạng,it phần mềm,20 - 50 triệu vnđ,20.0,50.0,vnd,35.0
nhân viên backend,full-time,"nhân viên, chuyên viên",hà nội,trên 4 năm,"php, backend",it phần mềm,22 - 34 triệu vnđ,22.0,34.0,vnd,28.0
thái nguyên video editor nhân viên dựng chỉnh sửa video thu nhập lên đến 15 triệu đồng,full-time,"nhân viên, chuyên viên",thái nguyên,1 - 5 năm,"adobe illustrator, dựng phim, hiệu ứng video, adobe premier","truyền thông, kỹ thuật, quảng cáo, thiết kế, pr, khoa học",8 - 15 triệu vnđ,8.0,15.0,vnd,11.5
nhân viên tư vấn bán hàng ô tô mitsubishi,full-time,"nhân viên, chuyên viên",bình dương,không yêu cầu,"bán lẻ, tư vấn bán hàng","bán sỉ, kinh doanh, bán hàng, cửa hàng, bán lẻ",đến 30 triệu vnđ,0.0,30.0,vnd,15.0
nhân viên it comtor,full-time,"nhân viên, chuyên viên",hà nội,trên 2 năm,"phiên dịch, biên, java","it phần mềm, chăm sóc khách hàng, biên phiên dịch",10 - 15 triệu vnđ,10.0,15.0,vnd,12.5
automotive test engineer,full-time,"nhân viên, chuyên viên",hà nội,trên 1 năm,"test, qa, c++, c, cơ khí","cơ khí, it phần cứng, it phần mềm, ô tô, tự động hóa",13 - 35 triệu vnđ,13.0,35.0,vnd,24.0
nhân viên bán hàng tại quận 3 264 nguyễn thị minh khai,full-time,"nhân viên, chuyên viên",hồ chí minh,dưới 1 năm,Unknown,"bán hàng, kinh doanh",8 - 15 triệu vnđ,8.0,15.0,vnd,11.5
video editor nhân viên chỉnh sửa dựng video,full-time,"nhân viên, chuyên viên",hà nội,dưới 1 năm,"dựng phim, hiệu ứng video, adobe photoshop","truyền hình, thiết kế, báo chí",8 - 10 triệu vnđ,8.0,10.0,vnd,9.0
wordpress developer,full-time,"nhân viên, chuyên viên",tp huế,3 - 5 năm,"frontend (html, javascript, css), php",it phần mềm,15 - 20 triệu vnđ,15.0,20.0,vnd,17.5
giáo viên gia sư dạy đàn guitar online part time,part-time,"nhân viên, chuyên viên",toàn quốc,không yêu cầu,"trợ giảng, giảng viên, nghệ thuật","đào tạo, giáo dục, sáng tạo, nghệ thuật",3 - 8 triệu vnđ,3.0,8.0,vnd,5.5
nhân viên video editor,full-time,"nhân viên, chuyên viên",hồ chí minh,không yêu cầu,"dựng phim, hiệu ứng video, adobe photoshop","truyền hình, thiết kế, báo chí",10 - 12 triệu vnđ,10.0,12.0,vnd,11.0
junior it developer,full-time,"nhân viên, chuyên viên",hồ chí minh,không yêu cầu,"c#, sql, .net",it phần mềm,25 - 40 triệu vnđ,25.0,40.0,vnd,32.5
kế toán công nợ credit collection,full-time,"nhân viên, chuyên viên",hồ chí minh,không yêu cầu,"xử lý nợ, kế toán tổng hợp","kế toán, tài chính, kiểm toán, ngân hàng",từ 10 triệu vnđ,10.0,0.0,vnd,5.0
senior reactjs developer,full-time,"nhân viên, chuyên viên",hà nội,không yêu cầu,"javascript, oracle, nodejs, frontend (html, css)",it phần mềm,25 - 28 triệu vnđ,25.0,28.0,vnd,26.5
ai content creator intern,"full-time , part-time",thực tập sinh,hồ chí minh,không yêu cầu,nội dung,"truyền thông, marketing, quảng cáo, thiết kế, pr",2 - 4 triệu vnđ,2.0,4.0,vnd,3.0
digital marketing,full-time,"nhân viên, chuyên viên",hà nội,trên 1 năm,"truyền thông, báo chí, digital marketing","truyền thông, quảng cáo, pr, marketing",10 - 15 triệu vnđ,10.0,15.0,vnd,12.5
it helpdesk,full-time,"nhân viên, chuyên viên",hồ chí minh,1 - 3 năm,it helpdesk,it phần cứng,8 - 10 triệu vnđ,8.0,10.0,vnd,9.0
nhân viên phục vụ bàn waiter waitress làm việc nước ngoài,full-time,"nhân viên, chuyên viên",nước ngoài,2 - 2 năm,"bàn, phục vụ bàn, phụ bếp","khách sạn, nhà hàng",20 - 80 triệu vnđ,20.0,80.0,vnd,50.0
nhân viên seo website,full-time,"nhân viên, chuyên viên",hà nội,trên 2 năm,"social marketing, nội dung, digital marketing, seo",marketing,10 - 12 triệu vnđ,10.0,12.0,vnd,11.0
chuyên viên quay dựng video editor đi làm ngay thu nhập 9 13tr hà nội,full-time,"nhân viên, chuyên viên",hà nội,trên 1 năm,"truyền thông, báo chí","truyền thông, quảng cáo, pr, marketing",9 - 13 triệu vnđ,9.0,13.0,vnd,11.0
fullstack developer,full-time,"nhân viên, chuyên viên",hồ chí minh,1 - 5 năm,"c#, php, .net, javascript, nodejs, full stack, backend",it phần mềm,10 - 20 triệu vnđ,10.0,20.0,vnd,15.0
nhân viên video editor lương 10 000 000 14 000 000,full-time,"nhân viên, chuyên viên",hà nội,dưới 1 năm,"dựng phim, hiệu ứng video",thiết kế,10 - 14 triệu vnđ,10.0,14.0,vnd,12.0
supply chain specialist chuyên viên cung ứng,full-time,"nhân viên, chuyên viên",hồ chí minh,1 - 2 năm,"hành chính văn phòng, tư vấn bán hàng, tìm nguồn hàng","chế biến, chăm sóc khách hàng, sản xuất, kinh doanh, hành chính, văn phòng, biên phiên dịch, lắp ráp, bán hàng, thu mua",12 - 14 triệu vnđ,12.0,14.0,vnd,13.0
al engineer,full-time,"nhân viên, chuyên viên",toà nhà tng 54a nguyễn chí thanh,2 - 4 năm,python,"it phần mềm, khoa học, kỹ thuật",20 - 40 triệu vnđ,20.0,40.0,vnd,30.0
junior server engineer aws,full-time,"nhân viên, chuyên viên",ho chi minh,trên 2 năm,"javascript, sql","chăm sóc khách hàng, kinh doanh, hành chính, văn phòng, giáo dục, đào tạo, bán hàng, it phần mềm",10 - 15 triệu vnđ,10.0,15.0,vnd,12.5
sales engineer kỹ sư bán hàng thu nhập lên đến 25tr,full-time,"nhân viên, chuyên viên",hồ chí minh,trên 1 năm,"phát triển thị trường, kỹ sư bán hàng (sale engineer), tư vấn bán hàng","kinh doanh, đấu thầu, bán hàng, cơ khí, dự án, ô tô, tự động hóa",10 - 25 triệu vnđ,10.0,25.0,vnd,17.5
nhân viên digital marketting,full-time,"nhân viên, chuyên viên",hồ chí minh,trên 3 năm,"social marketing, nội dung, digital marketing, seo","truyền thông, quảng cáo, pr, marketing",10 - 12 triệu vnđ,10.0,12.0,vnd,11.0
kỹ thuật viên it tại bình dương,"full-time , part-time","nhân viên, chuyên viên",bình dương,dưới 5 năm,"phần cứng máy tính, it helpdesk, it support, điện thoại, bán lẻ, quản lý dự án (it)",Unknown,7 - 9 triệu vnđ,7.0,9.0,vnd,8.0
kỹ sư triển khai dự án hệ thống,full-time,"nhân viên, chuyên viên",hà hội,trên 5 năm,"tư vấn bán hàng, tự động hóa","kinh doanh, bán hàng, cơ khí, ô tô, tự động hóa",25 - 40 triệu vnđ,25.0,40.0,vnd,32.5
technical sales engineer – thiết bị lọc donaldson,full-time,"nhân viên, chuyên viên",hồ chí minh,trên 3 năm,"kỹ sư bán hàng (sale engineer), tư vấn bán hàng","bán hàng, kinh doanh",10 - 20 triệu vnđ,10.0,20.0,vnd,15.0
nhân viên bảo trì utility,full-time,"nhân viên, chuyên viên",điện biên,trên 2 năm,"cơ điện, bảo trì sửa chữa, nhiệt lạnh, thực phẩm ăn uống, điện lạnh","lắp ráp, chế biến, sản xuất",10 - 12 triệu vnđ,10.0,12.0,vnd,11.0
nhân viên call center tổng đài viên bán hàng telesales data hot lead thu nhập từ 15tr 25tr,full-time,"nhân viên, chuyên viên",hồ chí minh,không yêu cầu,"bán hàng qua điện thoại (telesale), tư vấn bán hàng","bán hàng, kinh doanh",15 - 25 triệu vnđ,15.0,25.0,vnd,20.0
digital marketing specialist,full-time,"nhân viên, chuyên viên",hồ chí minh,trên 3 năm,"digital marketing, seo",marketing,15 - 18 triệu vnđ,15.0,18.0,vnd,16.5
seo website,full-time,"nhân viên, chuyên viên",hà nội,trên 2 năm,Unknown,Unknown,15 - 20 triệu vnđ,15.0,20.0,vnd,17.5
kỹ sư bán hàng sales engineer,full-time,"nhân viên, chuyên viên",hồ chí minh,trên 2 năm,Unknown,Unknown,8 - 10 triệu vnđ,8.0,10.0,vnd,9.0
middle fullstack engineer,full-time,"nhân viên, chuyên viên",thái bình,3 - 5 năm,"full stack, php",it phần mềm,18 - 25 triệu vnđ,18.0,25.0,vnd,21.5
giám sát công trình nội thất site engineer,full-time,"nhân viên, chuyên viên",hà nội,dưới 5 năm,"giám sát công trình, thiết kế nội thất, xây dựng","xây dựng, nội thất, kiến trúc",12 - 18 triệu vnđ,12.0,18.0,vnd,15.0
nhân viên chăm sóc tư vấn tại văn phòng data có sẵn,full-time,"nhân viên, chuyên viên",quận tân bình,dưới 1 năm,"tổng đài viên, bán hàng qua điện thoại (telesale), hành chính văn phòng","truyền thông, chăm sóc khách hàng, kinh doanh, quảng cáo, pr, bán hàng",7 - 12 triệu vnđ,7.0,12.0,vnd,9.5
chuyên viên lập trình backend,full-time,"nhân viên, chuyên viên",hồ chí minh,trên 2 năm,"java, php, backend",it phần mềm,12 - 22 triệu vnđ,12.0,22.0,vnd,17.0
thực tập sinh content seo website full time part time,"full-time , part-time",thực tập sinh,đà nẵng,không yêu cầu,"nội dung, digital marketing, seo",marketing,1 - 3 triệu vnđ,1.0,3.0,vnd,2.0
thực tập sinh talent acquisition,full-time,"mới tốt nghiệp, thực tập sinh",hồ chí minh,không yêu cầu,"quản trị nhân sự (hr), tuyển dụng (hr)",nhân sự,1 - 2 triệu vnđ,1.0,2.0,vnd,1.5
digital artist,full-time,"nhân viên, chuyên viên",đà nẵng,1 - 3 năm,"adobe illustrator, thiết kế sản phẩm, adobe photoshop","thiết kế, nội thất, kiến trúc",8 - 10 triệu vnđ,8.0,10.0,vnd,9.0
nhân viên bán hàng mỹ phẩm l occitane sisley,full-time,"nhân viên, chuyên viên",quận 1,không yêu cầu,tư vấn bán hàng,"spa, làm đẹp",6 - 7 triệu vnđ,6.0,7.0,vnd,6.5
nhân viên kaizen tiếng nhật,full-time,"nhân viên, chuyên viên",biên hòa,trên 1 năm,"quản lý chất lượng (qa, vận hành sản xuất, qc)","lắp ráp, chế biến, sản xuất",12 - 14 triệu vnđ,12.0,14.0,vnd,13.0
net developer,full-time,"nhân viên, chuyên viên",hà nội,trên 2 năm,"c#, asp.net, .net, javascript",it phần mềm,đến 25 triệu vnđ,0.0,25.0,vnd,12.5
nhân viên kinh doanh telesale tư vấn tuyển sinh khóa học data sẵn tỷ lệ chốt cao thử việc 100,full-time,"nhân viên, chuyên viên",hà nội,không yêu cầu,"bán hàng qua điện thoại (telesale), tư vấn bán hàng","bán hàng, chăm sóc khách hàng, kinh doanh",15 - 30 triệu vnđ,15.0,30.0,vnd,22.5
bridge software engineer tiếng nhật,full-time,"nhân viên, chuyên viên",hồ chí minh,3 - 5 năm,kỹ sư cầu nối,"it phần cứng, it phần mềm",50 - 60 triệu vnđ,50.0,60.0,vnd,55.0
video editor,"full-time , part-time","nhân viên, chuyên viên",hà nội,0.5 - 5 năm,"adobe illustrator, dựng phim, hiệu ứng video, adobe premier",marketing,10 - 20 triệu vnđ,10.0,20.0,vnd,15.0
kĩ sư kinh doanh cung cấp data,full-time,"nhân viên, chuyên viên",hồ chí minh,không yêu cầu,"phát triển thị trường, kỹ sư bán hàng (sale engineer), tư vấn bán hàng","bán hàng, chăm sóc khách hàng, kinh doanh",từ 10 triệu vnđ,10.0,0.0,vnd,5.0
sales engineer nhân viên kinh doanh,full-time,"nhân viên, chuyên viên",vũng tàu,không yêu cầu,"cơ khí, kỹ sư bán hàng (sale engineer), nghiên cứu thị trường, tư vấn bán hàng","bán hàng, chăm sóc khách hàng, kinh doanh",đến 35 triệu vnđ,0.0,35.0,vnd,17.5
senior fullstack developer,full-time,"nhân viên, chuyên viên",hà nội,trên 4 năm,"c#, full stack, .net, backend",it phần mềm,30 - 45 triệu vnđ,30.0,45.0,vnd,37.5
nhân viên kinh doanh tư vấn dịch vụ website thu nhập từ 10 20 triệu tháng,full-time,"nhân viên, chuyên viên",hà nội,trên 0.5 năm,"bán hàng qua điện thoại (telesale), tư vấn bán hàng, chăm sóc khách hàng","bán hàng, kinh doanh",10 - 20 triệu vnđ,10.0,20.0,vnd,15.0
kỹ sư điện toán đám mây cloud engineer,full-time,"nhân viên, chuyên viên",thanh xuân,1 - 5 năm,"cloud (aws, azure)","it phần cứng, it phần mềm",đến 40 triệu vnđ,0.0,40.0,vnd,20.0
nhân viên digital marketing,full-time,"nhân viên, chuyên viên",hồ chí minh,dưới 5 năm,"social marketing, digital marketing, seo","truyền thông, quảng cáo, pr, marketing",8 - 20 triệu vnđ,8.0,20.0,vnd,14.0
digital marketing executive,full-time,"nhân viên, chuyên viên",hồ chí minh,trên 3 năm,"truyền thông, báo chí, nội dung, digital marketing","truyền thông, quảng cáo, pr, marketing",15 - 20 triệu vnđ,15.0,20.0,vnd,17.5
digital marketing,full-time,"nhân viên, chuyên viên",hồ chí minh,không yêu cầu,"truyền thông, báo chí, digital marketing","truyền thông, marketing, quảng cáo, thiết kế, pr",8 - 10 triệu vnđ,8.0,10.0,vnd,9.0
trưởng phòng kinh doanh mảng fitness,full-time,"trưởng nhóm, trưởng phòng",hà nội,1 - 5 năm,"giám sát bán hàng, đào tạo bán hàng, tư vấn bán hàng","bán hàng, chăm sóc khách hàng, kinh doanh",20 - 50 triệu vnđ,20.0,50.0,vnd,35.0
video editor,full-time,"nhân viên, chuyên viên",hà nội,không yêu cầu,"dựng phim, hiệu ứng video","truyền thông, marketing, quảng cáo, báo chí, truyền hình, pr, thiết kế",từ 8 triệu vnđ,8.0,0.0,vnd,4.0
nhân viên content fitness influencer,full-time,"nhân viên, chuyên viên",hồ chí minh,không yêu cầu,"truyền thông, nội dung, báo chí","truyền thông, quảng cáo, pr, marketing",12 - 15 triệu vnđ,12.0,15.0,vnd,13.5
vietjet air tổng đài viên chăm sóc khách hàng line tiếng anh không yêu cầu kinh nghiệm,full-time,"nhân viên, chuyên viên",hồ chí minh,không yêu cầu,"phiên dịch, biên, tổng đài viên, tư vấn bán hàng","biên phiên dịch, bán hàng, chăm sóc khách hàng, kinh doanh",8 - 9 triệu vnđ,8.0,9.0,vnd,8.5
chuyên viên đào tạo training executive lương từ 10 15 triệu,full-time,"nhân viên, chuyên viên",hồ chí minh,1 - 2 năm,"đào tạo, bán hàng qua điện thoại (telesale), đào tạo bán hàng","ngân hàng, kinh doanh, đào tạo, tài chính, bán hàng, giáo dục",10 - 15 triệu vnđ,10.0,15.0,vnd,12.5
quản đốc xưởng sản xuất đồng nai,full-time,giám đốc và cấp cao hơn,đồng nai,3 - 5 năm,"quản lý sản xuất, vận hành sản xuất, cơ khí, giám sát sản xuất","quản lý, lắp ráp, chế biến, sản xuất",18 - 25 triệu vnđ,18.0,25.0,vnd,21.5
nhân viên quay dựng editor video,full-time,"nhân viên, chuyên viên",hồ chí minh,trên 1 năm,"dựng phim, hiệu ứng video, adobe photoshop","truyền hình, thiết kế, báo chí",8 - 10 triệu vnđ,8.0,10.0,vnd,9.0
phó phòng kinh doanh khách hàng doanh nghiệp chailease,full-time,"trưởng nhóm, trưởng phòng",q1,3 - 5 năm,"quan hệ khách hàng, phân tích tài chính","tài chính, ngân hàng",40 - 50 triệu vnđ,40.0,50.0,vnd,45.0
senior qa engineer,full-time,"nhân viên, chuyên viên",hà nội,trên 4 năm,"test, qa, qc), java, quản lý chất lượng (qa","chế biến, sản xuất, điện, điện tử, lắp ráp, it phần mềm, điện lạnh",22 - 32 triệu vnđ,22.0,32.0,vnd,27.0
nhân viên digital marketing thu nhập từ 12 15 triệu,full-time,"nhân viên, chuyên viên",hà nội,2 - 3 năm,"facebook ads, digital marketing, seo","mỹ phẩm, xuất nhập khẩu, dược phẩm, marketing",12 - 15 triệu vnđ,12.0,15.0,vnd,13.5
nhân viên khai thác,full-time,"nhân viên, chuyên viên",long an,1 - 3 năm,"vật tư sản xuất, chăm sóc khách hàng, dệt may","da giày, thu mua, chăm sóc khách hàng, dệt may",12 - 17 triệu vnđ,12.0,17.0,vnd,14.5
nhân viên design website,full-time,"nhân viên, chuyên viên",hà hội,không yêu cầu,Unknown,Unknown,8 - 9 triệu vnđ,8.0,9.0,vnd,8.5
editor,full-time,"nhân viên, chuyên viên",hà nội,không yêu cầu,"dựng phim, hiệu ứng video","truyền thông, quảng cáo, pr, sáng tạo, nghệ thuật",7 - 15 triệu vnđ,7.0,15.0,vnd,11.0
lập trình viên frontend cocos,full-time,"nhân viên, chuyên viên",hồ chí minh,0.5 - 3 năm,"frontend (html, css), lập trình mobile",it phần mềm,10 - 25 triệu vnđ,10.0,25.0,vnd,17.5
golang fullstack developer,full-time,"nhân viên, chuyên viên",hồ chí minh,trên 1 năm,"full stack, python, backend",it phần mềm,20 - 35 triệu vnđ,20.0,35.0,vnd,27.5
kỹ thuật điện sửa điện container,full-time,"nhân viên, chuyên viên",hải phòng,dưới 2 năm,"cơ điện, điện lạnh, bảo trì sửa chữa, nhiệt lạnh","lao động phổ thông, điện, điện tử, cơ khí, ô tô, điện lạnh, tự động hóa",7 - 15 triệu vnđ,7.0,15.0,vnd,11.0
junior iot developer,full-time,"nhân viên, chuyên viên",hồ chí minh,dưới 1 năm,"javascript, java, frontend (html, css), backend",it phần mềm,8 - 12 triệu vnđ,8.0,12.0,vnd,10.0
chuyên viên media video editor,full-time,"nhân viên, chuyên viên",thái bình,3 - 5 năm,"dựng phim, adobe after effect, hiệu ứng video","truyền thông, truyền hình, báo chí, quảng cáo, pr",13 - 18 triệu vnđ,13.0,18.0,vnd,15.5
production application engineer – hai phong,full-time,"nhân viên, chuyên viên",hải phòng,trên 1 năm,"c++, c, cơ khí","it phần mềm, ô tô, cơ khí, tự động hóa",18 - 45 triệu vnđ,18.0,45.0,vnd,31.5
junior android developer,full-time,"nhân viên, chuyên viên",ha noi,không yêu cầu,"sql, android, java, ui, ux","it phần mềm, thiết kế",từ 15 triệu vnđ,15.0,0.0,vnd,7.5
telesale tư vấn thẻ tín dụng hỗ trợ 100 data,full-time,"nhân viên, chuyên viên",tp thủ đức,không yêu cầu,"bán hàng qua điện thoại (telesale), quan hệ khách hàng, chăm sóc khách hàng","bán hàng, chăm sóc khách hàng, kinh doanh",7 - 15 triệu vnđ,7.0,15.0,vnd,11.0
nhân viên telesales kênh topup xsell thẻ tín dụng hỗ trợ 100 data,full-time,"nhân viên, chuyên viên",tp thủ đức,không yêu cầu,"bán hàng qua điện thoại (telesale), quan hệ khách hàng, chăm sóc khách hàng","bán hàng, chăm sóc khách hàng, kinh doanh",7 - 15 triệu vnđ,7.0,15.0,vnd,11.0
devops engineer,full-time,"nhân viên, chuyên viên",hồ chí minh,không yêu cầu,"python, cloud (aws, azure)",it phần mềm,45 - 62 triệu vnđ,45.0,62.0,vnd,53.5
nhân viên kinh doanh ban giao hàng tận nhà chi nhánh long khánh đồng nai,full-time,"nhân viên, chuyên viên",tp long khánh,dưới 1 năm,"tư vấn bán hàng, chăm sóc khách hàng","bán hàng, chăm sóc khách hàng, kinh doanh",11 - 15 triệu vnđ,11.0,15.0,vnd,13.0
nhân viên phục vụ bàn waiter waitress làm việc trên du thuyền quốc tế 5,full-time,"nhân viên, chuyên viên",hồ chí minh,2 - 5 năm,phục vụ bàn,"du lịch, nhà hàng, khách sạn",20 - 80 triệu vnđ,20.0,80.0,vnd,50.0
backend developer có từ 2 năm kinh nghiệm,full-time,"nhân viên, chuyên viên",hồ chí minh,trên 2 năm,"javascript, java","it phần cứng, it phần mềm",25 - 45 triệu vnđ,25.0,45.0,vnd,35.0
kỹ sư điện tự động hóa electrical engineer,full-time,"nhân viên, chuyên viên",đức hoà,không yêu cầu,"cơ điện, cơ khí, bảo trì sửa chữa, tự động hóa","điện, điện tử, cơ khí, điện lạnh, ô tô, tự động hóa",10 - 15 triệu vnđ,10.0,15.0,vnd,12.5
nhân viên digital marketing,full-time,"nhân viên, chuyên viên",hồ chí minh,1 - 2 năm,"truyền thông, facebook ads, digital marketing, báo chí, seo","truyền thông, quảng cáo, pr, marketing",10 - 12 triệu vnđ,10.0,12.0,vnd,11.0
mobile developer,full-time,"nhân viên, chuyên viên",hồ chí minh,không yêu cầu,"javascript, android, ios",it phần mềm,10 - 15 triệu vnđ,10.0,15.0,vnd,12.5
digital marketing specialist,full-time,"nhân viên, chuyên viên",hồ chí minh,1 - 3 năm,digital marketing,marketing,10 - 12 triệu vnđ,10.0,12.0,vnd,11.0
senior java developer,full-time,"nhân viên, chuyên viên",hồ chí minh,trên 6 năm,"c#, .net, sql, oracle, java",it phần mềm,30 - 40 triệu vnđ,30.0,40.0,vnd,35.0
android developer jr mid,full-time,"nhân viên, chuyên viên",hà nội,trên 2 năm,"javascript, android, java",it phần mềm,12 - 25 triệu vnđ,12.0,25.0,vnd,18.5
it support,full-time,"nhân viên, chuyên viên",hồ chí minh,trên 1 năm,"quản trị mạng, ccna, it support",it phần cứng,10 - 14 triệu vnđ,10.0,14.0,vnd,12.0
digital marketing,full-time,"nhân viên, chuyên viên",hà nội,trên 3 năm,"truyền thông, báo chí, digital marketing, seo","truyền thông, quảng cáo, pr, marketing",15 - 17 triệu vnđ,15.0,17.0,vnd,16.0
video editor cum photographer,full-time,"nhân viên, chuyên viên",hồ chí minh,không yêu cầu,"dựng phim, hiệu ứng video, adobe photoshop","truyền hình, thiết kế, báo chí",15 - 20 triệu vnđ,15.0,20.0,vnd,17.5
product owner ai project,full-time,"nhân viên, chuyên viên",hồ chí minh,không yêu cầu,"quản lý sản phẩm, quản lý dự án (it)","it phần cứng, it phần mềm, thiết kế",30 - 60 triệu vnđ,30.0,60.0,vnd,45.0
production engineer,full-time,"nhân viên, chuyên viên",đồng nai,không yêu cầu,"nghiên cứu và phát triển (r&d), vận hành sản xuất, cơ khí","chế biến, sản xuất, điện, điện tử, lắp ráp, cơ khí, ô tô, điện lạnh, tự động hóa",12 - 25 triệu vnđ,12.0,25.0,vnd,18.5
kỹ sư hóa chemical engineer,full-time,"nhân viên, chuyên viên",bình dương,không yêu cầu,"sơn, hóa học, hóa chất, công nghệ sinh học, môi trường, xử lý chất thải","chế biến, sản xuất, hoá sinh, môi trường, lắp ráp",9 - 15 triệu vnđ,9.0,15.0,vnd,12.0
nhân viên khai thác hàng hóa tại yên phong,full-time,"nhân viên, chuyên viên",bắc ninh,dưới 1 năm,vận tải,kho vận,8 - 10 triệu vnđ,8.0,10.0,vnd,9.0
nhân viên editor,full-time,"nhân viên, chuyên viên",bình dương,không yêu cầu,"dựng phim, hiệu ứng video, adobe photoshop","truyền hình, thiết kế, báo chí",7 - 10 triệu vnđ,7.0,10.0,vnd,8.5
nhân viên kinh doanh website thu nhập 10 20 triệu tháng,full-time,"nhân viên, chuyên viên",hồ chí minh,không yêu cầu,"bán hàng qua điện thoại (telesale), chăm sóc khách hàng","bán hàng, chăm sóc khách hàng, kinh doanh",từ 10 triệu vnđ,10.0,0.0,vnd,5.0
kỹ sư triển khai dự án kỹ sư cơ điện,full-time,"nhân viên, chuyên viên",hà nội,trên 2 năm,"cơ điện, thi công, nhiệt lạnh, điện lạnh, tự động hóa","điện, xây dựng, điện tử, cơ khí, ô tô, điện lạnh, tự động hóa",12 - 18 triệu vnđ,12.0,18.0,vnd,15.0
nhân viên kinh doanh kỹ thuật sale engineer,full-time,"nhân viên, chuyên viên",hà nội,1 - 5 năm,tư vấn bán hàng,"điện, kinh doanh, điện tử, bán hàng, cơ khí, ô tô, điện lạnh, tự động hóa",8 - 15 triệu vnđ,8.0,15.0,vnd,11.5
nhân viên điều độ vận tải container,full-time,"nhân viên, chuyên viên",hồ chí minh,không yêu cầu,"giao nhận hàng, điều phối viên","kho vận, khách sạn, nhà hàng",9 - 12 triệu vnđ,9.0,12.0,vnd,10.5
sale engineer tại long biên,full-time,"nhân viên, chuyên viên",hà nội,trên 0.5 năm,"cơ điện, xuất nhập khẩu, cơ khí, tư vấn bán hàng","bán hàng, xuất nhập khẩu, kinh doanh",10 - 15 triệu vnđ,10.0,15.0,vnd,12.5
hr trainer chuyên viên đào tạo nội bộ,full-time,"nhân viên, chuyên viên",hồ chí minh,không yêu cầu,Unknown,Unknown,15 - 30 triệu vnđ,15.0,30.0,vnd,22.5
nhân viên chốt đơn online chăm sóc khách hàng outbound có sẵn data tiềm năng,full-time,"nhân viên, chuyên viên",hồ chí minh,1 - 5 năm,"tổng đài viên, bán hàng qua điện thoại (telesale), tư vấn bán hàng","bán hàng, chăm sóc khách hàng, kinh doanh",10 - 18 triệu vnđ,10.0,18.0,vnd,14.0
triển khai shop drawing,full-time,"nhân viên, chuyên viên",hồ chí minh,1 - 5 năm,xây dựng,"xây dựng, điện tử, điện lạnh, điện",9 - 10 triệu vnđ,9.0,10.0,vnd,9.5
nhân viên seo website,full-time,"nhân viên, chuyên viên",hồ chí minh,trên 2 năm,"social marketing, nội dung, seo",marketing,9 - 12 triệu vnđ,9.0,12.0,vnd,10.5
huyện nhơn trạch long thành đồng nai nhân viên hỗ trợ thanh toán tại địa bàn,full-time,"nhân viên, chuyên viên",đồng nai,không yêu cầu,"quan hệ khách hàng, giao hàng(shipper), xử lý nợ","ngân hàng, lao động phổ thông, kinh doanh, tài chính, bán hàng",15 - 25 triệu vnđ,15.0,25.0,vnd,20.0
solution architect,full-time,"nhân viên, chuyên viên",hà nội,4 - 15 năm,"c#, .net, cloud (aws, azure), quản lý dự án (it)","it phần cứng, it phần mềm",75 - 100 triệu vnđ,75.0,100.0,vnd,87.5
nhân viên revit,full-time,"nhân viên, chuyên viên",đà nẵng,không yêu cầu,"thiết kế 3d, họa viên kiến trúc, kiến trúc","điện, thiết kế, nội thất, điện tử, điện lạnh, kiến trúc",8 - 16 triệu vnđ,8.0,16.0,vnd,12.0
nhân viên kinh doanh sale tư vấn du lịch hỗ trợ 100 data thu nhập 20 50 triệu tháng,full-time,"nhân viên, chuyên viên",điện biên,không yêu cầu,"tư vấn bán hàng, chăm sóc khách hàng","du lịch, bán hàng, chăm sóc khách hàng, kinh doanh",15 - 45 triệu vnđ,15.0,45.0,vnd,30.0
unity developer,full-time,"nhân viên, chuyên viên",kon tum,trên 2 năm,"c#, tư vấn bán hàng, .net, thiết kế 2d","it phần mềm, thiết kế, bán hàng, kinh doanh",18 - 25 triệu vnđ,18.0,25.0,vnd,21.5
senior java developer thu nhập 25 45,full-time,"nhân viên, chuyên viên",hồ chí minh,trên 2 năm,"javascript, java","it phần cứng, it phần mềm",25 - 45 triệu vnđ,25.0,45.0,vnd,35.0
lập trình viên fullstack,full-time,"nhân viên, chuyên viên",hà nội,trên 2 năm,"c#, .net, asp.net, java, frontend (html, full stack, css)",it phần mềm,15 - 30 triệu vnđ,15.0,30.0,vnd,22.5
senior fullstack developer,full-time,"trưởng nhóm, trưởng phòng",hồ chí minh,trên 3 năm,"c#, triển khai phần mềm, .net, sql, nodejs, frontend (html, full stack, css)",it phần mềm,từ 25 triệu vnđ,25.0,0.0,vnd,12.5
nhân viên it,full-time,"nhân viên, chuyên viên",hồ chí minh,trên 2 năm,"quản trị mạng, quản trị hệ thống, it support",it phần cứng,10 - 12 triệu vnđ,10.0,12.0,vnd,11.0
campaign planner specialist,full-time,"nhân viên, chuyên viên",điện biên,2 - 5 năm,bán lẻ,"kinh doanh, marketing, quảng cáo, pr, bán hàng",15 - 20 triệu vnđ,15.0,20.0,vnd,17.5
nodejs developer,full-time,"nhân viên, chuyên viên",hồ chí minh,trên 3 năm,"javascript, nodejs, frontend (html, css), backend",it phần mềm,11 - 22 triệu vnđ,11.0,22.0,vnd,16.5
nhân viên đào tạo trainer,full-time,"nhân viên, chuyên viên",q10,trên 1 năm,"đào tạo, spa, làm đẹp, mỹ phẩm","đào tạo, giáo dục, spa, làm đẹp",từ 10 triệu vnđ,10.0,0.0,vnd,5.0
ue5 developer,full-time,"nhân viên, chuyên viên",điện biên,không yêu cầu,"c#, .net, javascript, thiết kế 3d, frontend (html, css)","it phần mềm, thiết kế, nội thất, kiến trúc",10 - 15 triệu vnđ,10.0,15.0,vnd,12.5
nhân viên editor đi làm ngay,full-time,"nhân viên, chuyên viên",ho chi minh city,1 - 2 năm,"dựng phim, hiệu ứng video, nội dung","truyền thông, marketing, quảng cáo, thiết kế, pr",12 - 15 triệu vnđ,12.0,15.0,vnd,13.5
chuyên viên digital marketing,full-time,"nhân viên, chuyên viên",thủ đức,2 - 5 năm,"google ads(adwords), facebook ads, digital marketing",marketing,15 - 20 triệu vnđ,15.0,20.0,vnd,17.5
chuyên viên tư vấn và triển khai phần mềm,full-time,"nhân viên, chuyên viên",hồ chí minh,không yêu cầu,"triển khai phần mềm, tư vấn bán hàng, chăm sóc khách hàng","it phần mềm, bán hàng, chăm sóc khách hàng, kinh doanh",7 - 15 triệu vnđ,7.0,15.0,vnd,11.0
nhân viên phục vụ bàn waiter waitress làm việc trên du thuyền quốc tế 5,full-time,"nhân viên, chuyên viên",hồ chí minh,2 - 5 năm,"bàn, phục vụ bàn","du lịch, nhà hàng, khách sạn",20 - 80 triệu vnđ,20.0,80.0,vnd,50.0
nhân viên digital marketing,full-time,"nhân viên, chuyên viên",hồ chí minh,trên 1 năm,"google ads(adwords), digital marketing, seo","spa, marketing, làm đẹp",12 - 18 triệu vnđ,12.0,18.0,vnd,15.0
chuyên viên kỹ thuật cloud software,full-time,"nhân viên, chuyên viên",hà nội,0.5 - 1 năm,"triển khai phần mềm, c++, c, java",it phần mềm,từ 13 triệu vnđ,13.0,0.0,vnd,6.5
digital marketing,full-time,"nhân viên, chuyên viên",hồ chí minh,trên 1 năm,Unknown,Unknown,10 - 15 triệu vnđ,10.0,15.0,vnd,12.5
compliance and security it company,full-time,"nhân viên, chuyên viên",hồ chí minh,4 - 5 năm,"quản trị rủi ro, luật, pháp chế","luật, văn phòng, pháp chế, hành chính",đến 20 triệu vnđ,0.0,20.0,vnd,10.0
digital marketing junior,full-time,"nhân viên, chuyên viên",hồ chí minh,không yêu cầu,"social marketing, nội dung, digital marketing","truyền thông, quảng cáo, pr, marketing",5 - 100 triệu vnđ,5.0,100.0,vnd,52.5
it communicator phiên dịch viên tiếng nhật,full-time,"nhân viên, chuyên viên",quận 1,không yêu cầu,"phiên dịch, biên",biên phiên dịch,15 - 35 triệu vnđ,15.0,35.0,vnd,25.0
tổng đài chăm sóc khác hàng vietjet air line tiếng anh thu nhập 8m 8m5,full-time,"nhân viên, chuyên viên",hồ chí minh,dưới 1 năm,"tổng đài viên, tư vấn bán hàng","bán hàng, chăm sóc khách hàng, kinh doanh",7 - 8 triệu vnđ,7.0,8.0,vnd,7.5
senior java developer,full-time,"nhân viên, chuyên viên",hồ chí minh,trên 6 năm,"php, javascript, sql, oracle, java",it phần mềm,22 - 30 triệu vnđ,22.0,30.0,vnd,26.0
thực tập sinh editor,full-time,"mới tốt nghiệp, thực tập sinh",hà nội,không yêu cầu,"dựng phim, hiệu ứng video, adobe photoshop","truyền hình, thiết kế, báo chí",6 - 8 triệu vnđ,6.0,8.0,vnd,7.0
nhân viên it,full-time,"nhân viên, chuyên viên",hà hội,dưới 5 năm,"kiểm soát nội bộ, quản lý dự án (it)","kế toán, kiểm toán, đào tạo, it phần mềm, giáo dục",đến 20 triệu vnđ,0.0,20.0,vnd,10.0
nhân viên chứng từ khai báo hải quan,full-time,"nhân viên, chuyên viên",vietnam,dưới 5 năm,"thương mại quốc tế, xuất nhập khẩu, chứng từ","hành chính, văn phòng, xuất nhập khẩu",đến 20 triệu vnđ,0.0,20.0,vnd,10.0
senior copy editor cum content writer,full-time,"nhân viên, chuyên viên",hồ chí minh,không yêu cầu,"dựng phim, hiệu ứng video, nội dung","truyền thông, marketing, truyền hình, báo chí, quảng cáo, pr",17 - 20 triệu vnđ,17.0,20.0,vnd,18.5
nhân viên quản trị website,full-time,"nhân viên, chuyên viên",hà nội,trên 2 năm,"quản trị hệ thống, seo","it phần cứng, marketing",8 - 10 triệu vnđ,8.0,10.0,vnd,9.0
nhân viên digital marketing bất động sản,full-time,"nhân viên, chuyên viên",hồ chí minh,dưới 1 năm,Unknown,Unknown,10 - 12 triệu vnđ,10.0,12.0,vnd,11.0
lai xá hoài đức kế toán kho,full-time,"nhân viên, chuyên viên",hà nội,2 - 5 năm,"misa, kế toán kho","kế toán, kiểm toán",8 - 10 triệu vnđ,8.0,10.0,vnd,9.0
nhân viên bán hàng tại tttm times city crown uk – thương hiệu thời trang trẻ em cao cấp,part-time,"nhân viên, chuyên viên",hà nội,dưới 5 năm,"bán lẻ, tư vấn bán hàng","bán sỉ, kinh doanh, bán hàng, cửa hàng, bán lẻ",đến 20 triệu vnđ,0.0,20.0,vnd,10.0
nhân viên edit video,full-time,"nhân viên, chuyên viên",đà nẵng,trên 1 năm,"dựng phim, hiệu ứng video, adobe photoshop","truyền hình, thiết kế, báo chí",7 - 25 triệu vnđ,7.0,25.0,vnd,16.0
chuyên viên fullstack,full-time,"nhân viên, chuyên viên",hồ chí minh,trên 3 năm,"full stack, nodejs","it phần mềm, bất động sản, chăm sóc khách hàng",20 - 35 triệu vnđ,20.0,35.0,vnd,27.5
trainer dược mỹ phẩm cao cấp,full-time,"nhân viên, chuyên viên",hà nội,trên 1 năm,tư vấn dược phẩm,"mỹ phẩm, y tế, dược phẩm",20 - 30 triệu vnđ,20.0,30.0,vnd,25.0
việc làm senior backend developer,full-time,"nhân viên, chuyên viên",hồ chí minh,không yêu cầu,"nodejs, backend",it phần mềm,từ 13 triệu vnđ,13.0,0.0,vnd,6.5
php developer,full-time,"nhân viên, chuyên viên",ho chi minh city,3 - 5 năm,"javascript, php","it phần cứng, it phần mềm",15 - 20 triệu vnđ,15.0,20.0,vnd,17.5
vietjet air nhân viên chăm sóc khách hàng kênh hotline,full-time,"nhân viên, chuyên viên",hồ chí minh,không yêu cầu,"tổng đài viên, tư vấn bán hàng","bán hàng, chăm sóc khách hàng, kinh doanh",6 - 8 triệu vnđ,6.0,8.0,vnd,7.0
data entry team leader d7 hcmc làm việc từ 3h trưa đến 12h đêm,full-time,"trưởng nhóm, trưởng phòng",hồ chí minh,trên 2 năm,"nội dung, hành chính văn phòng","chế biến, chăm sóc khách hàng, sản xuất, marketing, hành chính, văn phòng, lắp ráp",từ 15 triệu vnđ,15.0,0.0,vnd,7.5
nhân viên editor video picture,full-time,"nhân viên, chuyên viên",bình dương,không yêu cầu,"dựng phim, hiệu ứng video, adobe photoshop","truyền hình, thiết kế, báo chí",9 - 15 triệu vnđ,9.0,15.0,vnd,12.0
kỹ sư cơ khí biên hòa đồng nai,full-time,"nhân viên, chuyên viên",đồng nai,1 - 2 năm,"tự động hóa, vận hành máy, cơ khí, bảo trì sửa chữa","điện, điện tử, cơ khí, điện lạnh, ô tô, tự động hóa",7 - 15 triệu vnđ,7.0,15.0,vnd,11.0
content seo website,part-time,"nhân viên, chuyên viên",hà nội,dưới 1 năm,"nội dung, seo",marketing,5 - 6 triệu vnđ,5.0,6.0,vnd,5.5
maintenance supervisor,full-time,"trưởng nhóm, trưởng phòng",đồng nai,3 - 5 năm,"kỹ thuật công nghiệp, vận hành sản xuất, bảo trì sửa chữa, cơ khí","điện, điện tử, cơ khí, điện lạnh, ô tô, tự động hóa",13 - 15 triệu vnđ,13.0,15.0,vnd,14.0
nhân viên kinh doanh thiết bị công nghiệp sales engineer,full-time,"nhân viên, chuyên viên",hồ chí minh,1 - 5 năm,"kỹ sư bán hàng (sale engineer), cơ khí, tư vấn bán hàng","chăm sóc khách hàng, kinh doanh, bán hàng, cơ khí, ô tô, tự động hóa",10 - 13 triệu vnđ,10.0,13.0,vnd,11.5
nhân viên chăm sóc khách hàng hãng hàng không vietjet air không yêu cầu kinh nghiệm,full-time,"nhân viên, chuyên viên",hồ chí minh,dưới 1 năm,"tổng đài viên, bán hàng qua điện thoại (telesale), tư vấn bán hàng","bán hàng, chăm sóc khách hàng, kinh doanh",6 - 8 triệu vnđ,6.0,8.0,vnd,7.0
chuyên viên tư vấn khách hàng ngân hàng quốc tế singapore citibank,full-time,"nhân viên, chuyên viên",hà hội,không yêu cầu,"bán hàng qua điện thoại (telesale), tư vấn bán hàng","tài chính, ngân hàng",7 - 15 triệu vnđ,7.0,15.0,vnd,11.0
nhân viên it hệ thống,full-time,"nhân viên, chuyên viên",hồ chí minh,trên 01 năm,"quản trị mạng, quản trị hệ thống, điện thoại, phần cứng máy tính",it phần cứng,10 - 12 triệu vnđ,10.0,12.0,vnd,11.0
fresher seo content writer hcm,full-time,"nhân viên, chuyên viên",hồ chí minh,không yêu cầu,"nội dung, digital marketing, seo",marketing,5 - 7 triệu vnđ,5.0,7.0,vnd,6.0
nhân viên kinh doanh thiết bị công nghiệp sales engineer b2b,full-time,"nhân viên, chuyên viên",hồ chí minh,1 - 5 năm,"tư vấn bán hàng, cơ khí, chăm sóc khách hàng, tự động hóa","điện, kinh doanh, điện tử, bán hàng, điện lạnh",9 - 13 triệu vnđ,9.0,13.0,vnd,11.0
nhân viên tư vấn website,full-time,"nhân viên, chuyên viên",hồ chí minh,không yêu cầu,"bán hàng qua điện thoại (telesale), tư vấn bán hàng","bán hàng, chăm sóc khách hàng, kinh doanh",7 - 15 triệu vnđ,7.0,15.0,vnd,11.0
vĩnh thanh nhơn trạch đồng nai nhân viên hỗ trợ thanh toán tại địa bàn,full-time,"nhân viên, chuyên viên",đồng nai,không yêu cầu,"quan hệ khách hàng, giao hàng(shipper), xử lý nợ","ngân hàng, lao động phổ thông, kinh doanh, tài chính, bán hàng",15 - 25 triệu vnđ,15.0,25.0,vnd,20.0
junior frontend developer,full-time,"nhân viên, chuyên viên",hồ chí minh,trên 2 năm,"frontend (html, javascript, css)",it phần mềm,12 - 24 triệu vnđ,12.0,24.0,vnd,18.0
nhân viên sáng tạo nội dung content writer,full-time,"nhân viên, chuyên viên",tp huế,trên 1 năm,"nội dung, digital marketing, seo","truyền thông, marketing, truyền hình, báo chí, quảng cáo, pr",10 - 12 triệu vnđ,10.0,12.0,vnd,11.0
chuyên viên seo website,full-time,"trưởng nhóm, trưởng phòng",hà nội,trên 2 năm,Unknown,Unknown,13 - 15 triệu vnđ,13.0,15.0,vnd,14.0
chuyên viên quay dựng tiktok video editor,full-time,"nhân viên, chuyên viên",hồ chí minh,trên 1 năm,"dựng phim, adobe after effect, hiệu ứng video","truyền hình, thiết kế, báo chí",12 - 15 triệu vnđ,12.0,15.0,vnd,13.5
chuyên viên it,full-time,"nhân viên, chuyên viên",hà nam,2 - 5 năm,"quản trị mạng, quản trị hệ thống, bảo trì sửa chữa",it phần cứng,10 - 15 triệu vnđ,10.0,15.0,vnd,12.5
unit manager quản lý kinh doanh,full-time,"trưởng nhóm, trưởng phòng",hồ chí minh,1 - 2 năm,"giám sát bán hàng, bán lẻ, đào tạo bán hàng","bán sỉ, kinh doanh, bảo hiểm, bán hàng, cửa hàng, bán lẻ",8 - 35 triệu vnđ,8.0,35.0,vnd,21.5
thực tập sinh digital marketing,full-time,thực tập sinh,tan binh dist,dưới 1 năm,"truyền thông, nội dung, báo chí, digital marketing","truyền thông, quảng cáo, pr, marketing",1 - 3 triệu vnđ,1.0,3.0,vnd,2.0
full stack engineer,full-time,"nhân viên, chuyên viên",hà nội,trên 4 năm,"tuyển dụng (hr), nodejs, frontend (html, full stack, css)","it phần mềm, nhân sự",đến 68 triệu vnđ,0.0,68.0,vnd,34.0
nhân viên digital marketing,full-time,"nhân viên, chuyên viên",hồ chí minh,1 - 3 năm,"facebook ads, digital marketing, seo","truyền thông, quảng cáo, pr, marketing",8 - 12 triệu vnđ,8.0,12.0,vnd,10.0
nhân viên video edit,full-time,"nhân viên, chuyên viên",cần thơ,35 - 01 năm,"dựng phim, adobe after effect, hiệu ứng video, adobe photoshop","truyền thông, marketing, quảng cáo, thiết kế, truyền hình, pr, báo chí",10 - 12 triệu vnđ,10.0,12.0,vnd,11.0
nhân viên digital marketing,full-time,"nhân viên, chuyên viên",hà nội,trên 1 năm,"google ads(adwords), facebook ads, digital marketing, seo",marketing,8 - 15 triệu vnđ,8.0,15.0,vnd,11.5
leader digital marketing,full-time,"trưởng nhóm, trưởng phòng",hồ chí minh,1 - 2 năm,"google ads(adwords), facebook ads, digital marketing","truyền thông, quảng cáo, pr, spa, làm đẹp",15 - 30 triệu vnđ,15.0,30.0,vnd,22.5
thực tập sinh edit video,full-time,"mới tốt nghiệp, thực tập sinh",đà nẵng,không yêu cầu,"dựng phim, adobe after effect, hiệu ứng video, thiết kế 2d","truyền hình, thiết kế, báo chí",đến 1 triệu vnđ,0.0,1.0,vnd,0.5
database administrator internship,part-time,"mới tốt nghiệp, thực tập sinh",hà nội,không yêu cầu,"triển khai phần mềm, data analytics, sql, big data, quản trị hệ thống, hadoop, quản trị mạng","it phần cứng, it phần mềm",2 - 6 triệu vnđ,2.0,6.0,vnd,4.0
nhân viên khai phát 開發人員（設計人員）,full-time,"nhân viên, chuyên viên",đồng nai,dưới 5 năm,"thiết kế 3d, thiết kế nội thất","thiết kế, nội thất, kiến trúc",8 - 15 triệu vnđ,8.0,15.0,vnd,11.5
digital performance executive,full-time,"nhân viên, chuyên viên",hồ chí minh,trên 2 năm,"truyền thông, báo chí, digital marketing","truyền thông, quảng cáo, pr, marketing",10 - 12 triệu vnđ,10.0,12.0,vnd,11.0
nhân viên quay dựng video editor,full-time,"nhân viên, chuyên viên",hồ chí minh,trên 1 năm,"truyền thông, dựng phim, báo chí, adobe photoshop, hiệu ứng video","truyền thông, truyền hình, thiết kế, báo chí, pr, quảng cáo",8 - 15 triệu vnđ,8.0,15.0,vnd,11.5
fullstack developer,full-time,"nhân viên, chuyên viên",hồ chí minh,không yêu cầu,"python, sql, c++, c, full stack",it phần mềm,20 - 30 triệu vnđ,20.0,30.0,vnd,25.0
nhân viên hỗ trợ thanh toán tại địa bàn đồng nai bà rịa vũng tàu,full-time,"nhân viên, chuyên viên",đồng nai,không yêu cầu,"quan hệ khách hàng, giao hàng(shipper), xử lý nợ","ngân hàng, lao động phổ thông, kinh doanh, tài chính, bán hàng",15 - 25 triệu vnđ,15.0,25.0,vnd,20.0
flutter developer,full-time,"nhân viên, chuyên viên",hà nội,0.5 - 2 năm,"lập trình mobile, android, ios",it phần mềm,9 - 10 triệu vnđ,9.0,10.0,vnd,9.5
chuyên viên pháp chế long khánh đồng nai,full-time,"nhân viên, chuyên viên",đồng nai,trên 3 năm,"luật, pháp chế","luật, bán hàng, pháp chế, kinh doanh",9 - 12 triệu vnđ,9.0,12.0,vnd,10.5
digital marketing,full-time,"nhân viên, chuyên viên",hà nội,trên 1 năm,"đài, truyền thông, digital marketing, báo chí, seo, truyền hình), offline marketing (báo","truyền thông, quảng cáo, pr, marketing",13 - 18 triệu vnđ,13.0,18.0,vnd,15.5
nhân viên marketing biết edit video,full-time,"nhân viên, chuyên viên",hồ chí minh,trên 1 năm,"truyền thông, dựng phim, báo chí, seo, hiệu ứng video","truyền thông, marketing, truyền hình, báo chí, quảng cáo, pr",8 - 20 triệu vnđ,8.0,20.0,vnd,14.0
kỹ sư triển khai điện nhẹ,full-time,"nhân viên, chuyên viên",hà nội,2 - 5 năm,"cơ điện, tự động hóa","điện, điện tử, cơ khí, điện lạnh, ô tô, tự động hóa",10 - 15 triệu vnđ,10.0,15.0,vnd,12.5
thiết kế 2d biết pts ai,full-time,"nhân viên, chuyên viên",hồ chí minh,không yêu cầu,"thiết kế nội thất, adobe photoshop, thiết kế 2d, cơ khí","thiết kế, kiến trúc, nội thất, cơ khí, ô tô, tự động hóa",7 - 8 triệu vnđ,7.0,8.0,vnd,7.5
nhân viên chăm sóc khách hàng tiếng anh vietjet air,full-time,"nhân viên, chuyên viên",hồ chí minh,không yêu cầu,chăm sóc khách hàng,chăm sóc khách hàng,8 - 8 triệu vnđ,8.0,8.0,vnd,8.0
al engineer 20m 40 tháng tại hà nội,full-time,"nhân viên, chuyên viên",hà nội,2 - 10 năm,"python, triển khai phần mềm",it phần mềm,20 - 40 triệu vnđ,20.0,40.0,vnd,30.0
ai engineer upto 60m,full-time,"nhân viên, chuyên viên",hà nội,2 - 5 năm,triển khai phần mềm,it phần mềm,40 - 60 triệu vnđ,40.0,60.0,vnd,50.0
nhân viên tư vấn tại văn phòng hỗ trợ 100 data,full-time,"nhân viên, chuyên viên",tp thủ đức,không yêu cầu,"bán hàng qua điện thoại (telesale), quan hệ khách hàng, chăm sóc khách hàng","bán hàng, chăm sóc khách hàng, kinh doanh",đến 15 triệu vnđ,0.0,15.0,vnd,7.5
uiux designer trainee,full-time,"nhân viên, chuyên viên",hồ chí minh,không yêu cầu,"adobe illustrator, thiết kế sản phẩm, quản lý dự án (it), ui, ux","it phần mềm, thiết kế",5 - 7 triệu vnđ,5.0,7.0,vnd,6.0
japanese customer success specialist（it saas）,full-time,"nhân viên, chuyên viên",hồ chí minh,3 - 5 năm,"tư vấn doanh nghiệp (b2b), phát triển thị trường, tư vấn bán hàng","bán hàng, chăm sóc khách hàng, kinh doanh",25 - 30 triệu vnđ,25.0,30.0,vnd,27.5
digital marketing,full-time,"nhân viên, chuyên viên",thái bình,trên 3 năm,"truyền thông, báo chí, tư vấn bán hàng, digital marketing","truyền thông, marketing, kinh doanh, quảng cáo, pr, bán hàng",12 - 18 triệu vnđ,12.0,18.0,vnd,15.0
hn338 backend developer hà nội upto50tr,full-time,"nhân viên, chuyên viên",hà nội,2 - 3 năm,"javascript, java, backend",it phần mềm,30 - 50 triệu vnđ,30.0,50.0,vnd,40.0
nhân viên editor,full-time,"nhân viên, chuyên viên",hà nội,trên 1 năm,"dựng phim, hiệu ứng video, adobe photoshop","truyền hình, thiết kế, báo chí",10 - 15 triệu vnđ,10.0,15.0,vnd,12.5
devops testing engineer,full-time,"nhân viên, chuyên viên",thái bình,3 - 3 năm,nghiên cứu và phát triển (r&d),"it phần mềm, khoa học, kỹ thuật",12 - 25 triệu vnđ,12.0,25.0,vnd,18.5
nhân viên chăm sóc khách hàng sàn tmđt kênh call chat email,full-time,"nhân viên, chuyên viên",hồ chí minh,không yêu cầu,tư vấn bán hàng,"chăm sóc khách hàng, kinh doanh, hành chính, văn phòng, bán hàng",6 - 7 triệu vnđ,6.0,7.0,vnd,6.5
nhân viên triển khai 2d lương up to 13 triệu,full-time,"nhân viên, chuyên viên",hồ chí minh,trên 2 năm,"họa viên kiến trúc, thiết kế 2d, kiến trúc","xây dựng, thiết kế, nội thất, kiến trúc",10 - 13 triệu vnđ,10.0,13.0,vnd,11.5
video editor,full-time,"nhân viên, chuyên viên",hồ chí minh,trên 2 năm,"social marketing, dựng phim, hiệu ứng video, digital marketing","truyền thông, marketing, truyền hình, báo chí, quảng cáo, pr",10 - 15 triệu vnđ,10.0,15.0,vnd,12.5
kỹ sư phát triển backend java ngân hàng lương 30 triệu tháng tại hà nội,full-time,"nhân viên, chuyên viên",hà nội,2 - 10 năm,"java, oracle, backend",it phần mềm,20 - 30 triệu vnđ,20.0,30.0,vnd,25.0
fullstack it developer,full-time,"nhân viên, chuyên viên",hà nội,trên 1 năm,"c#, python, .net",it phần mềm,15 - 30 triệu vnđ,15.0,30.0,vnd,22.5
nhân viên digital marketing,full-time,"nhân viên, chuyên viên",hồ chí minh,không yêu cầu,Unknown,Unknown,8 - 12 triệu vnđ,8.0,12.0,vnd,10.0
odoo developer,full-time,"nhân viên, chuyên viên",hồ chí minh,không yêu cầu,"sql, python, triển khai phần mềm",it phần mềm,6 - 16 triệu vnđ,6.0,16.0,vnd,11.0
android developer intern,full-time,"mới tốt nghiệp, thực tập sinh",hà nội,không yêu cầu,"frontend (html, css), android, java","it phần mềm, thiết kế",2 - 4 triệu vnđ,2.0,4.0,vnd,3.0
thực tập sinh content writer,part-time,"nhân viên, chuyên viên",đà nẵng,không yêu cầu,"truyền thông, nội dung, báo chí","truyền thông, quảng cáo, pr, marketing",từ 15 triệu vnđ,15.0,0.0,vnd,7.5
unity developer,full-time,"nhân viên, chuyên viên",hồ chí minh,trên 2 năm,quản lý dự án (it),it phần mềm,18 - 25 triệu vnđ,18.0,25.0,vnd,21.5
nhân viên telesales data hot lead thu nhập từ 15tr 25tr,full-time,"nhân viên, chuyên viên",quận 3,trên 0.5 năm,"tư vấn doanh nghiệp (b2b), bán hàng qua điện thoại (telesale), tư vấn bán hàng","bán hàng, kinh doanh",15 - 25 triệu vnđ,15.0,25.0,vnd,20.0
nhân viên sản xuất kaizen qa tiếng nhật n2,full-time,"nhân viên, chuyên viên",đồng nai,1 - 2 năm,"quản lý chất lượng (qa, vận hành sản xuất, qc)","lắp ráp, chế biến, sản xuất",12 - 14 triệu vnđ,12.0,14.0,vnd,13.0
react native developer,full-time,"nhân viên, chuyên viên",hà nội,2 - 3 năm,"android, ios, java",it phần mềm,đến 20 triệu vnđ,0.0,20.0,vnd,10.0
nhân viên kinh doanh nhân viên bán hàng telesales tư vấn tuyển sinh data có sẵn tỷ lệ chốt cao,full-time,"nhân viên, chuyên viên",hà nội,không yêu cầu,Unknown,Unknown,13 - 25 triệu vnđ,13.0,25.0,vnd,19.0
sales engineer,full-time,"nhân viên, chuyên viên",hồ chí minh,2 - 5 năm,"điện lạnh, nhiệt lạnh","điện tử, điện lạnh, điện",20 - 30 triệu vnđ,20.0,30.0,vnd,25.0
nhân viên nghiên cứu phát triển sản phẩm r d nhơn trạch đồng nai,full-time,"nhân viên, chuyên viên",đồng nai,2 - 5 năm,"nghiên cứu và phát triển (r&d), hóa học, hóa chất","hoá sinh, lắp ráp, chế biến, sản xuất",15 - 20 triệu vnđ,15.0,20.0,vnd,17.5
video editor,full-time,"nhân viên, chuyên viên",quận tân bình,1 - 3 năm,"dựng phim, hiệu ứng video","dược phẩm, marketing, spa, làm đẹp, mỹ phẩm",13 - 15 triệu vnđ,13.0,15.0,vnd,14.0
nhân viên digital marketing,full-time,"nhân viên, chuyên viên",hồ chí minh,3 - 5 năm,"social marketing, phát triển thị trường, digital marketing","truyền thông, marketing, kinh doanh, quảng cáo, pr, bán hàng",15 - 30 triệu vnđ,15.0,30.0,vnd,22.5
digital marketing specialist,full-time,"nhân viên, chuyên viên",hồ chí minh,không yêu cầu,"tư vấn bán hàng, digital marketing, seo","truyền thông, marketing, kinh doanh, quảng cáo, pr, bán hàng",8 - 15 triệu vnđ,8.0,15.0,vnd,11.5
senior java developer,full-time,"nhân viên, chuyên viên",hà nội,trên 3 năm,"sql, triển khai phần mềm, oracle, java",it phần mềm,đến 60 triệu vnđ,0.0,60.0,vnd,30.0
nhân viên it help desk lương upto 15m bounus 3 tháng lương,full-time,"nhân viên, chuyên viên",hà nội,trên 0.5 năm,"it helpdesk, it support","it phần mềm, chăm sóc khách hàng",10 - 15 triệu vnđ,10.0,15.0,vnd,12.5
design engineer,full-time,"nhân viên, chuyên viên",hải phòng,không yêu cầu,"cam, cad","kiến trúc, nội thất, cơ khí, ô tô, tự động hóa",12 - 20 triệu vnđ,12.0,20.0,vnd,16.0
nhân viên khai báo hải quan,full-time,"nhân viên, chuyên viên",hà nội,không yêu cầu,"xuất nhập khẩu, chứng từ",xuất nhập khẩu,8 - 14 triệu vnđ,8.0,14.0,vnd,11.0
nhân viên kế toán nội bộ chi nhánh đồng nai,full-time,"nhân viên, chuyên viên",biên hòa,1 - 3 năm,"giao dịch viên ngân hàng, kiểm toán, misa, kế toán tổng hợp","kế toán, tài chính, kiểm toán, ngân hàng",9 - 12 triệu vnđ,9.0,12.0,vnd,10.5
nhân viên triển khai sự kiện,full-time,"nhân viên, chuyên viên",hà nội,0.5 - 1 năm,"hành chính văn phòng, sự kiện","truyền thông, quảng cáo, pr, marketing",13 - 14 triệu vnđ,13.0,14.0,vnd,13.5
sales engineer chuyên viên bán hàng kỹ thuật,full-time,"nhân viên, chuyên viên",hà nội,trên 1 năm,Unknown,Unknown,15 - 25 triệu vnđ,15.0,25.0,vnd,20.0
nhân viên bán hàng qua điện thoại có sẵn data,full-time,"nhân viên, chuyên viên",hồ chí minh,1 - 2 năm,"bán hàng qua điện thoại (telesale), tư vấn bán hàng, chăm sóc khách hàng","chăm sóc khách hàng, kinh doanh, hành chính, văn phòng, bán hàng",9 - 20 triệu vnđ,9.0,20.0,vnd,14.5
thực tập sinh it,full-time,thực tập sinh,hồ chí minh,dưới 5 năm,"triển khai phần mềm, it support","it phần cứng, it phần mềm",4 - 10 triệu vnđ,4.0,10.0,vnd,7.0
trợ lý kinh doanh trợ lý ngành hàng it,full-time,"nhân viên, chuyên viên",hồ chí minh,trên 1 năm,"giám sát bán hàng, hành chính văn phòng, kế toán tổng hợp, bán lẻ, thư ký","kế toán, chăm sóc khách hàng, bán sỉ, kinh doanh, hành chính, văn phòng, kiểm toán, bán hàng, cửa hàng, bán lẻ",10 - 15 triệu vnđ,10.0,15.0,vnd,12.5
nhân viên it help desk,full-time,"nhân viên, chuyên viên",hồ chí minh,dưới 3 năm,"quản trị mạng, it helpdesk, it support","it phần cứng, it phần mềm, chăm sóc khách hàng",8 - 15 triệu vnđ,8.0,15.0,vnd,11.5
project assistant it software,full-time,"nhân viên, chuyên viên",hà nội,trên 1 năm,"thư ký, quản lý dự án (it), hành chính văn phòng","it phần mềm, văn phòng, hành chính",đến 22 triệu vnđ,0.0,22.0,vnd,11.0
kiến trúc sư triển khai,full-time,"nhân viên, chuyên viên",hà nội,1 - 5 năm,"quản lý sản xuất, họa viên kiến trúc, kiến trúc","chế biến, sản xuất, nội thất, xây dựng, lắp ráp, kiến trúc",12 - 18 triệu vnđ,12.0,18.0,vnd,15.0
nhân viên tiktok video editor,full-time,"nhân viên, chuyên viên",hà nội,trên 1 năm,"dựng phim, hiệu ứng video, nội dung","truyền hình, báo chí, marketing",10 - 12 triệu vnđ,10.0,12.0,vnd,11.0
việc làm automation qc engineer,full-time,"nhân viên, chuyên viên",hồ chí minh,không yêu cầu,"c#, qa, .net, test",it phần mềm,từ 13 triệu vnđ,13.0,0.0,vnd,6.5
senior android developer,full-time,"nhân viên, chuyên viên",hồ chí minh,không yêu cầu,"android, ios, java",it phần mềm,5 - 100 triệu vnđ,5.0,100.0,vnd,52.5
nhân viên nail salon làm việc tại bà rịa vũng tàu,full-time,"nhân viên, chuyên viên",vũng tàu,trên 0.5 năm,"mỹ phẩm, làm đẹp, thể chất, spa","spa, chăm sóc khách hàng, lao động phổ thông, làm đẹp",15 - 20 triệu vnđ,15.0,20.0,vnd,17.5
hn331 digital marketing hai bà trưng hà nội 10 12tr,full-time,"nhân viên, chuyên viên",hà nội,1 - 5 năm,"google ads(adwords), facebook ads, digital marketing",marketing,10 - 12 triệu vnđ,10.0,12.0,vnd,11.0
nhân viên digital marketing,full-time,"nhân viên, chuyên viên",thái nguyên,dưới 1 năm,"digital marketing, seo",marketing,5 - 8 triệu vnđ,5.0,8.0,vnd,6.5
lập trình viên java junior java developer,full-time,"nhân viên, chuyên viên",hà nội,trên 1 năm,"c#, .net, sql, java, backend",it phần mềm,8 - 12 triệu vnđ,8.0,12.0,vnd,10.0
nhân viên video editor,full-time,"nhân viên, chuyên viên",hồ chí minh,không yêu cầu,"truyền thông, adobe after effect, dựng phim, báo chí, adobe photoshop, hiệu ứng video","truyền thông, truyền hình, thiết kế, báo chí, pr, quảng cáo",10 - 15 triệu vnđ,10.0,15.0,vnd,12.5
leader digital maketing,full-time,"trưởng nhóm, trưởng phòng",tây hồ,2 - 3 năm,"facebook ads, digital marketing, seo",marketing,10 - 12 triệu vnđ,10.0,12.0,vnd,11.0
nhân viên kinh doanh thị trường làm việc tại long an bình dương đồng nai,full-time,"nhân viên, chuyên viên",hồ chí minh,trên 1 năm,"tư vấn doanh nghiệp (b2b), phát triển thị trường, tư vấn bán hàng","bán sỉ, kinh doanh, xây dựng, bán hàng, cửa hàng, bán lẻ",10 - 20 triệu vnđ,10.0,20.0,vnd,15.0
lễ tân trung tâm gym fitness parttime,full-time,"nhân viên, chuyên viên",hồ chí minh,không yêu cầu,lễ tân (receptionist),"chăm sóc khách hàng, hành chính, văn phòng, nhà hàng, khách sạn",3 - 6 triệu vnđ,3.0,6.0,vnd,4.5
video editor,full-time,"nhân viên, chuyên viên",hà nội,trên 1 năm,"dựng phim, hiệu ứng video, adobe photoshop","truyền hình, thiết kế, báo chí, marketing",11 - 15 triệu vnđ,11.0,15.0,vnd,13.0
data analyst,full-time,"nhân viên, chuyên viên",điện biên,1 - 5 năm,"phân tích tài chính, data analytics","tài chính, ngân hàng",15 - 25 triệu vnđ,15.0,25.0,vnd,20.0
nhân sự revit autocad hệ thống cơ điện,full-time,"nhân viên, chuyên viên",hà nội,không yêu cầu,"cơ điện, nhiệt lạnh, cam, cad, điện lạnh, quản trị nhân sự (hr)","nhân sự, điện, kiến trúc, nội thất, điện tử, cơ khí, ô tô, điện lạnh, tự động hóa",10 - 15 triệu vnđ,10.0,15.0,vnd,12.5
design engineer,full-time,"nhân viên, chuyên viên",hải phòng,không yêu cầu,"cam, cơ khí, cad","kiến trúc, nội thất, cơ khí, ô tô, tự động hóa",12 - 20 triệu vnđ,12.0,20.0,vnd,16.0
hn332 yctd chuyên viên vận hành sàn tiktok hai bà trưng hà nội,full-time,"nhân viên, chuyên viên",hà nội,0.5 - 1 năm,"media planning, social marketing, media buying","truyền thông, quảng cáo, pr, marketing",15 - 18 triệu vnđ,15.0,18.0,vnd,16.5
nhân viên digital marketing,full-time,"nhân viên, chuyên viên",hồ chí minh,không yêu cầu,"truyền thông, báo chí, facebook ads, digital marketing","truyền thông, quảng cáo, pr, marketing",10 - 15 triệu vnđ,10.0,15.0,vnd,12.5
thực tập sinh tư vấn triển khai phần mềm,full-time,thực tập sinh,hồ chí minh,dưới 3 năm,"triển khai phần mềm, ux, ui, chăm sóc khách hàng","truyền thông, quảng cáo, thiết kế, pr, it phần mềm",4 - 10 triệu vnđ,4.0,10.0,vnd,7.0
nhân viên tư vấn telesales có sẵn data tiềm năng,full-time,"nhân viên, chuyên viên",quận 1,trên 0.5 năm,"bán hàng qua điện thoại (telesale), quan hệ khách hàng, tư vấn bán hàng","bán hàng, kinh doanh",15 - 25 triệu vnđ,15.0,25.0,vnd,20.0
sale it 25 triệu hoa hồng,full-time,"nhân viên, chuyên viên",hà nội,dưới 5 năm,"tư vấn doanh nghiệp (b2b), quản lý dự án, quản lý dự án (it), tư vấn bán hàng","chăm sóc khách hàng, kinh doanh, đấu thầu, xây dựng, bán hàng, dự án, it phần mềm",đến 20 triệu vnđ,0.0,20.0,vnd,10.0
nhân viên phụ bếp cook helper chickita flame grilled chicken,full-time,"nhân viên, chuyên viên",lotte tây hồvincom bà triệutttm the gardensavico long biên,dưới 1 năm,phụ bếp,"khách sạn, nhà hàng",6 - 8 triệu vnđ,6.0,8.0,vnd,7.0
full stack developer,full-time,"nhân viên, chuyên viên",hà nội,không yêu cầu,"javascript, full stack, java",it phần mềm,15 - 40 triệu vnđ,15.0,40.0,vnd,27.5
lập trình viên java fullstack 3 năm,full-time,"nhân viên, chuyên viên",hà nội,trên 3 năm,"full stack, tư vấn bán hàng, java","it phần mềm, bán hàng, kinh doanh",25 - 40 triệu vnđ,25.0,40.0,vnd,32.5
giáo viên kaiwa tiếng nhật,full-time,"nhân viên, chuyên viên",hà nội,0.5 - 1 năm,"đào tạo, phiên dịch, biên, ngoại ngữ","đào tạo, giáo dục, biên phiên dịch",15 - 30 triệu vnđ,15.0,30.0,vnd,22.5
auto electronics engineer,full-time,"nhân viên, chuyên viên",kon tum,dưới 1 năm,điện tử,"kỹ thuật, điện, điện tử, khoa học, điện lạnh",từ 15 triệu vnđ,15.0,0.0,vnd,7.5
video editor media marketing,full-time,"nhân viên, chuyên viên",hồ chí minh,2 - 3 năm,"media planning, dựng phim, hiệu ứng video, adobe premier","truyền hình, báo chí, marketing",12 - 16 triệu vnđ,12.0,16.0,vnd,14.0
academics affairs,full-time,"nhân viên, chuyên viên",hồ chí minh,trên 2 năm,"truyền thông, báo chí, hành chính văn phòng","truyền thông, hành chính, văn phòng, quảng cáo, pr",8 - 12 triệu vnđ,8.0,12.0,vnd,10.0
nhân viên hỗ trợ thanh toán tại địa bàn tỉnh bình dương đồng nai,full-time,"nhân viên, chuyên viên",đồng nai,không yêu cầu,"quan hệ khách hàng, giao hàng(shipper), xử lý nợ","ngân hàng, lao động phổ thông, kinh doanh, tài chính, bán hàng",15 - 25 triệu vnđ,15.0,25.0,vnd,20.0
vietjet air tổng đài viên line tiếng anh không yêu cầu kinh nghiệm thu nhập từ 8m,full-time,"nhân viên, chuyên viên",hồ chí minh,không yêu cầu,"phiên dịch, biên, tổng đài viên, tư vấn bán hàng","biên phiên dịch, bán hàng, chăm sóc khách hàng, kinh doanh",8 - 9 triệu vnđ,8.0,9.0,vnd,8.5
software quality assurance engineer,full-time,"nhân viên, chuyên viên",hồ chí minh,trên 3 năm,"python, php, test, sql, qa",it phần mềm,25 - 35 triệu vnđ,25.0,35.0,vnd,30.0
nhân viên kiểm định container,full-time,"nhân viên, chuyên viên",bình dương,trên 1 năm,"quản lý chất lượng (qa, cơ khí, qc)","chế biến, sản xuất, lắp ráp, cơ khí, ô tô, tự động hóa",từ 12 triệu vnđ,12.0,0.0,vnd,6.0
sales engineer tiếng nhật,full-time,"nhân viên, chuyên viên",bình dương,1 - 5 năm,"cơ điện, cơ khí, tư vấn bán hàng, tự động hóa","chế biến, sản xuất, kinh doanh, lắp ráp, bán hàng, cơ khí, ô tô, tự động hóa",20 - 35 triệu vnđ,20.0,35.0,vnd,27.5
middle frontend developer,full-time,"nhân viên, chuyên viên",hà nội,trên 2 năm,"php, javascript, sql, ui, frontend (html, css), ux","it phần mềm, thiết kế",25 - 40 triệu vnđ,25.0,40.0,vnd,32.5
java developer,full-time,"nhân viên, chuyên viên",cầu giấy,trên 2 năm,"javascript, sql, java, frontend (html, css)","it phần mềm, đấu thầu, viễn thông, dự án",20 - 30 triệu vnđ,20.0,30.0,vnd,25.0
sales engineer kỹ sư bán hàng ngành khí nén điều khiển chiếu sáng,full-time,"nhân viên, chuyên viên",hà nội,không yêu cầu,"tư vấn bán hàng, kỹ sư bán hàng (sale engineer)","chăm sóc khách hàng, kinh doanh, bán hàng, cơ khí, ô tô, tự động hóa",10 - 14 triệu vnđ,10.0,14.0,vnd,12.0
full stack developer,full-time,"nhân viên, chuyên viên",hà nội,trên 3 năm,Unknown,Unknown,30 - 60 triệu vnđ,30.0,60.0,vnd,45.0
nhân viên media quay dựng edit video,full-time,"nhân viên, chuyên viên",hà nội,1 - 2 năm,"dựng phim, hiệu ứng video","truyền thông, quảng cáo, pr",10 - 15 triệu vnđ,10.0,15.0,vnd,12.5
digital marketing executive,full-time,"nhân viên, chuyên viên",hồ chí minh,không yêu cầu,"digital marketing, facebook ads, tư vấn bán hàng","bán hàng, kinh doanh, marketing",11 - 15 triệu vnđ,11.0,15.0,vnd,13.0
nhân viên it support,full-time,"nhân viên, chuyên viên",hồ chí minh,không yêu cầu,"phần cứng máy tính, it helpdesk, it support, điện thoại, quản trị mạng","it phần cứng, chăm sóc khách hàng",8 - 13 triệu vnđ,8.0,13.0,vnd,10.5
nhân viên khai báo hải quan,full-time,"nhân viên, chuyên viên",hà nội,trên 3 năm,"thương mại quốc tế, chứng từ",xuất nhập khẩu,đến 20 triệu vnđ,0.0,20.0,vnd,10.0
chuyên viên digital marketing,full-time,"nhân viên, chuyên viên",hồ chí minh,trên 1 năm,Unknown,Unknown,13 - 16 triệu vnđ,13.0,16.0,vnd,14.5
nhân viên video editor,full-time,"nhân viên, chuyên viên",hồ chí minh,trên 1 năm,Unknown,Unknown,10 - 15 triệu vnđ,10.0,15.0,vnd,12.5
nhân viên chăm sóc khách hàng vietjet air line tiếng anh,full-time,"nhân viên, chuyên viên",hồ chí minh,dưới 5 năm,"tổng đài viên, hàng không, hàng hải, sân bay",chăm sóc khách hàng,8 - 9 triệu vnđ,8.0,9.0,vnd,8.5
senior backend developer,full-time,"nhân viên, chuyên viên",hà nội,trên 5 năm,"java, backend",it phần mềm,20 - 30 triệu vnđ,20.0,30.0,vnd,25.0
giám sát khai thác tài sản miền nam,full-time,"nhân viên, chuyên viên",hồ chí minh,2 - 3 năm,"hành chính văn phòng, giám sát kho, thẩm định tín dụng","kho vận, ngân hàng, chăm sóc khách hàng, hành chính, văn phòng, tài chính, bất động sản",15 - 20 triệu vnđ,15.0,20.0,vnd,17.5
thực tập sinh website marketing,full-time,thực tập sinh,hồ chí minh,không yêu cầu,"tư vấn bán hàng, digital marketing, seo","truyền thông, chăm sóc khách hàng, kinh doanh, quảng cáo, pr, bán hàng",10 - 20 triệu vnđ,10.0,20.0,vnd,15.0
vietinbank lai châu chuyên viên tư vấn bảo hiểm kênh hợp tác ngân hàng lương cơ bản đến 12 triệu,full-time,"nhân viên, chuyên viên",lai châu,1 - 5 năm,"tư vấn bán hàng, chăm sóc khách hàng","bán hàng, chăm sóc khách hàng, kinh doanh",10 - 20 triệu vnđ,10.0,20.0,vnd,15.0
sales engineer tiếng nhật,full-time,"nhân viên, chuyên viên",bình dương,không yêu cầu,"cơ điện, chế tạo máy","chế biến, sản xuất, lắp ráp, cơ khí, ô tô, tự động hóa",20 - 35 triệu vnđ,20.0,35.0,vnd,27.5
nhân viên triển khai 2d thu nhập cạnh tranh,full-time,"nhân viên, chuyên viên",hồ chí minh,trên 1 năm,"thiết kế 3d, thiết kế nội thất, thiết kế 2d","thiết kế, nội thất, kiến trúc",10 - 20 triệu vnđ,10.0,20.0,vnd,15.0
technical support engineer,full-time,"nhân viên, chuyên viên",hồ chí minh,trên 1 năm,"cloud (aws, azure), it support","it phần cứng, it phần mềm",18 - 28 triệu vnđ,18.0,28.0,vnd,23.0
tổ trưởng it mảng phần mềm ứng dụng,full-time,"trưởng nhóm, trưởng phòng",kcx linh trung 2,3 - 5 năm,"python, triển khai phần mềm, quản trị hệ thống","it phần cứng, it phần mềm, quản lý",15 - 18 triệu vnđ,15.0,18.0,vnd,16.5
net developer,full-time,"nhân viên, chuyên viên",hà nội,2 - 14 năm,"c#, sql, asp.net, .net",it phần mềm,17 - 42 triệu vnđ,17.0,42.0,vnd,29.5
backend developer,full-time,"nhân viên, chuyên viên",hà nội,trên 2 năm,"java, backend",it phần mềm,17 - 22 triệu vnđ,17.0,22.0,vnd,19.5
lập trình viên java fullstack 3 năm,full-time,"nhân viên, chuyên viên",hà nội,trên 3 năm,"full stack, java","it phần mềm, bán hàng, chăm sóc khách hàng, kinh doanh",25 - 40 triệu vnđ,25.0,40.0,vnd,32.5
digital marketing specialist,full-time,"nhân viên, chuyên viên",hồ chí minh,5 - 5 năm,digital marketing,marketing,15 - 25 triệu vnđ,15.0,25.0,vnd,20.0
system engineer,full-time,"nhân viên, chuyên viên",hà nội,trên 3 năm,"cloud (aws, azure), quản trị hệ thống","it phần cứng, it phần mềm",15 - 30 triệu vnđ,15.0,30.0,vnd,22.5
hn323 sale engineer đống đa hà nội,full-time,"nhân viên, chuyên viên",hà nội,không yêu cầu,"tư vấn doanh nghiệp (b2b), phát triển thị trường, kỹ sư bán hàng (sale engineer)","bán hàng, chăm sóc khách hàng, kinh doanh",10 - 25 triệu vnđ,10.0,25.0,vnd,17.5
senior middle php developer,full-time,"nhân viên, chuyên viên",hồ chí minh,trên 3 năm,"php, javascript, cloud (aws, azure), frontend (html, css)",it phần mềm,25 - 35 triệu vnđ,25.0,35.0,vnd,30.0
senior digital project management specialist,full-time,"trưởng nhóm, trưởng phòng",hà nội,trên 6 năm,"quản lý dự án, quản lý dự án (it), cơ khí, digital marketing","điện, marketing, đấu thầu, điện tử, cơ khí, dự án, điện lạnh, it phần mềm, ô tô, tự động hóa",30 - 50 triệu vnđ,30.0,50.0,vnd,40.0
nhân viên thiết kế ui ux website,full-time,"nhân viên, chuyên viên",hà nội,2 - 5 năm,"thiết kế sản phẩm, ui, adobe photoshop, ux","it phần mềm, thiết kế",12 - 14 triệu vnđ,12.0,14.0,vnd,13.0
web system developer,full-time,"nhân viên, chuyên viên",đà nẵng,không yêu cầu,"php, python, quản lý dự án (it), it support","it phần cứng, it phần mềm",13 - 34 triệu vnđ,13.0,34.0,vnd,23.5
nhân viên video editor fulltime,full-time,"nhân viên, chuyên viên",hà nội,1 - 5 năm,"dựng phim, hiệu ứng video, adobe premier","truyền hình, thiết kế, báo chí, marketing",8 - 15 triệu vnđ,8.0,15.0,vnd,11.5
leader it sản xuất,full-time,"trưởng nhóm, trưởng phòng",kcx linh trung 1,2 - 5 năm,"asp.net, vận hành sản xuất, giám sát sản xuất","chế biến, sản xuất, quản lý, lắp ráp, it phần mềm",14 - 18 triệu vnđ,14.0,18.0,vnd,16.0
trưởng nhóm chăm sóc khách hàng hãng hàng không vietjet air,full-time,"trưởng nhóm, trưởng phòng",hồ chí minh,0.5 - 1 năm,"quản trị nhân sự (hr), tổng đài viên, hàng không, sân bay","du lịch, chăm sóc khách hàng",10 - 12 triệu vnđ,10.0,12.0,vnd,11.0
nhân viên kinh doanh thị trường nhôm kính đồng nai,full-time,"nhân viên, chuyên viên",đồng nai,1 - 1 năm,"tư vấn doanh nghiệp (b2b), phát triển thị trường, tư vấn bán hàng","kinh doanh, nội thất, xây dựng, bán hàng, kiến trúc",7 - 20 triệu vnđ,7.0,20.0,vnd,13.5
nhân viên lễ tân fitness full time,full-time,"nhân viên, chuyên viên",hà nội,không yêu cầu,"lễ tân (receptionist), tư vấn bán hàng","hành chính, văn phòng, bán hàng, kinh doanh",5 - 6 triệu vnđ,5.0,6.0,vnd,5.5
trợ lý vận hành cửa hàng fitflop brand,full-time,"nhân viên, chuyên viên",hồ chí minh,không yêu cầu,"giám sát bán hàng, bán lẻ, hành chính văn phòng","chăm sóc khách hàng, bán sỉ, kinh doanh, hành chính, văn phòng, bán hàng, cửa hàng, bán lẻ",5 - 100 triệu vnđ,5.0,100.0,vnd,52.5
nhân viên quản trị website,full-time,"nhân viên, chuyên viên",hồ chí minh,trên 1 năm,Unknown,Unknown,8 - 12 triệu vnđ,8.0,12.0,vnd,10.0
nhân viên media quay dựng edit video,full-time,"nhân viên, chuyên viên",hà nội,1 - 2 năm,"dựng phim, hiệu ứng video","truyền hình, báo chí, marketing",10 - 15 triệu vnđ,10.0,15.0,vnd,12.5
quality manager,full-time,"nhân viên, chuyên viên",bình dương,trên 4 năm,"quản lý chất lượng (qa, cơ khí, qc)","chế biến, sản xuất, lắp ráp, cơ khí, ô tô, tự động hóa",24 - 26 triệu vnđ,24.0,26.0,vnd,25.0
junior digital marketer,full-time,"nhân viên, chuyên viên",hồ chí minh,không yêu cầu,"google ads(adwords), facebook ads, digital marketing, seo",marketing,7 - 8 triệu vnđ,7.0,8.0,vnd,7.5
nhân viên khai thác khách hàng,part-time,"nhân viên, chuyên viên",hồ chí minh,không yêu cầu,"chăm sóc khách hàng, tư vấn bán hàng","bán hàng, chăm sóc khách hàng, kinh doanh",1 - 3 triệu vnđ,1.0,3.0,vnd,2.0
đồng nai long khánh nhân viên hỗ trợ thanh toán tại địa bàn,full-time,"nhân viên, chuyên viên",đồng nai,không yêu cầu,"quan hệ khách hàng, giao hàng(shipper), xử lý nợ","ngân hàng, lao động phổ thông, kinh doanh, tài chính, bán hàng",15 - 25 triệu vnđ,15.0,25.0,vnd,20.0
it helpdesk,full-time,"nhân viên, chuyên viên",hồ chí minh,trên 2 năm,"it helpdesk, it support","it phần cứng, chăm sóc khách hàng",9 - 12 triệu vnđ,9.0,12.0,vnd,10.5
react native developer,full-time,"nhân viên, chuyên viên",hà nội,trên 2 năm,"javascript, android, ios",it phần mềm,15 - 25 triệu vnđ,15.0,25.0,vnd,20.0
kế toán kho kcn lai xá hoài đức hà nội,full-time,"nhân viên, chuyên viên",hà nội,2 - 5 năm,kế toán kho,"kế toán, kiểm toán",đến 20 triệu vnđ,0.0,20.0,vnd,10.0
nhân viên kiểm soát chất lượng vận hành tt khai thác,full-time,"nhân viên, chuyên viên",bình dương,dưới 3 năm,"quản lý chất lượng (qa, phụ kho, hành chính văn phòng, qc)","kho vận, chăm sóc khách hàng, hành chính, văn phòng, môi trường",8 - 10 triệu vnđ,8.0,10.0,vnd,9.0
nhân viên video editor,full-time,"nhân viên, chuyên viên",hồ chí minh,trên 2 năm,Unknown,Unknown,10 - 14 triệu vnđ,10.0,14.0,vnd,12.0
nhân viên khai báo hải quan,full-time,"nhân viên, chuyên viên",hà nội,không yêu cầu,"xuất nhập khẩu, chứng từ",xuất nhập khẩu,10 - 16 triệu vnđ,10.0,16.0,vnd,13.0
nhân viên khối khai thác,full-time,"nhân viên, chuyên viên",hà nội,không yêu cầu,"giao nhận hàng, thủ kho","kho vận, xuất nhập khẩu",từ 7 triệu vnđ,7.0,0.0,vnd,3.5
video editor,full-time,"nhân viên, chuyên viên",hồ chí minh,không yêu cầu,"dựng phim, hiệu ứng video, adobe photoshop","truyền hình, thiết kế, báo chí",8 - 15 triệu vnđ,8.0,15.0,vnd,11.5
japanese web support post monitoring staff japanese n3 n2,full-time,"nhân viên, chuyên viên",hồ chí minh,không yêu cầu,"phiên dịch, biên, hành chính văn phòng","hành chính, văn phòng, biên phiên dịch",9 - 13 triệu vnđ,9.0,13.0,vnd,11.0
it infrastructure support,full-time,"nhân viên, chuyên viên",hồ chí minh,không yêu cầu,"quản trị mạng, quản trị hệ thống, it support","it phần cứng, it phần mềm",5 - 100 triệu vnđ,5.0,100.0,vnd,52.5
nhân viên kinh doanh lĩnh vực digital marketing,full-time,"nhân viên, chuyên viên",hà nội,không yêu cầu,kỹ sư bán hàng (sale engineer),marketing,6 - 15 triệu vnđ,6.0,15.0,vnd,10.5
đồng nai nhơn trạch nhân viên hỗ trợ thanh toán tại địa bàn,full-time,"nhân viên, chuyên viên",đồng nai,không yêu cầu,"quan hệ khách hàng, giao hàng(shipper), xử lý nợ","ngân hàng, lao động phổ thông, kinh doanh, tài chính, bán hàng",15 - 25 triệu vnđ,15.0,25.0,vnd,20.0
nhân viên video editor designer,full-time,"nhân viên, chuyên viên",hà nội,1 - 2 năm,"adobe illustrator, adobe photoshop, adobe premier",thiết kế,12 - 18 triệu vnđ,12.0,18.0,vnd,15.0
intern ruby on rails developers,"full-time , part-time",thực tập sinh,hà nội,không yêu cầu,"sql, c++, c, java",it phần mềm,từ 2 triệu vnđ,2.0,0.0,vnd,1.0
mechanical design engineer,full-time,"nhân viên, chuyên viên",hồ chí minh,2 - 3 năm,"cam, thiết kế sản phẩm, cad","điện, tự động hóa, nội thất, điện tử, cơ khí, ô tô, điện lạnh, kiến trúc",14 - 14 triệu vnđ,14.0,14.0,vnd,14.0
nhân viên quay dựng video editor,full-time,"nhân viên, chuyên viên",hà nội,trên 2 năm,"dựng phim, hiệu ứng video, adobe photoshop","truyền hình, thiết kế, báo chí",12 - 15 triệu vnđ,12.0,15.0,vnd,13.5
thực tập sinh digital marketing ads fulltime,full-time,"mới tốt nghiệp, thực tập sinh",hà nội,không yêu cầu,"facebook ads, digital marketing",marketing,3 - 4 triệu vnđ,3.0,4.0,vnd,3.5
chuyên viên it hỗ trợ ứng dụng,full-time,"nhân viên, chuyên viên",kim động,2 - 5 năm,"quản trị hệ thống, it support",it phần cứng,đến 20 triệu vnđ,0.0,20.0,vnd,10.0
nhân viên dự toán công trình qs engineer,full-time,"nhân viên, chuyên viên",hồ chí minh,trên 3 năm,Unknown,Unknown,15 - 17 triệu vnđ,15.0,17.0,vnd,16.0
giám sát thi công tại hcm tây ninh đồng nai bình dương,full-time,"nhân viên, chuyên viên",hồ chí minh,không yêu cầu,"xây dựng, giám sát công trình",xây dựng,9 - 15 triệu vnđ,9.0,15.0,vnd,12.0
nhân viên it support helpdesk,full-time,"nhân viên, chuyên viên",hồ chí minh,không yêu cầu,"phần cứng máy tính, it helpdesk, it support, điện thoại, quản trị mạng","it phần cứng, khoa học, chăm sóc khách hàng, kỹ thuật",10 - 12 triệu vnđ,10.0,12.0,vnd,11.0
hair stylist chuyên viên tạo mẫu tóc chuyên nghiệp,full-time,"nhân viên, chuyên viên",hà nội,trên 1 năm,"thiết kế thời trang, thời trang, dệt may","chăm sóc khách hàng, dệt may, kinh doanh, thiết kế, spa, da giày, bán hàng, làm đẹp",từ 8 triệu vnđ,8.0,0.0,vnd,4.0
digital marketing,full-time,"nhân viên, chuyên viên",hồ chí minh,trên 3 năm,"google ads(adwords), facebook ads",marketing,12 - 15 triệu vnđ,12.0,15.0,vnd,13.5
nhân viên kinh doanh nước uống đóng chai chi forest,full-time,"nhân viên, chuyên viên",hồ chí minh,trên 1 năm,"tư vấn doanh nghiệp (b2b), phát triển thị trường, tư vấn bán hàng","bán hàng, chăm sóc khách hàng, kinh doanh",10 - 15 triệu vnđ,10.0,15.0,vnd,12.5
fresher blockchain,full-time,"nhân viên, chuyên viên",hà nội,trên 1 năm,quản lý dự án (it),it phần mềm,10 - 15 triệu vnđ,10.0,15.0,vnd,12.5
nhân viên it admin,full-time,"nhân viên, chuyên viên",tân phú,0.5 - 1 năm,"it helpdesk, quản lý sản phẩm, it support","it phần cứng, it phần mềm",9 - 10 triệu vnđ,9.0,10.0,vnd,9.5
nhân viên bán hàng cho sữa abbott qua điện thoại có sẵn data,full-time,"nhân viên, chuyên viên",hồ chí minh,1 - 2 năm,"bán hàng qua điện thoại (telesale), tư vấn bán hàng, chăm sóc khách hàng","chăm sóc khách hàng, kinh doanh, hành chính, văn phòng, bán hàng",9 - 20 triệu vnđ,9.0,20.0,vnd,14.5
thực tập sinh triển khai phần mềm,part-time,"mới tốt nghiệp, thực tập sinh",hà nội,không yêu cầu,"sql, triển khai phần mềm",it phần mềm,2 - 5 triệu vnđ,2.0,5.0,vnd,3.5
nhân viên kiểm định container đầu vào,full-time,"nhân viên, chuyên viên",đồng nai,trên 0.5 năm,"qc), quản lý chất lượng (qa, cơ khí, hàn xì, vận tải","kho vận, lắp ráp, chế biến, sản xuất",7 - 13 triệu vnđ,7.0,13.0,vnd,10.0
digital marketing,full-time,"nhân viên, chuyên viên",hà nội,trên 3 năm,"nội dung, tư vấn bán hàng, digital marketing","truyền thông, marketing, kinh doanh, quảng cáo, pr, bán hàng",15 - 25 triệu vnđ,15.0,25.0,vnd,20.0
chuyên viên telesales qua điện thoại tại văn phòng có sẵn data 100,full-time,"nhân viên, chuyên viên",hồ chí minh,không yêu cầu,"bán hàng qua điện thoại (telesale), tư vấn bán hàng","bán hàng, chăm sóc khách hàng, kinh doanh",8 - 20 triệu vnđ,8.0,20.0,vnd,14.0
kiến trúc sư triển khai,full-time,"nhân viên, chuyên viên",hà nội,trên 1 năm,"quản lý sản xuất, họa viên kiến trúc, kiến trúc","chế biến, sản xuất, nội thất, xây dựng, lắp ráp, kiến trúc",12 - 18 triệu vnđ,12.0,18.0,vnd,15.0
nhân viên triển khai kỹ thuật kiến trúc nội thất 2d,full-time,"nhân viên, chuyên viên",hà nội,1 - 3 năm,"thiết kế 2d, kiến trúc","xây dựng, thiết kế, nội thất, kiến trúc",13 - 18 triệu vnđ,13.0,18.0,vnd,15.5
nhân viên bảo vệ koi fitness and wellness,full-time,"nhân viên, chuyên viên",hồ chí minh,không yêu cầu,bảo vệ,"hành chính, văn phòng, lao động phổ thông",8 - 8 triệu vnđ,8.0,8.0,vnd,8.0
chuyên viên tư vấn sữa có sẵn data và máy tính làm việc thu nhập từ 10 25 triệu,full-time,"nhân viên, chuyên viên",quận tân bình,trên 0.5 năm,"bán hàng qua điện thoại (telesale), tư vấn bán hàng, chăm sóc khách hàng","ngân hàng, chăm sóc khách hàng, kinh doanh, tài chính, bán hàng",10 - 25 triệu vnđ,10.0,25.0,vnd,17.5
chuyên viên digital marketing,full-time,"nhân viên, chuyên viên",hồ chí minh,2 - 3 năm,"google ads(adwords), digital marketing, seo","truyền thông, marketing, truyền hình, báo chí, quảng cáo, pr",8 - 20 triệu vnđ,8.0,20.0,vnd,14.0
nhân viên triển khai dự án mua sắm thiết bị giáo dục,full-time,"nhân viên, chuyên viên",vĩnh phúc,trên 1 năm,"tư vấn doanh nghiệp (b2b), đấu thầu, hành chính văn phòng","kinh doanh, hành chính, văn phòng, đấu thầu, bán hàng, dự án",15 - 15 triệu vnđ,15.0,15.0,vnd,15.0
video editor,full-time,"nhân viên, chuyên viên",vĩnh phúc,dưới 5 năm,"truyền thông, dựng phim, nội dung, báo chí, adobe photoshop, hiệu ứng video","truyền thông, chăm sóc khách hàng, marketing, truyền hình, thiết kế, báo chí, pr, quảng cáo",đến 20 triệu vnđ,0.0,20.0,vnd,10.0
intern it helpdesk,part-time,"mới tốt nghiệp, thực tập sinh",hà nội,không yêu cầu,"it helpdesk, điện thoại, phần cứng máy tính, it support","it phần cứng, it phần mềm, chăm sóc khách hàng",2 - 3 triệu vnđ,2.0,3.0,vnd,2.5
general affairs intern,full-time,"mới tốt nghiệp, thực tập sinh",hồ chí minh,không yêu cầu,"hành chính văn phòng, quản trị nhân sự (hr)","hành chính, văn phòng, nhân sự",từ 3 triệu vnđ,3.0,0.0,vnd,1.5
chuyên viên cắt ghép hiệu ứng clip video editor,full-time,"nhân viên, chuyên viên",hồ chí minh,trên 1 năm,"dệt may, quản trị thương hiệu (branding), dựng phim, quản lý điều hành, hiệu ứng video","truyền thông, chế biến, sản xuất, dệt may, truyền hình, thiết kế, báo chí, pr, quảng cáo, quản lý, da giày, lắp ráp",10 - 14 triệu vnđ,10.0,14.0,vnd,12.0
nhân viên quản trị website,full-time,"nhân viên, chuyên viên",hồ chí minh,không yêu cầu,Unknown,Unknown,8 - 12 triệu vnđ,8.0,12.0,vnd,10.0
digital marketing specialist nhân viên digital marketing,full-time,"nhân viên, chuyên viên",điện biên,trên 1 năm,"quản trị thương hiệu (branding), nội dung, digital marketing","truyền thông, quảng cáo, pr, marketing",8 - 15 triệu vnđ,8.0,15.0,vnd,11.5
kỹ sư it phần mềm,full-time,"nhân viên, chuyên viên",bắc ninh,1 - 3 năm,triển khai phần mềm,it phần mềm,10 - 20 triệu vnđ,10.0,20.0,vnd,15.0
nhân viên media video editor full time,full-time,"nhân viên, chuyên viên",hà nội,1 - 2 năm,"dựng phim, adobe after effect, hiệu ứng video","truyền hình, thiết kế, báo chí",9 - 12 triệu vnđ,9.0,12.0,vnd,10.5
sales engineer tiếng nhật,full-time,"nhân viên, chuyên viên",bình dương,1 - 5 năm,"cơ điện, cơ khí, tư vấn bán hàng, tự động hóa","kinh doanh, bán hàng, cơ khí, ô tô, tự động hóa",20 - 35 triệu vnđ,20.0,35.0,vnd,27.5
nhân viên media editor,full-time,"nhân viên, chuyên viên",hồ chí minh,trên 2 năm,"dựng phim, hiệu ứng video, thiết kế 2d","truyền thông, chăm sóc khách hàng, marketing, truyền hình, báo chí, quảng cáo, pr, thiết kế",10 - 12 triệu vnđ,10.0,12.0,vnd,11.0
chuyên viên it,full-time,"nhân viên, chuyên viên",hạ long,trên 2 năm,"quản trị mạng, it support",it phần cứng,12 - 14 triệu vnđ,12.0,14.0,vnd,13.0
nhân viên triển khai 2d nội thất,full-time,"nhân viên, chuyên viên",hồ chí minh,trên 1 năm,"thiết kế nội thất, thiết kế 2d","thiết kế, nội thất, kiến trúc",7 - 9 triệu vnđ,7.0,9.0,vnd,8.0
fresher junior process quality assurance,full-time,"nhân viên, chuyên viên",hồ chí minh,không yêu cầu,"test, qa, qc), quản lý chất lượng (qa, quản lý dự án (it)","it phần mềm, lắp ráp, chế biến, sản xuất",9 - 17 triệu vnđ,9.0,17.0,vnd,13.0
nhân viên it,full-time,"nhân viên, chuyên viên",bình dương,1 - 2 năm,"quản trị mạng, quản trị hệ thống, it support","it phần cứng, it phần mềm",10 - 13 triệu vnđ,10.0,13.0,vnd,11.5
nhân viên hỗ trợ thanh toán địa bàn đồng nai,full-time,"nhân viên, chuyên viên",đồng nai,không yêu cầu,"giao nhận hàng, phát triển thị trường, xử lý nợ","ngân hàng, lao động phổ thông, kinh doanh, tài chính, bán hàng",15 - 25 triệu vnđ,15.0,25.0,vnd,20.0
nhân viên kinh doanh tại đồng nai,full-time,"nhân viên, chuyên viên",biên hòa,trên 0.5 năm,"tư vấn bán hàng, chăm sóc khách hàng","ngân hàng, chăm sóc khách hàng, kinh doanh, tài chính, bán hàng",7 - 20 triệu vnđ,7.0,20.0,vnd,13.5
senior content writer,full-time,"nhân viên, chuyên viên",hồ chí minh,2 - 3 năm,"nội dung, seo",marketing,16 - 20 triệu vnđ,16.0,20.0,vnd,18.0
senior backend developer,full-time,"nhân viên, chuyên viên",hồ chí minh,không yêu cầu,"sql, java, full stack, backend",it phần mềm,30 - 50 triệu vnđ,30.0,50.0,vnd,40.0
hiệp phước nhơn trạch đồng nai nhân viên hỗ trợ thanh toán tại địa bàn,full-time,"nhân viên, chuyên viên",đồng nai,không yêu cầu,"quan hệ khách hàng, giao hàng(shipper), xử lý nợ","ngân hàng, lao động phổ thông, kinh doanh, tài chính, bán hàng",15 - 25 triệu vnđ,15.0,25.0,vnd,20.0
việc làm ue5 developer,full-time,"nhân viên, chuyên viên",hà nội,1 - 2 năm,tư vấn bán hàng,"chăm sóc khách hàng, kinh doanh, thiết kế, bán hàng, it phần mềm",từ 12 triệu vnđ,12.0,0.0,vnd,6.0
sales engineer kỹ sư bán hàng,full-time,"nhân viên, chuyên viên",vĩnh phúc,không yêu cầu,"kỹ sư bán hàng (sale engineer), tư vấn bán hàng, digital marketing","bán hàng, kinh doanh, chăm sóc khách hàng, marketing",11 - 22 triệu vnđ,11.0,22.0,vnd,16.5
digital marketing executive,full-time,"nhân viên, chuyên viên",hồ chí minh,dưới 1 năm,"google ads(adwords), facebook ads, digital marketing",marketing,7 - 15 triệu vnđ,7.0,15.0,vnd,11.0
đồng nai xuân lộc nhân viên hỗ trợ thanh toán tại địa bàn,full-time,"nhân viên, chuyên viên",đồng nai,không yêu cầu,"quan hệ khách hàng, giao hàng(shipper), xử lý nợ","ngân hàng, lao động phổ thông, kinh doanh, tài chính, bán hàng",15 - 25 triệu vnđ,15.0,25.0,vnd,20.0
fullstack developer,full-time,"nhân viên, chuyên viên",hà nội,không yêu cầu,"python, nodejs, java, full stack, backend",it phần mềm,từ 31 triệu vnđ,31.0,0.0,vnd,15.5
nhân viên it,full-time,"nhân viên, chuyên viên",đà nẵng,trên 3 năm,"quản trị mạng, it support",it phần cứng,7 - 12 triệu vnđ,7.0,12.0,vnd,9.5
gia sư luyện thi chứng chỉ it passport online part time,part-time,"nhân viên, chuyên viên",toàn quốc,không yêu cầu,"trợ giảng, giảng viên","đào tạo, giáo dục, it phần mềm",7 - 12 triệu vnđ,7.0,12.0,vnd,9.5
retail manager,full-time,"nhân viên, chuyên viên",hồ chí minh,trên 5 năm,"giám sát bán hàng, bán lẻ","bán sỉ, kinh doanh, bán hàng, cửa hàng, bán lẻ",22 - 34 triệu vnđ,22.0,34.0,vnd,28.0
sales engineer nhân viên kinh doanh thiết bị cntt,full-time,"nhân viên, chuyên viên",hà nội,2 - 3 năm,"kỹ sư bán hàng (sale engineer), tư vấn bán hàng, chăm sóc khách hàng","bán hàng, chăm sóc khách hàng, kinh doanh",15 - 30 triệu vnđ,15.0,30.0,vnd,22.5
tech lead engineer,full-time,"nhân viên, chuyên viên",hồ chí minh,trên 5 năm,Unknown,Unknown,22 - 57 triệu vnđ,22.0,57.0,vnd,39.5
nhân viên editor designer,full-time,"nhân viên, chuyên viên",hồ chí minh,trên 1 năm,"dựng phim, adobe after effect, hiệu ứng video, adobe photoshop","truyền hình, thiết kế, báo chí",8 - 10 triệu vnđ,8.0,10.0,vnd,9.0
nhân viên khai báo hải quan,full-time,"nhân viên, chuyên viên",hà nội,trên 1 năm,"thương mại quốc tế, vận hành sản xuất, chứng từ","lắp ráp, xuất nhập khẩu, sản xuất, chế biến",8 - 17 triệu vnđ,8.0,17.0,vnd,12.5
content seo website,part-time,"nhân viên, chuyên viên",hà nội,dưới 1 năm,nội dung,marketing,4 - 6 triệu vnđ,4.0,6.0,vnd,5.0
nhân viên chăm sóc khách hàng vietjet air thuần cskh,full-time,"nhân viên, chuyên viên",hồ chí minh,không yêu cầu,"tổng đài viên, hàng không, sân bay, chăm sóc khách hàng","viễn thông, bán hàng, chăm sóc khách hàng, kinh doanh",8 - 9 triệu vnđ,8.0,9.0,vnd,8.5
senior fe developer,full-time,"nhân viên, chuyên viên",hà nội,trên 2 năm,"triển khai phần mềm, java, it support, frontend (html, css)","it phần cứng, it phần mềm",15 - 30 triệu vnđ,15.0,30.0,vnd,22.5
nhân viên khai báo hải quan,full-time,"nhân viên, chuyên viên",hồ chí minh,trên 1 năm,"xuất nhập khẩu, chứng từ",xuất nhập khẩu,8 - 12 triệu vnđ,8.0,12.0,vnd,10.0
chuyên viên digital marketing ngành f b,full-time,"nhân viên, chuyên viên",hồ chí minh,trên 1 năm,"truyền thông, báo chí, digital marketing","truyền thông, quảng cáo, pr, marketing",10 - 20 triệu vnđ,10.0,20.0,vnd,15.0
công ty elite media tuyển dụng quản lý dự án thực tập sinh video editor content creator chuyên viên content quản lý truyền thông sự kiện đối tác hợp tác part time full time 2024,full-time,"nhân viên, chuyên viên",hà nội,không yêu cầu,"truyền thông, báo chí, nội dung, tư vấn bán hàng","truyền thông, chăm sóc khách hàng, kinh doanh, marketing, quảng cáo, pr, bán hàng",10 - 15 triệu vnđ,10.0,15.0,vnd,12.5
chuyên viên digital marketing đi làm ngay,full-time,"nhân viên, chuyên viên",hồ chí minh,trên 2 năm,"nội dung, facebook ads, digital marketing",marketing,12 - 20 triệu vnđ,12.0,20.0,vnd,16.0
frontend developer,full-time,"nhân viên, chuyên viên",hà nội,không yêu cầu,"javascript, ui, frontend (html, css), ux","it phần mềm, thiết kế",8 - 15 triệu vnđ,8.0,15.0,vnd,11.5
nhân viên digital ads đi làm ngay,full-time,"nhân viên, chuyên viên",q bình thạnh,1 - 3 năm,"google ads(adwords), facebook ads, seo",marketing,10 - 13 triệu vnđ,10.0,13.0,vnd,11.5
junior m365 engineer,full-time,"nhân viên, chuyên viên",hồ chí minh,trên 1 năm,tự động hóa,"ô tô, cơ khí, tự động hóa",15 - 20 triệu vnđ,15.0,20.0,vnd,17.5
full stack web developer,full-time,"nhân viên, chuyên viên",thừa thiên huế,trên 1 năm,"php, full stack",it phần mềm,từ 12 triệu vnđ,12.0,0.0,vnd,6.0
sales engineer,full-time,"nhân viên, chuyên viên",hồ chí minh,không yêu cầu,"tư vấn bán hàng, kỹ sư bán hàng (sale engineer)","bán hàng, kinh doanh",10 - 20 triệu vnđ,10.0,20.0,vnd,15.0
chuyên viên chốt đơn qua điện thoại có sẵn data 100,full-time,"nhân viên, chuyên viên",hồ chí minh,không yêu cầu,"bán hàng qua điện thoại (telesale), tư vấn bán hàng","bán hàng, chăm sóc khách hàng, kinh doanh",10 - 20 triệu vnđ,10.0,20.0,vnd,15.0
bếp trưởng gogi house lào cai,full-time,"trưởng nhóm, trưởng phòng",tỉnh lào cai,1 - 2 năm,"bếp trưởng, giám sát dịch vụ","khách sạn, nhà hàng",7 - 10 triệu vnđ,7.0,10.0,vnd,8.5
back end developer,full-time,"nhân viên, chuyên viên",hồ chí minh,không yêu cầu,"java, python, nodejs, backend",it phần mềm,5 - 100 triệu vnđ,5.0,100.0,vnd,52.5
tổ trưởng it,full-time,"trưởng nhóm, trưởng phòng",hạ long,1 - 5 năm,"c#, an ninh mạng, .net, phần cứng máy tính, điện thoại","it phần cứng, it phần mềm",đến 20 triệu vnđ,0.0,20.0,vnd,10.0
presale mảng network system ảo hóa security,full-time,"nhân viên, chuyên viên",hà hội,trên 3 năm,"quản trị mạng, quản trị hệ thống, ccna, tư vấn bán hàng","it phần cứng, bán hàng, kinh doanh",25 - 50 triệu vnđ,25.0,50.0,vnd,37.5
activity intern,part-time,"mới tốt nghiệp, thực tập sinh",hồ chí minh,không yêu cầu,"truyền thông, báo chí, ngoại ngữ","truyền thông, quảng cáo, pr, đào tạo, giáo dục",2 - 3 triệu vnđ,2.0,3.0,vnd,2.5
oracle ebs developer,part-time,"nhân viên, chuyên viên",hồ chí minh,trên 2 năm,"triển khai phần mềm, oracle",it phần mềm,đến 45 triệu vnđ,0.0,45.0,vnd,22.5
nhân viên it phần cứng chuyên laptop,full-time,"nhân viên, chuyên viên",hồ chí minh,trên 1 năm,"phần cứng máy tính, it helpdesk, bảo trì sửa chữa, it support, điện thoại","điện, chăm sóc khách hàng, điện tử, it phần cứng, điện lạnh",từ 15 triệu vnđ,15.0,0.0,vnd,7.5
fresher junior process quality assurance,full-time,"nhân viên, chuyên viên",hồ chí minh,dưới 1 năm,"test, qa, qc), quản lý chất lượng (qa, quản lý dự án (it)","it phần mềm, lắp ráp, chế biến, sản xuất",9 - 17 triệu vnđ,9.0,17.0,vnd,13.0
nhân viên edit design,full-time,"nhân viên, chuyên viên",hồ chí minh,trên 2 năm,Unknown,Unknown,10 - 13 triệu vnđ,10.0,13.0,vnd,11.5
mechanical engineer,full-time,"nhân viên, chuyên viên",hồ chí minh,2 - 5 năm,cơ điện,"điện, điện tử, cơ khí, điện lạnh, ô tô, tự động hóa",12 - 12 triệu vnđ,12.0,12.0,vnd,12.0
nhân viên văn phòng detail,full-time,"nhân viên, chuyên viên",bình dương,không yêu cầu,Unknown,Unknown,8 - 15 triệu vnđ,8.0,15.0,vnd,11.5
front end developer,full-time,"nhân viên, chuyên viên",hồ chí minh,1 - 3 năm,"frontend (html, ux, css), ui","it phần mềm, thiết kế",15 - 30 triệu vnđ,15.0,30.0,vnd,22.5
qc qa engineer,full-time,"nhân viên, chuyên viên",hồ chí minh,trên 1 năm,"data analytics, test, qa, qc), java, quản lý chất lượng (qa","chế biến, sản xuất, xây dựng, lắp ráp, it phần mềm",8 - 12 triệu vnđ,8.0,12.0,vnd,10.0
video editor,full-time,"nhân viên, chuyên viên",hồ chí minh,trên 2 năm,"dựng phim, hiệu ứng video, adobe photoshop","truyền hình, thiết kế, báo chí",15 - 22 triệu vnđ,15.0,22.0,vnd,18.5
nhân viên kaizen tiếng nhật,full-time,"nhân viên, chuyên viên",đồng nai,1 - 5 năm,"quản lý chất lượng (qa, vận hành sản xuất, cơ khí, qc)","chế biến, sản xuất, biên phiên dịch, lắp ráp, cơ khí, ô tô, tự động hóa",12 - 14 triệu vnđ,12.0,14.0,vnd,13.0
mid ruby on rails developer,full-time,"nhân viên, chuyên viên",hồ chí minh,2 - 5 năm,"php, javascript, ruby, frontend (html, quản lý dự án (it), css)",it phần mềm,25 - 45 triệu vnđ,25.0,45.0,vnd,35.0
editor kiêm quản lý fanpage,full-time,"nhân viên, chuyên viên",hà nội,trên 0.5 năm,"quản lý dự án, nội dung","truyền hình, báo chí, marketing",10 - 20 triệu vnđ,10.0,20.0,vnd,15.0
nhân viên call center data hot lead thu nhập từ 15tr 25tr,full-time,"nhân viên, chuyên viên",quận 3,không yêu cầu,"bán hàng qua điện thoại (telesale), tư vấn bán hàng","bán hàng, kinh doanh",15 - 25 triệu vnđ,15.0,25.0,vnd,20.0
kỹ thuật khai thác khuôn mẫu pcc molding engineering tooling engineering,full-time,"nhân viên, chuyên viên",long an,trên 3 năm,"cơ khí, bảo trì sửa chữa","chế biến, sản xuất, điện, điện tử, lắp ráp, cơ khí, ô tô, điện lạnh, tự động hóa",13 - 18 triệu vnđ,13.0,18.0,vnd,15.5
nhân viên content seo website fanpage,full-time,"nhân viên, chuyên viên",hà nội,không yêu cầu,"nội dung, digital marketing, seo",marketing,8 - 12 triệu vnđ,8.0,12.0,vnd,10.0
giao dịch viên tài chính làm việc tại các cửa hàng pnj đồng nai,full-time,"nhân viên, chuyên viên",biên hòa,trên 1 năm,"quan hệ khách hàng, tư vấn bán hàng","ngân hàng, chăm sóc khách hàng, kinh doanh, tài chính, bán hàng",9 - 20 triệu vnđ,9.0,20.0,vnd,14.5
digital marketing,full-time,"nhân viên, chuyên viên",hồ chí minh,không yêu cầu,"truyền thông, báo chí, digital marketing, seo","truyền thông, quảng cáo, pr, marketing",15 - 25 triệu vnđ,15.0,25.0,vnd,20.0
senior net developer,full-time,"nhân viên, chuyên viên",hà nội,trên 4 năm,"c#, .net, backend",it phần mềm,16 - 23 triệu vnđ,16.0,23.0,vnd,19.5
nhân viên triển khai bản vẽ nội thất đi làm ngay,full-time,"nhân viên, chuyên viên",hồ chí minh,trên 2 năm,"thiết kế nội thất, thi công, kiến trúc","chế biến, sản xuất, nội thất, lắp ráp, kiến trúc",12 - 20 triệu vnđ,12.0,20.0,vnd,16.0
user acquisition,full-time,"nhân viên, chuyên viên",hồ chí minh,không yêu cầu,"truyền thông, báo chí, nghiên cứu thị trường, digital marketing","truyền thông, marketing, kinh doanh, quảng cáo, pr, bán hàng",5 - 100 triệu vnđ,5.0,100.0,vnd,52.5
nhân viên desgin kiêm digital marketing,full-time,"nhân viên, chuyên viên",hồ chí minh,dưới 1 năm,"thiết kế sản phẩm, digital marketing","thiết kế, marketing",8 - 10 triệu vnđ,8.0,10.0,vnd,9.0
việc làm it comtor tiếng nhật,full-time,"nhân viên, chuyên viên",hồ chí minh,không yêu cầu,"phiên dịch, biên, it support","it phần cứng, biên phiên dịch",từ 2 triệu vnđ,2.0,0.0,vnd,1.0
chuyên viên đào tạo triển khai phần mềm,full-time,"nhân viên, chuyên viên",hà nội,trên 1 năm,"đào tạo, triển khai phần mềm, tư vấn bán hàng","ngân hàng, chăm sóc khách hàng, kinh doanh, giáo dục, đào tạo, tài chính, bán hàng, it phần mềm",8 - 12 triệu vnđ,8.0,12.0,vnd,10.0
network security engineer,full-time,"nhân viên, chuyên viên",hà nội,1 - 2 năm,"quản trị mạng, an ninh mạng",it phần cứng,đến 40 triệu vnđ,0.0,40.0,vnd,20.0
nhân viên it nodejs,full-time,"nhân viên, chuyên viên",hà nội,trên 1 năm,Unknown,Unknown,15 - 30 triệu vnđ,15.0,30.0,vnd,22.5
system engineer trainee,part-time,"mới tốt nghiệp, thực tập sinh",hồ chí minh,không yêu cầu,"python, qc), quản lý chất lượng (qa, cloud (aws, azure), quản trị hệ thống, cơ khí","chế biến, sản xuất, lắp ráp, cơ khí, it phần cứng, it phần mềm, ô tô, tự động hóa",2 - 6 triệu vnđ,2.0,6.0,vnd,4.0
hy202 nhân viên it kcn thăng long li hưng yên,full-time,"nhân viên, chuyên viên",hưng yên,2 - 3 năm,"c#, sql, asp.net, .net",it phần mềm,12 - 18 triệu vnđ,12.0,18.0,vnd,15.0
it support helpdesk,full-time,"nhân viên, chuyên viên",hồ chí minh,trên 1 năm,"it helpdesk, it support","it phần cứng, it phần mềm",9 - 13 triệu vnđ,9.0,13.0,vnd,11.0
editor video part time,part-time,"nhân viên, chuyên viên",hà nội,dưới 1 năm,"dựng phim, hiệu ứng video, adobe photoshop","truyền hình, thiết kế, báo chí",4 - 6 triệu vnđ,4.0,6.0,vnd,5.0
frontend developer,full-time,"nhân viên, chuyên viên",hà nội,trên 1 năm,"javascript, ui, java, frontend (html, css), ux, backend","it phần mềm, thiết kế",đến 35 triệu vnđ,0.0,35.0,vnd,17.5
maintenance technician,full-time,"nhân viên, chuyên viên",đà nẵng,không yêu cầu,"cơ khí, điện lạnh, bảo trì sửa chữa, nhiệt lạnh","điện, điện tử, cơ khí, điện lạnh, ô tô, tự động hóa",từ 8 triệu vnđ,8.0,0.0,vnd,4.0
nhân viên kế hoạch khai thác operations center planner,full-time,"nhân viên, chuyên viên",vũng tàu,không yêu cầu,"giao nhận hàng, lập kế hoạch","kho vận, đấu thầu, xuất nhập khẩu, dự án",7 - 15 triệu vnđ,7.0,15.0,vnd,11.0
nhân viên digital marketing,full-time,"nhân viên, chuyên viên",hồ chí minh,không yêu cầu,"digital marketing, seo",marketing,11 - 15 triệu vnđ,11.0,15.0,vnd,13.0
senior ai machine learning engineer,full-time,"nhân viên, chuyên viên",hồ chí minh,trên 4 năm,Unknown,Unknown,52 - 62 triệu vnđ,52.0,62.0,vnd,57.0
digital marketing supervisor,full-time,"nhân viên, chuyên viên",hồ chí minh,không yêu cầu,"media planning, truyền thông, digital marketing, báo chí, seo","truyền thông, marketing, truyền hình, báo chí, quảng cáo, pr",18 - 25 triệu vnđ,18.0,25.0,vnd,21.5
nhân viên phục vụ bàn waiter waitress làm việc nước ngoài,full-time,"nhân viên, chuyên viên",nước ngoài,2 - 5 năm,"bàn, phục vụ bàn, phụ bếp","khách sạn, nhà hàng",20 - 80 triệu vnđ,20.0,80.0,vnd,50.0
data analyst,full-time,"nhân viên, chuyên viên",hà nội,trên 1 năm,"sql, oracle, data analytics, nghiên cứu thị trường","it phần mềm, bán hàng, chăm sóc khách hàng, kinh doanh",15 - 25 triệu vnđ,15.0,25.0,vnd,20.0
nhân viên kinh doanh phát triển thị trường kv đồng nai bình dương hồ chí minh,full-time,"nhân viên, chuyên viên",thủ đức,2 - 5 năm,"phát triển thị trường, tư vấn bán hàng","bán hàng, chăm sóc khách hàng, kinh doanh",9 - 11 triệu vnđ,9.0,11.0,vnd,10.0
video editor intern,part-time,"mới tốt nghiệp, thực tập sinh",hồ chí minh,dưới 1 năm,"dựng phim, hiệu ứng video, nội dung","truyền hình, báo chí, marketing",từ 3 triệu vnđ,3.0,0.0,vnd,1.5
nhân viên quay dựng video editor,full-time,"nhân viên, chuyên viên",hà nội,trên 2 năm,"dựng phim, hiệu ứng video","truyền hình, thiết kế, báo chí, marketing",13 - 15 triệu vnđ,13.0,15.0,vnd,14.0
nhân viên quay dựng edit clip,full-time,"nhân viên, chuyên viên",hồ chí minh,trên 0.5 năm,"dựng phim, hiệu ứng video, nội dung, digital marketing","truyền thông, marketing, truyền hình, báo chí, quảng cáo, pr",8 - 20 triệu vnđ,8.0,20.0,vnd,14.0
kỹ sư thiết bị equipment engineer,full-time,"nhân viên, chuyên viên",hà nam,1 - 2 năm,"vận hành sản xuất, bảo trì sửa chữa, tự động hóa","chế biến, điện, sản xuất, điện tử, lắp ráp, cơ khí, ô tô, điện lạnh, tự động hóa",9 - 15 triệu vnđ,9.0,15.0,vnd,12.0
marketing user acquisition intern,full-time,"mới tốt nghiệp, thực tập sinh",hà nội,không yêu cầu,Unknown,Unknown,5 - 6 triệu vnđ,5.0,6.0,vnd,5.5
lái xe container hạng fc,full-time,"nhân viên, chuyên viên",hải phòng,trên 0.5 năm,"lái xe, lái xe tải","kho vận, lao động phổ thông",8 - 9 triệu vnđ,8.0,9.0,vnd,8.5
nhân viên seo chăm sóc website sàn tmđt fanpage kinh doanh,full-time,"nhân viên, chuyên viên",hồ chí minh,dưới 1 năm,Unknown,Unknown,từ 6 triệu vnđ,6.0,0.0,vnd,3.0
nhân viên triển khai sản xuất 2d,full-time,"nhân viên, chuyên viên",hồ chí minh,1 - 3 năm,"thiết kế 3d, thiết kế nội thất, thiết kế 2d","xây dựng, thiết kế, nội thất, kiến trúc",9 - 15 triệu vnđ,9.0,15.0,vnd,12.0
it communicator,full-time,"nhân viên, chuyên viên",hồ chí minh,trên 3 năm,"phiên dịch, biên, ngoại ngữ","đào tạo, it phần mềm, giáo dục, biên phiên dịch",25 - 35 triệu vnđ,25.0,35.0,vnd,30.0
chuyên viên tư vấn khoá học mankai,full-time,"nhân viên, chuyên viên",hà nội,không yêu cầu,"tuyển sinh, tư vấn bán hàng","chăm sóc khách hàng, kinh doanh, đào tạo, bán hàng, giáo dục",8 - 20 triệu vnđ,8.0,20.0,vnd,14.0
chăm sóc khách hàng mạng di động itel,"full-time , part-time","nhân viên, chuyên viên",hà nội,không yêu cầu,"tổng đài viên, chăm sóc khách hàng","bán hàng, chăm sóc khách hàng, kinh doanh",7 - 9 triệu vnđ,7.0,9.0,vnd,8.0
nhân viên chốt đơn online chăm sóc khách hàng có sẵn data tiềm năng,full-time,"nhân viên, chuyên viên",hồ chí minh,dưới 5 năm,"tổng đài viên, bán hàng qua điện thoại (telesale), tư vấn bán hàng","bán hàng, chăm sóc khách hàng, kinh doanh",10 - 18 triệu vnđ,10.0,18.0,vnd,14.0
uiux designer trainee,full-time,"mới tốt nghiệp, thực tập sinh",hồ chí minh,không yêu cầu,"adobe illustrator, thiết kế sản phẩm, quản lý dự án (it), ui, ux","it phần mềm, thiết kế",5 - 7 triệu vnđ,5.0,7.0,vnd,6.0
giáo viên ai robotic mầm non,full-time,"nhân viên, chuyên viên",quận tân phú,trên 1 năm,"giáo dục mầm non, giảng viên","đào tạo, giáo dục",10 - 12 triệu vnđ,10.0,12.0,vnd,11.0
nhân viên content part time website cầu lông,part-time,"nhân viên, chuyên viên",hà nội,không yêu cầu,"nội dung, tư vấn bán hàng, seo","marketing, bán hàng, kinh doanh",2 - 4 triệu vnđ,2.0,4.0,vnd,3.0
chuyên viên digital marketing tối thiểu 2 năm,full-time,"nhân viên, chuyên viên",hồ chí minh,trên 2 năm,"truyền thông, báo chí, facebook ads, digital marketing","truyền thông, quảng cáo, pr, marketing",18 - 22 triệu vnđ,18.0,22.0,vnd,20.0
nhân viên seo website đi làm ngay,full-time,"nhân viên, chuyên viên",hồ chí minh,trên 1 năm,"social marketing, nội dung, seo",marketing,9 - 12 triệu vnđ,9.0,12.0,vnd,10.5
nhân viên triển khai bản vẽ,full-time,"nhân viên, chuyên viên",đà nẵng,dưới 1 năm,"thiết kế 2d, kiến trúc","xây dựng, thiết kế, nội thất, kiến trúc",7 - 20 triệu vnđ,7.0,20.0,vnd,13.5
quality assurance quality control intern,part-time,"mới tốt nghiệp, thực tập sinh",hồ chí minh,không yêu cầu,"qa, quản lý chất lượng (qa, test, qc)","it phần mềm, lắp ráp, chế biến, sản xuất",đến 3 triệu vnđ,0.0,3.0,vnd,1.5
nhân viên hỗ trợ thanh toán tại địa bàn tỉnh đồng nai,full-time,"nhân viên, chuyên viên",đồng nai,dưới 1 năm,"giao nhận hàng, quan hệ khách hàng, xử lý nợ","ngân hàng, lao động phổ thông, kinh doanh, tài chính, bán hàng",15 - 30 triệu vnđ,15.0,30.0,vnd,22.5
giám định container,full-time,"nhân viên, chuyên viên",đồng nai,trên 1 năm,Unknown,Unknown,7 - 13 triệu vnđ,7.0,13.0,vnd,10.0
triển khai 2d sản xuất triển khai kỹ thuật sản xuất,full-time,"nhân viên, chuyên viên",hồ chí minh,trên 2 năm,"giám sát sản xuất, thiết kế 2d","thiết kế, lắp ráp, sản xuất, chế biến",15 - 20 triệu vnđ,15.0,20.0,vnd,17.5
wordpress developer,full-time,"nhân viên, chuyên viên",hà nội,1 - 5 năm,"frontend (html, sql, php, css)","it phần mềm, thiết kế",10 - 12 triệu vnđ,10.0,12.0,vnd,11.0
thực tập sinh digital marketing,full-time,"mới tốt nghiệp, thực tập sinh",hà nội,không yêu cầu,"truyền thông, báo chí, digital marketing","truyền thông, quảng cáo, pr, marketing",2 - 3 triệu vnđ,2.0,3.0,vnd,2.5
nhân viên it helpdesk,full-time,"nhân viên, chuyên viên",hồ chí minh,trên 2 năm,"it helpdesk, it support","it phần cứng, chăm sóc khách hàng",13 - 15 triệu vnđ,13.0,15.0,vnd,14.0
nhân viên it phần mềm,full-time,"nhân viên, chuyên viên",đồng nai,trên 1 năm,Unknown,Unknown,8 - 11 triệu vnđ,8.0,11.0,vnd,9.5
f b admin trainee,full-time,"nhân viên, chuyên viên",hà nội,không yêu cầu,Unknown,Unknown,từ 1 triệu vnđ,1.0,0.0,vnd,0.5
content writer,full-time,"nhân viên, chuyên viên",hà nội,trên 1 năm,"truyền thông, digital marketing, nội dung, báo chí, seo","truyền thông, quảng cáo, pr, marketing",10 - 12 triệu vnđ,10.0,12.0,vnd,11.0
leader it,full-time,"trưởng nhóm, trưởng phòng",kcx sai gon linh trung 1,5 - 10 năm,"vận hành sản xuất, quản lý điều hành, it support","chế biến, sản xuất, quản lý, lắp ráp, it phần mềm",12 - 18 triệu vnđ,12.0,18.0,vnd,15.0
thực tập sinh digital marketing,part-time,"nhân viên, chuyên viên",hồ chí minh,không yêu cầu,"truyền thông, báo chí, digital marketing","truyền thông, quảng cáo, pr, marketing",từ 2 triệu vnđ,2.0,0.0,vnd,1.0
trainer dược mỹ phẩm cao cấp,full-time,"nhân viên, chuyên viên",hà nội,trên 1 năm,"mỹ phẩm, dược phẩm","mỹ phẩm, dược phẩm",từ 20 triệu vnđ,20.0,0.0,vnd,10.0
system engineer,full-time,"nhân viên, chuyên viên",cầu giấy,trên 2 năm,"python, quản lý dự án (it), java","it phần cứng, it phần mềm",15 - 25 triệu vnđ,15.0,25.0,vnd,20.0
intern content marketing dự án blockchain,full-time,"mới tốt nghiệp, thực tập sinh",hà nội,không yêu cầu,"truyền thông, báo chí, nội dung","truyền thông, quảng cáo, pr, marketing",3 - 5 triệu vnđ,3.0,5.0,vnd,4.0
kỹ thuật triển khai bản vẽ nội thất,full-time,"nhân viên, chuyên viên",hồ chí minh,trên 2 năm,"thiết kế nội thất, thi công, kiến trúc","xây dựng, nội thất, kiến trúc",12 - 20 triệu vnđ,12.0,20.0,vnd,16.0
net developer,full-time,"nhân viên, chuyên viên",hồ chí minh,không yêu cầu,"c#, php, .net",it phần mềm,20 - 36 triệu vnđ,20.0,36.0,vnd,28.0
nhân viên digital marketing,full-time,"nhân viên, chuyên viên",hà nội,trên 1 năm,"facebook ads, digital marketing, seo",marketing,10 - 30 triệu vnđ,10.0,30.0,vnd,20.0
digital marketing,full-time,"nhân viên, chuyên viên",hồ chí minh,trên 2 năm,"truyền thông, báo chí, digital marketing","truyền thông, quảng cáo, pr, marketing",15 - 20 triệu vnđ,15.0,20.0,vnd,17.5
security solution trainee,part-time,"mới tốt nghiệp, thực tập sinh",hà nội,dưới 1 năm,"quản trị mạng, pháp chế, an ninh mạng, tư vấn bán hàng","chăm sóc khách hàng, kinh doanh, luật, bán hàng, it phần cứng, pháp chế",4 - 6 triệu vnđ,4.0,6.0,vnd,5.0
nhân viên call center tổng đài viên bán hàng telesales data hot lead thu nhập từ 15tr 25tr,full-time,"nhân viên, chuyên viên",quận 3,không yêu cầu,"bán hàng qua điện thoại (telesale), tư vấn bán hàng","bán hàng, kinh doanh",15 - 25 triệu vnđ,15.0,25.0,vnd,20.0
phước khánh nhơn trạch đồng nai nhân viên hỗ trợ thanh toán tại địa bàn,full-time,"nhân viên, chuyên viên",đồng nai,không yêu cầu,"quan hệ khách hàng, giao hàng(shipper), xử lý nợ","ngân hàng, lao động phổ thông, kinh doanh, tài chính, bán hàng",15 - 25 triệu vnđ,15.0,25.0,vnd,20.0
dynamics 365 support engineer,full-time,"nhân viên, chuyên viên",hồ chí minh,không yêu cầu,"tư vấn bán hàng, chăm sóc khách hàng","bán hàng, chăm sóc khách hàng, kinh doanh",22 - 28 triệu vnđ,22.0,28.0,vnd,25.0
nhân viên chăm sóc khách hàng vietjet air line tiếng anh không yêu cầu kinh nghiệm,full-time,"nhân viên, chuyên viên",hồ chí minh,không yêu cầu,"tổng đài viên, tư vấn bán hàng","bán hàng, chăm sóc khách hàng, kinh doanh",8 - 9 triệu vnđ,8.0,9.0,vnd,8.5
ios developer,full-time,"nhân viên, chuyên viên",hà nội,trên 3 năm,"data analytics, ios, javascript, frontend (html, ui, css), ux","it phần mềm, thiết kế",đến 40 triệu vnđ,0.0,40.0,vnd,20.0
quản lý kỹ thuật ép nhựa thổi chai pet,full-time,"trưởng nhóm, trưởng phòng",hà nội,trên 5 năm,Unknown,Unknown,15 - 22 triệu vnđ,15.0,22.0,vnd,18.5
nhân viên it help desk từ 6 tháng,full-time,"nhân viên, chuyên viên",hồ chí minh,dưới 1 năm,"it support, it helpdesk, điện thoại, phần cứng máy tính","it phần cứng, chăm sóc khách hàng",9 - 12 triệu vnđ,9.0,12.0,vnd,10.5
video editor thử việc 100,full-time,"nhân viên, chuyên viên",hà nội,không yêu cầu,"tổng đài viên, hrbp, dựng phim, adobe photoshop, hiệu ứng video, thiết kế 2d","kho vận, nhân sự, chăm sóc khách hàng, kinh doanh, truyền hình, thiết kế, báo chí, bán hàng",10 - 15 triệu vnđ,10.0,15.0,vnd,12.5
nhân viên digital marketing,full-time,"nhân viên, chuyên viên",hồ chí minh,trên 2 năm,"digital marketing, seo",marketing,9 - 14 triệu vnđ,9.0,14.0,vnd,11.5
quality inspector,full-time,"nhân viên, chuyên viên",hồ chí minh,không yêu cầu,"dệt may, quản lý chất lượng (qa, qc)","chế biến, sản xuất, dệt may, da giày, lắp ráp",22 - 45 triệu vnđ,22.0,45.0,vnd,33.5
training development specialist,full-time,"nhân viên, chuyên viên",hồ chí minh,trên 1 năm,"kiểm toán, đào tạo, phát triển thị trường, đào tạo bán hàng, quản trị nhân sự (hr)","kế toán, nhân sự, kinh doanh, kiểm toán, đào tạo, bán hàng, giáo dục",12 - 14 triệu vnđ,12.0,14.0,vnd,13.0
kiến trúc sư triển khai hồ sơ kiến trúc xcons,full-time,"nhân viên, chuyên viên",hà nội,trên 2 năm,"xây dựng, kiến trúc","xây dựng, nội thất, kiến trúc",15 - 25 triệu vnđ,15.0,25.0,vnd,20.0
intern lowcode developer,part-time,"nhân viên, chuyên viên",hà nội,không yêu cầu,"c#, .net, javascript, java, frontend (html, css)",it phần mềm,từ 15 triệu vnđ,15.0,0.0,vnd,7.5
nhân viên telesale khai thác sản phẩm,part-time,"nhân viên, chuyên viên",hồ chí minh,không yêu cầu,"bán hàng qua điện thoại (telesale), chăm sóc khách hàng","bán hàng, chăm sóc khách hàng, kinh doanh",1 - 3 triệu vnđ,1.0,3.0,vnd,2.0
sustainable agriculture marketing specialist,full-time,"nhân viên, chuyên viên",hồ chí minh,không yêu cầu,"truyền thông, social marketing, báo chí, digital marketing","truyền thông, marketing, kinh doanh, quảng cáo, pr, bán hàng",11 - 22 triệu vnđ,11.0,22.0,vnd,16.5
nhân viên tư vấn làm việc tại cửa hàng nutrition depot việt nam,part-time,"nhân viên, chuyên viên",hồ chí minh,0.5 - 1 năm,"bán lẻ, tư vấn bán hàng, chăm sóc khách hàng","chăm sóc khách hàng, bán sỉ, kinh doanh, bán hàng, cửa hàng, bán lẻ",5 - 8 triệu vnđ,5.0,8.0,vnd,6.5
nhân viên tư vấn bán hàng telesales data do công ty cung cấp,full-time,"nhân viên, chuyên viên",hồ chí minh,dưới 1 năm,"bán hàng qua điện thoại (telesale), tư vấn bán hàng","chăm sóc khách hàng, kinh doanh, nhà hàng, khách sạn, bán hàng",8 - 15 triệu vnđ,8.0,15.0,vnd,11.5
nhân viên digital marketing,full-time,"nhân viên, chuyên viên",bình dương,trên 1 năm,"facebook ads, digital marketing, seo","truyền thông, quảng cáo, pr, marketing",12 - 15 triệu vnđ,12.0,15.0,vnd,13.5
digital marketing,full-time,"nhân viên, chuyên viên",hà nội,trên 2 năm,"truyền thông, báo chí, digital marketing","truyền thông, quảng cáo, pr, marketing",15 - 25 triệu vnđ,15.0,25.0,vnd,20.0
nhân viên it,full-time,"nhân viên, chuyên viên",hồ chí minh,không yêu cầu,"quản trị mạng, it helpdesk, quản trị hệ thống, it support","it phần cứng, chăm sóc khách hàng",10 - 15 triệu vnđ,10.0,15.0,vnd,12.5
nhân viên quay dựng video editor 10 đến 15 triệu đi làm ngay,full-time,"nhân viên, chuyên viên",điện biên,không yêu cầu,"dựng phim, hiệu ứng video, nội dung","truyền hình, thiết kế, báo chí, marketing",10 - 15 triệu vnđ,10.0,15.0,vnd,12.5
chuyên viên giám sát network engineer,toàn thời gian,nhân viên,hà nội,1 năm,Unknown,Unknown,13 - 20 triệu,13.0,20.0,vnd,16.5
111714 electrical engineer of qc department kỹ sư điện phòng quản lý chất lượng sản xuất,nhân viên chính thức,nhân viên,bắc ninh,trên 3 năm," electrical engineer of qc department kỹ sư điện phòng quản lý chất lượng sản xuất, kỹ sư điện, kỹ sư cơ điện công trình, m&e engineer, kỹ sư m&e, kỹ sư giám sát điện, quản lý chất lượng",Unknown,15 tr - 30 tr vnd,15.0,30.0,vnd,22.5
it comtor,toàn thời gian,nhân viên,hà nội,2 năm,Unknown,Unknown,20 - 25 triệu,20.0,25.0,vnd,22.5
chuyên viên digital marketing,full-time,"nhân viên, chuyên viên",hồ chí minh,2 - 3 năm,"digital marketing, seo",Unknown,đến 20 triệu vnđ,0.0,20.0,vnd,10.0
chuyên viên digital marketing,full-time,"nhân viên, chuyên viên",hồ chí minh,2 - 3 năm,"google ads(adwords), digital marketing, seo",Unknown,8 - 20 triệu vnđ,8.0,20.0,vnd,14.0
senior data analyst,toàn thời gian,nhân viên,hà nội,4 năm,Unknown,Unknown,30 - 45 triệu,30.0,45.0,vnd,37.5
system engineer,toàn thời gian,nhân viên,hà nội,4 năm,"linux, databases",Unknown,20 - 30 triệu,20.0,30.0,vnd,25.0
talent acquisition,toàn thời gian,nhân viên,hà nội,2 năm,Unknown,Unknown,12 - 20 triệu,12.0,20.0,vnd,16.0
digital marketing,full-time,"nhân viên, chuyên viên",hồ chí minh,1 - 2 năm,"truyền thông, báo chí, digital marketing",Unknown,10 - 12 triệu vnđ,10.0,12.0,vnd,11.0
digital marketing executive,full-time,"nhân viên, chuyên viên",hồ chí minh,trên 2 năm,"truyền thông, social marketing, báo chí, digital marketing",Unknown,8 - 13 triệu vnđ,8.0,13.0,vnd,10.5
digital marketing leader manager,full-time,"trưởng nhóm, trưởng phòng",hồ chí minh,2 - 5 năm,"digital marketing, seo",Unknown,30 - 40 triệu vnđ,30.0,40.0,vnd,35.0
digital marketing,full-time,"nhân viên, chuyên viên",p hòa thạnh,1 - 2 năm,"google ads(adwords), facebook ads, digital marketing",Unknown,10 - 15 triệu vnđ,10.0,15.0,vnd,12.5
nhân viên digital marketing,full-time,"nhân viên, chuyên viên",hồ chí minh,trên 2 năm,"facebook ads, digital marketing, seo",Unknown,10 - 15 triệu vnđ,10.0,15.0,vnd,12.5
nhân viên digital marketing,full-time,"nhân viên, chuyên viên",quận 1,dưới 3 năm,"google ads(adwords), digital marketing",Unknown,7 - 13 triệu vnđ,7.0,13.0,vnd,10.0
chuyên viên kinh doanh dự án hội an legacity,nhân viên chính thức,nhân viên,đà nẵng,không yêu cầu,"chuyên viên kinh doanh, môi giới, nhân viên kinh doanh, real estate salesperson, chuyên viên kinh doanh bất động sản, nhân viên kinh doanh bất động sản, bất động sản, bđs, real estate",Unknown,50 tr - 100 tr vnd,50.0,100.0,vnd,75.0
chuyên viên khách hàng cá nhân lào cai,nhân viên chính thức,nhân viên,lào cai,1 - 2 năm,Unknown,Unknown,10 tr - 15 tr vnd,10.0,15.0,vnd,12.5
database administrator,nhân viên chính thức,nhân viên,hồ chí minh,3 - 6 năm,"data mining, data processing specialist, data processing, nhân viên xử lý dữ liệu, data analyst, data analysis specialist, cộng tác viên xử lý dữ liệu, data processing officer, data processing executive, data validation",Unknown,30 tr - 55 tr vnd,30.0,55.0,vnd,42.5
database administrator,nhân viên chính thức,nhân viên,hà nội,1 - 3 năm,"data mining, data processing specialist, data processing, nhân viên xử lý dữ liệu, data analyst, data analysis specialist, cộng tác viên xử lý dữ liệu, data processing officer, data processing executive, data validation",Unknown,20 tr - 25 tr vnd,20.0,25.0,vnd,22.5
python django power automate developer remote 100,full-time,"nhân viên, chuyên viên",hà nội,trên 1 năm,"python, tư vấn bán hàng",Unknown,15 - 30 triệu vnđ,15.0,30.0,vnd,22.5
chuyên viên quan hệ khách hàng cá nhân an giang bạc liêu cần thơ đồng nai,nhân viên chính thức,nhân viên,hà nội,trên 1 năm,chuyên viên quan hệ khách hàng cá nhân an giang bạc liêu cần thơ đồng nai,Unknown,8 tr - 22 tr vnd,8.0,22.0,vnd,15.0
account manager digital marketing,toàn thời gian,nhân viên,hà nội,2 năm,Unknown,Unknown,18 - 27 triệu,18.0,27.0,vnd,22.5
sales it,toàn thời gian,nhân viên,hà nội,không yêu cầu kinh nghiệm,"sales, account manager",Unknown,13 - 20 triệu,13.0,20.0,vnd,16.5
android developer dự án,toàn thời gian,nhân viên,hà nội,3 năm,Unknown,Unknown,tới 27 triệu,27.0,0.0,vnd,13.5
android developer,toàn thời gian,nhân viên,hà nội,3 năm,Unknown,Unknown,"tới 1,800 usd",45.0,0.0,usd,22.5
android developer,toàn thời gian,nhân viên,hà nội,2 năm,Unknown,Unknown,"tới 2,000 usd",50.0,0.0,usd,25.0
android developer,toàn thời gian,nhân viên,hà nội,3 năm,Unknown,Unknown,tới 60 triệu,60.0,0.0,vnd,30.0
android developer,toàn thời gian,nhân viên,hà nội,1 năm,"android, kotlin",Unknown,15 - 25 triệu,15.0,25.0,vnd,20.0
android developer,toàn thời gian,nhân viên,hà nội,2 năm,"tcp, firmware, bluetooth, android, ffmpeg, restful api, mạng máy tính, kotlin, oop, ip",Unknown,15 - 25 triệu,15.0,25.0,vnd,20.0
android developer,toàn thời gian,nhân viên,hà nội,3 năm,Unknown,Unknown,15 - 30 triệu,15.0,30.0,vnd,22.5
android developer,toàn thời gian,nhân viên,hà nội,1 năm,Unknown,Unknown,15 - 30 triệu,15.0,30.0,vnd,22.5
android developer,toàn thời gian,nhân viên,hà nội,5 năm,"công nghệ thông tin, android, lập trình java",Unknown,"2,000 - 4,000 usd",50.0,100.0,usd,75.0
android developer,toàn thời gian,nhân viên,hà nội,2 năm,Unknown,Unknown,18 - 28 triệu,18.0,28.0,vnd,23.0
android developer,toàn thời gian,nhân viên,hà nội,4 năm,Unknown,Unknown,20 - 40 triệu,20.0,40.0,vnd,30.0
android developer,toàn thời gian,nhân viên,hà nội,2 năm,Unknown,Unknown,15 - 25 triệu,15.0,25.0,vnd,20.0
biên kịch content writer,part-time,"nhân viên, chuyên viên",hà nội,không yêu cầu,"truyền thông, nội dung, báo chí",Unknown,8 - 15 triệu vnđ,8.0,15.0,vnd,11.5
back end developer đà nẵng,toàn thời gian,nhân viên,đà nẵng,2 năm,"hibernate, spring, spring boot, java",Unknown,25 - 40 triệu,25.0,40.0,vnd,32.5
back end developer,toàn thời gian,nhân viên,hà nội,1 năm,"expressjs, reactjs, nodejs",Unknown,15 - 25 triệu,15.0,25.0,vnd,20.0
back end developer,toàn thời gian,nhân viên,hà nội,3 năm,Unknown,Unknown,23 - 35 triệu,23.0,35.0,vnd,29.0
back end developer,toàn thời gian,nhân viên,hà nội,3 năm,Unknown,Unknown,25 - 35 triệu,25.0,35.0,vnd,30.0
back end developer,toàn thời gian,nhân viên,hà nội,3 năm,Unknown,Unknown,23 - 30 triệu,23.0,30.0,vnd,26.5
engineer,toàn thời gian,nhân viên,hà nội,2 năm,"gcp, python, aws",Unknown,tới 35 triệu,35.0,0.0,vnd,17.5
backend developer,toàn thời gian,nhân viên,hà nội,1 năm,Unknown,Unknown,10 - 18 triệu,10.0,18.0,vnd,14.0
backend developer,toàn thời gian,nhân viên,hà nội,3 năm,Unknown,Unknown,tới 30 triệu,30.0,0.0,vnd,15.0
backend developer,toàn thời gian,nhân viên,hà nội,4 năm,Unknown,Unknown,18 - 30 triệu,18.0,30.0,vnd,24.0
backend developer,toàn thời gian,trưởng nhóm,hà nội,3 năm,"mysql, php, agile, code, nodejs, git, lập trình, backend developer, microservices, ms sql server",Unknown,20 - 50 triệu,20.0,50.0,vnd,35.0
backend developer,toàn thời gian,nhân viên,hà nội,4 năm,"golang, python, nodejs, java",Unknown,20 - 45 triệu,20.0,45.0,vnd,32.5
backend developer,toàn thời gian,nhân viên,hồ chí minh,3 năm,"typescript, lập trình, nodejs, reactjs",Unknown,13 - 17 triệu,13.0,17.0,vnd,15.0
backend developer,toàn thời gian,nhân viên,hà nội,3 năm,Unknown,Unknown,17 - 25 triệu,17.0,25.0,vnd,21.0
backend developer,toàn thời gian,nhân viên,hà nội,3 năm,"python, qgis, microsoft office., envi, sql . ​tableau, arcgis, excel, python developer, odoo, odoo erp",Unknown,20 - 25 triệu,20.0,25.0,vnd,22.5
backend developer,toàn thời gian,nhân viên,hà nội,2 năm,"php, nodejs, java",Unknown,15 - 40 triệu,15.0,40.0,vnd,27.5
backend developer php laravel,toàn thời gian,nhân viên,hà nội,4 năm,"php, back end web development, laravel",Unknown,20 - 45 triệu,20.0,45.0,vnd,32.5
backend developer,toàn thời gian,nhân viên,hà nội,2 năm,"mysql, postgresql, php, lập trình hướng đối tượng, docker, git, mongodb, lập trình, backend developer, laravel",Unknown,15 - 30 triệu,15.0,30.0,vnd,22.5
backend nodejs developer,toàn thời gian,nhân viên,hồ chí minh,2 năm,Unknown,Unknown,20 - 35 triệu,20.0,35.0,vnd,27.5
backend,toàn thời gian,nhân viên,hà nội,2 năm,Unknown,Unknown,15 - 20 triệu,15.0,20.0,vnd,17.5
backend team lead,toàn thời gian,trưởng nhóm,hà nội,5 năm,Unknown,Unknown,35 - 50 triệu,35.0,50.0,vnd,42.5
bắc ninh lào cai thanh hóa chuyên viên cao cấp quản lý khách hàng ưu tiên,nhân viên chính thức,nhân viên,bắc ninh,trên 2 năm,Unknown,Unknown,trên 22 tr vnd,22.0,0.0,vnd,11.0
110533 senior tax consultant nhân viên tư vấn thuế pit consulting,nhân viên chính thức,nhân viên,hồ chí minh,trên 3 năm," senior tax consultant, nhân viên tư vấn thuế pit consulting, chuyên viên tư vấn thuế, tax manager, nhân viên thuế, nhân viên khai báo thuế",Unknown,15 tr - 25 tr vnd,15.0,25.0,vnd,20.0
111089 architect staff or assistant manager real estate,nhân viên chính thức,nhân viên,hồ chí minh,trên 2 năm,"trợ lý giám đốc, architect staff or assistant manager real estate, assistant director",Unknown,15 tr - 40 tr vnd,15.0,40.0,vnd,27.5
108624 application engineering manager machinery,nhân viên chính thức,quản lý,hồ chí minh,trên 10 năm," application engineering manager machinery, kỹ sư ứng dụng",Unknown,50 tr - 75 tr vnd,50.0,75.0,vnd,62.5
system engineer,toàn thời gian,trưởng nhóm,nhật bản,không yêu cầu kinh nghiệm,"php, .net, asp.net, java, ruby on rails, english",Unknown,"1,000 - 2,500 usd",25.0,62.5,usd,43.75
automotive software engineer,full-time,"nhân viên, chuyên viên",hà nội,trên 1 năm,"triển khai phần mềm, c++, c",Unknown,11 - 57 triệu vnđ,11.0,57.0,vnd,34.0
c embedded software engineer,full-time,"nhân viên, chuyên viên",vietnam,không yêu cầu,"hệ nhúng, c++, c",Unknown,22 - 50 triệu vnđ,22.0,50.0,vnd,36.0
110958 technical sales engineer machinery,nhân viên chính thức,nhân viên,hồ chí minh,trên 2 năm," technical sales engineer hcm machinery, kỹ sư kinh doanh, sales engineer",Unknown,23 tr - 26 tr vnd,23.0,26.0,vnd,24.5
chuyên viên audit,full-time,"nhân viên, chuyên viên",hồ chí minh,trên 1 năm,"kiểm soát nội bộ, đào tạo bán hàng",Unknown,8 - 13 triệu vnđ,8.0,13.0,vnd,10.5
chuyên viên copy writer lĩnh vực nha khoa,full-time,"nhân viên, chuyên viên",hà nội,trên 1 năm,"truyền thông, nội dung, báo chí",Unknown,10 - 13 triệu vnđ,10.0,13.0,vnd,11.5
chuyên viên devops,full-time,"nhân viên, chuyên viên",hồ chí minh,trên 5 năm,"c#, quản trị hệ thống, .net",Unknown,20 - 35 triệu vnđ,20.0,35.0,vnd,27.5
chuyên viên digital content,full-time,"nhân viên, chuyên viên",phường bình thuận,không yêu cầu,"nội dung, digital marketing",Unknown,12 - 16 triệu vnđ,12.0,16.0,vnd,14.0
chuyên viên digital marketing,full-time,"nhân viên, chuyên viên",p thạnh mỹ lợi,2 - 3 năm,"digital marketing, seo",Unknown,12 - 20 triệu vnđ,12.0,20.0,vnd,16.0
developer,toàn thời gian,nhân viên,hà nội,2 năm,Unknown,Unknown,tới 20 triệu,20.0,0.0,vnd,10.0
net senior developer hà nội,toàn thời gian,nhân viên,hà nội,3 năm,Unknown,Unknown,tới 50 triệu,50.0,0.0,vnd,25.0
chuyên viên it helpdesk,full-time,"nhân viên, chuyên viên",thanh hoá,1 - 2 năm,"it helpdesk, it support",Unknown,15 - 25 triệu vnđ,15.0,25.0,vnd,20.0
full stack developer,toàn thời gian,trưởng nhóm,hà nội,trên 5 năm,Unknown,Unknown,25 - 40 triệu,25.0,40.0,vnd,32.5
chemical engineer,nhân viên chính thức,nhân viên,đồng nai,1 - 3 năm,Unknown,Unknown,9 tr - 13 tr vnd,9.0,13.0,vnd,11.0
chuyên viên lập trình ứng dụng web fullstack,full-time,"nhân viên, chuyên viên",hà nội,không yêu cầu,"sql, php",Unknown,từ 13 triệu vnđ,13.0,0.0,vnd,6.5
backend developer,toàn thời gian,nhân viên,hà nội,4 năm,Unknown,Unknown,25 - 38 triệu,25.0,38.0,vnd,31.5
backend developer,toàn thời gian,nhân viên,hà nội,2 năm,Unknown,Unknown,20 - 35 triệu,20.0,35.0,vnd,27.5
chuyên viên media video editor,full-time,"nhân viên, chuyên viên",thái bình,3 - 5 năm,"dựng phim, adobe after effect, hiệu ứng video",Unknown,13 - 18 triệu vnđ,13.0,18.0,vnd,15.5
chuyên viên quản trị website,full-time,"nhân viên, chuyên viên",hà nội,trên 1 năm,"quản trị hệ thống, seo",Unknown,10 - 15 triệu vnđ,10.0,15.0,vnd,12.5
chuyên viên seo marketing seo website hà nội,full-time,"nhân viên, chuyên viên",cầu giấy,trên 2 năm,"nội dung, seo",Unknown,13 - 16 triệu vnđ,13.0,16.0,vnd,14.5
chuyên viên digital marketing,nhân viên chính thức,nhân viên,hồ chí minh,2 - 5 năm,Unknown,Unknown,15 tr - 18 tr vnd,15.0,18.0,vnd,16.5
chuyên viên ditital marketing,nhân viên chính thức,nhân viên,hồ chí minh,không yêu cầu,Unknown,Unknown,8 tr - 20 tr vnd,8.0,20.0,vnd,14.0
chuyên viên tư vấn và triển khai phần mềm,full-time,"nhân viên, chuyên viên",hồ chí minh,không yêu cầu,"triển khai phần mềm, tư vấn bán hàng, chăm sóc khách hàng",Unknown,7 - 15 triệu vnđ,7.0,15.0,vnd,11.0
chuyên viên video editor,full-time,"nhân viên, chuyên viên",hà hội,trên 2 năm,"dựng phim, adobe after effect, hiệu ứng video",Unknown,10 - 15 triệu vnđ,10.0,15.0,vnd,12.5
chuyên viên khách hàng cá nhân cn lào cai,nhân viên chính thức,nhân viên,lào cai,không yêu cầu,Unknown,Unknown,9 tr - 35 tr vnd,9.0,35.0,vnd,22.0
data analyst,toàn thời gian,nhân viên,hồ chí minh,1 năm,"kỹ năng giao tiếp, sql, power bi, kĩ năng phân tích tổng hợp, machine learning, power querry",Unknown,12 - 20 triệu,12.0,20.0,vnd,16.0
data analyst,toàn thời gian,nhân viên,hà nội,3 năm,Unknown,Unknown,18 - 25 triệu,18.0,25.0,vnd,21.5
data engineer,toàn thời gian,nhân viên,hà nội,2 năm,"excel, netezza, oracle, power bi",Unknown,18 - 30 triệu,18.0,30.0,vnd,24.0
chuyên viên digital marketing,toàn thời gian,nhân viên,đà nẵng,1 năm,Unknown,Unknown,5 - 10 triệu,5.0,10.0,vnd,7.5
chuyên viên digital marketing facebook,toàn thời gian,nhân viên,hồ chí minh,2 năm,Unknown,Unknown,trên 12 triệu,12.0,0.0,vnd,6.0
cộng tác viên gọi lọc data,part-time,"nhân viên, chuyên viên",hà nội,không yêu cầu,"tư vấn bán hàng, chăm sóc khách hàng",Unknown,3 - 5 triệu vnđ,3.0,5.0,vnd,4.0
110242 site development assistant manager trợ lý trưởng phòng phát triển dự án playground,nhân viên chính thức,nhân viên,hồ chí minh,trên 2 năm,"reasearch assistant, trợ lý nghiên cứu và phát triển, research and, site development assistant manager trợ lý trưởng phòng phát triển dự án playground",Unknown,15 tr - 17 tr vnd,15.0,17.0,vnd,16.0
chuyên viên digital marketing performance ads tiktok hà nội,toàn thời gian,nhân viên,hà nội,1 năm,Unknown,Unknown,8 - 15 triệu,8.0,15.0,vnd,11.5
chuyên viên digital marketing hồ chí minh,toàn thời gian,nhân viên,hồ chí minh,2 năm,Unknown,Unknown,18 - 22 triệu,18.0,22.0,vnd,20.0
chuyên viên digital marketing đi làm ngay,toàn thời gian,nhân viên,hà nội,1 năm,"photoshop, ai tools, tinh thần hợp tác nhóm, giao tiếp tốt, canva, có trách nhiệm",Unknown,10 - 15 triệu,10.0,15.0,vnd,12.5
chuyên viên khách hàng doanh nghiệp cn lào cai,nhân viên chính thức,nhân viên,lào cai,không yêu cầu,Unknown,Unknown,10 tr - 35 tr vnd,10.0,35.0,vnd,22.5
công ty tnhh đầu tư phát triển công nghệ truyền thông và phần mềm v2tsoft cần tuyển dụng 4 vị trí làm việc văn phòng tại thành phố lào cai,full-time,"nhân viên, chuyên viên",tp lào cai,không yêu cầu,"tư vấn bán hàng, chăm sóc khách hàng",Unknown,7 - 30 triệu vnđ,7.0,30.0,vnd,18.5
content seo website,part-time,"nhân viên, chuyên viên",hà nội,dưới 1 năm,nội dung,Unknown,4 - 6 triệu vnđ,4.0,6.0,vnd,5.0
chuyên viên kinh doanh dự án it,nhân viên chính thức,nhân viên,hà nội,trên 1 năm,Unknown,Unknown,15 tr - 17 tr vnd,15.0,17.0,vnd,16.0
ctv sale triển khai phần mềm,part-time,thực tập sinh,đồng tháp,không yêu cầu,"tư vấn bán hàng, chăm sóc khách hàng",Unknown,1 - 2 triệu vnđ,1.0,2.0,vnd,1.5
chuyên viên it,toàn thời gian,nhân viên,hà nội,2 năm,Unknown,Unknown,13 - 15 triệu,13.0,15.0,vnd,14.0
chuyên viên it,toàn thời gian,nhân viên,hà nội,2 năm,Unknown,Unknown,12 - 15 triệu,12.0,15.0,vnd,13.5
chuyên viên it,toàn thời gian,nhân viên,quảng ninh,2 năm,Unknown,Unknown,12 - 14 triệu,12.0,14.0,vnd,13.0
data scientist,full-time,"nhân viên, chuyên viên",the golden palm 21 lê văn lương,1 - 3 năm,triển khai phần mềm,Unknown,10 - 30 triệu vnđ,10.0,30.0,vnd,20.0
digital creative advertising copywriter,full-time,"nhân viên, chuyên viên",hồ chí minh,trên 1 năm,digital marketing,Unknown,8 - 30 triệu vnđ,8.0,30.0,vnd,19.0
digital marketing,full-time,"nhân viên, chuyên viên",hà nội,1 - 5 năm,"google ads(adwords), facebook ads, digital marketing",Unknown,12 - 14 triệu vnđ,12.0,14.0,vnd,13.0
digital marketing,full-time,"nhân viên, chuyên viên",cầu giấy,2 - 4 năm,"truyền thông, báo chí, digital marketing",Unknown,15 - 25 triệu vnđ,15.0,25.0,vnd,20.0
digital marketing,full-time,"nhân viên, chuyên viên",hà nội,trên 2 năm,"google ads(adwords), facebook ads, digital marketing",Unknown,15 - 20 triệu vnđ,15.0,20.0,vnd,17.5
digital marketing,full-time,"nhân viên, chuyên viên",hồ chí minh,3 - 5 năm,"google ads(adwords), facebook ads, digital marketing",Unknown,13 - 15 triệu vnđ,13.0,15.0,vnd,14.0
digital marketing facebook ads,full-time,"nhân viên, chuyên viên",hồ chí minh,trên 4 năm,"google ads(adwords), facebook ads, digital marketing",Unknown,16 - 20 triệu vnđ,16.0,20.0,vnd,18.0
digital marketing specialist,full-time,"nhân viên, chuyên viên",hà nội,trên 2 năm,"digital marketing, seo",Unknown,10 - 18 triệu vnđ,10.0,18.0,vnd,14.0
digital marketing,full-time,"nhân viên, chuyên viên",hồ chí minh,dưới 1 năm,"nội dung, facebook ads, digital marketing",Unknown,từ 8 triệu vnđ,8.0,0.0,vnd,4.0
digital marketing từ 1 năm kinh nghiệm,full-time,"nhân viên, chuyên viên",hà nội,1 - 2 năm,"facebook ads, digital marketing",Unknown,10 - 20 triệu vnđ,10.0,20.0,vnd,15.0
digital marketing từ 3 đến 5 năm kinh nghiệm,full-time,"nhân viên, chuyên viên",hồ chí minh,3 - 5 năm,"media planning, facebook ads, digital marketing",Unknown,từ 15 triệu vnđ,15.0,0.0,vnd,7.5
nhân viên kiểm định container đầu vào,full-time,"nhân viên, chuyên viên",đồng nai,trên 0.5 năm,"qc), quản lý chất lượng (qa, cơ khí, hàn xì, vận tải",Unknown,7 - 13 triệu vnđ,7.0,13.0,vnd,10.0
edit video dựng video,full-time,"nhân viên, chuyên viên",hà nội,trên 1 năm,"dựng phim, adobe after effect, hiệu ứng video",Unknown,8 - 20 triệu vnđ,8.0,20.0,vnd,14.0
editor và quản lý fanpage,full-time,"nhân viên, chuyên viên",hà nội,trên 1 năm,"quản lý dự án, nội dung",Unknown,từ 10 triệu vnđ,10.0,0.0,vnd,5.0
flutter developer,full-time,"nhân viên, chuyên viên",hà nội,2 - 3 năm,"ui, ux, java",Unknown,đến 30 triệu vnđ,0.0,30.0,vnd,15.0
fullstack it developer jd job description,full-time,"nhân viên, chuyên viên",hà nội,0.5 - 1 năm,"quản lý sản phẩm, quản lý dự án (it)",Unknown,15 - 30 triệu vnđ,15.0,30.0,vnd,22.5
backend developer,full-time,"nhân viên, chuyên viên",hà nội,trên 2 năm,"java, backend",Unknown,17 - 22 triệu vnđ,17.0,22.0,vnd,19.5
chuyên viên tư vấn bất động sản căn hộ hỗ trợ data marketing đào tạo,nhân viên chính thức,mới tốt nghiệp,hà nội,không yêu cầu,"nhân viên bán hàng qua điện thoại, chuyên viên tư vấn bất động sản căn hộ hỗ trợ data marketing + đào tạo, salesman, nhân viên kinh doanh, real estate consultant, tư vấn viên",Unknown,100 tr - 500 tr vnd,100.0,500.0,vnd,300.0
giám sát bán hàng fmcg đồng nai quảng ngãi hậu giang sóc trăng,full-time,"trưởng nhóm, trưởng phòng",quảng ngãi,dưới 5 năm,"giám sát bán hàng, tư vấn bán hàng",Unknown,15 - 30 triệu vnđ,15.0,30.0,vnd,22.5
giám sát bán hàng gia lai kon tum,full-time,"trưởng nhóm, trưởng phòng",gia lai,2 - 5 năm,"quản lý dự án, phát triển thị trường, tư vấn bán hàng, dược phẩm",Unknown,19 - 35 triệu vnđ,19.0,35.0,vnd,27.0
giám sát bar canteen bệnh viện bạch mai,full-time,"trưởng nhóm, trưởng phòng",hà nội,2 - 5 năm,"giám sát bán hàng, pha chế cafe (barista), giám sát dịch vụ",Unknown,12 - 14 triệu vnđ,12.0,14.0,vnd,13.0
giám sát công trình nội thất site engineer,full-time,"nhân viên, chuyên viên",hà nội,dưới 5 năm,"giám sát công trình, thiết kế nội thất, xây dựng",Unknown,12 - 18 triệu vnđ,12.0,18.0,vnd,15.0
copywriter,toàn thời gian,nhân viên,hà nội,2 năm,Unknown,Unknown,13 - 20 triệu,13.0,20.0,vnd,16.5
giám sát thi công tại hcm tây ninh đồng nai bình dương,full-time,"nhân viên, chuyên viên",hồ chí minh,không yêu cầu,"xây dựng, giám sát công trình",Unknown,9 - 15 triệu vnđ,9.0,15.0,vnd,12.0
chuyên viên đào tạo training executive lương từ 10 15 triệu,full-time,"nhân viên, chuyên viên",hồ chí minh,1 - 2 năm,"đào tạo, bán hàng qua điện thoại (telesale), đào tạo bán hàng",Unknown,10 - 15 triệu vnđ,10.0,15.0,vnd,12.5
sale dịch vụ digital marketing thu nhập từ 10m,full-time,"nhân viên, chuyên viên",hà nội,không yêu cầu,"tư vấn bán hàng, chăm sóc khách hàng",Unknown,6 - 16 triệu vnđ,6.0,16.0,vnd,11.0
database administration oracle,nhân viên chính thức,nhân viên,hồ chí minh,3 - 6 năm,"expert, purchasing, purchasing staff, coordinator, associates accountant, executive, supervisor, manager, staff, nhân viên mua hàng staff, database administration oracle senior specialist, officier",Unknown,"1,000 - 2,000 usd",25.0,50.0,usd,37.5
technical service engineer kỹ thuật tư vấn khách hàng,full-time,"nhân viên, chuyên viên",hồ chí minh,trên 2 năm,"kỹ thuật công nghiệp, bảo trì sửa chữa, kỹ sư bán hàng (sale engineer), cơ khí",Unknown,12 - 20 triệu vnđ,12.0,20.0,vnd,16.0
thực tập sinh digital marketing part time full time 2024,"full-time , part-time",thực tập sinh,hồ chí minh,không yêu cầu,"digital marketing, chăm sóc khách hàng",Unknown,1 - 3 triệu vnđ,1.0,3.0,vnd,2.0
digital supervisor,nhân viên chính thức,"trưởng nhóm , giám sát",hồ chí minh,3 - 5 năm,Unknown,Unknown,15 tr - 20 tr vnd,15.0,20.0,vnd,17.5
ecommerce and digital supervisor,nhân viên chính thức,"trưởng nhóm , giám sát",hồ chí minh,2 - 3 năm,Unknown,Unknown,13 tr - 18 tr vnd,13.0,18.0,vnd,15.5
sales engineer,full-time,"nhân viên, chuyên viên",hà nội,trên 1 năm,"kỹ sư bán hàng (sale engineer), tư vấn bán hàng",Unknown,12 - 20 triệu vnđ,12.0,20.0,vnd,16.0
educational consultant trainee,"nhân viên chính thức, bán thời gian",mới tốt nghiệp,hồ chí minh,không yêu cầu,"chuyên viên tư vấn, nhân viên tư vấn, executive, counsellor, senior, educational consultant trainee, tư vấn viên",Unknown,8 tr - 10 tr vnd,8.0,10.0,vnd,9.0
hn212 sale engineer kcn thăng long i đông anh hà nội,full-time,"nhân viên, chuyên viên",hà nội,dưới 1 năm,kỹ sư bán hàng (sale engineer),Unknown,10 - 14 triệu vnđ,10.0,14.0,vnd,12.0
hn212 yctd sale engineer kcn thăng long i hà nội,full-time,"nhân viên, chuyên viên",hà nội,không yêu cầu,kỹ sư bán hàng (sale engineer),Unknown,10 - 14 triệu vnđ,10.0,14.0,vnd,12.0
alba mineral water nhân viên qa quality assurance,full-time,"nhân viên, chuyên viên",thừa thiên huế,trên 1 năm,"test, quản lý chất lượng (qa, qa, qc)",Unknown,6 - 7 triệu vnđ,6.0,7.0,vnd,6.5
it helpdesk,full-time,"nhân viên, chuyên viên",hà nội,trên 3 năm,"it helpdesk, điện thoại, phần cứng máy tính",Unknown,10 - 13 triệu vnđ,10.0,13.0,vnd,11.5
it helpdesk,full-time,"nhân viên, chuyên viên",hồ chí minh,trên 1 năm,"it helpdesk, điện thoại, phần cứng máy tính",Unknown,12 - 15 triệu vnđ,12.0,15.0,vnd,13.5
khóa học data analyst,toàn thời gian,nhân viên,hà nội,1 năm,Unknown,Unknown,12 - 16 triệu,12.0,16.0,vnd,14.0
it helpdesk support,full-time,"nhân viên, chuyên viên",hồ chí minh,trên 1 năm,"it helpdesk, it support",Unknown,12 - 18 triệu vnđ,12.0,18.0,vnd,15.0
it security cv an toàn thông tin,full-time,"nhân viên, chuyên viên",hà nội,trên 2 năm,"quản trị mạng, an toàn lao động, an ninh mạng",Unknown,30 - 40 triệu vnđ,30.0,40.0,vnd,35.0
it support,full-time,"nhân viên, chuyên viên",hà nội,trên 3 năm,"quản trị mạng, it support",Unknown,15 - 17 triệu vnđ,15.0,17.0,vnd,16.0
it support,full-time,"nhân viên, chuyên viên",hồ chí minh,trên 1 năm,"quản trị mạng, it support",Unknown,8 - 15 triệu vnđ,8.0,15.0,vnd,11.5
it support it helpdesk,full-time,"nhân viên, chuyên viên",điện biên,không yêu cầu,"it helpdesk, it support",Unknown,7 - 10 triệu vnđ,7.0,10.0,vnd,8.5
it support quản trị hệ thống,full-time,"nhân viên, chuyên viên",hồ chí minh,trên 2 năm,"quản trị hệ thống, it support",Unknown,10 - 20 triệu vnđ,10.0,20.0,vnd,15.0
it support hn tokyo,full-time,"nhân viên, chuyên viên",hà nội,1 - 3 năm,"hành chính văn phòng, it support",Unknown,35 - 50 triệu vnđ,35.0,50.0,vnd,42.5
java developer,full-time,"nhân viên, chuyên viên",đà nẵng,trên 3 năm,"javascript, java",Unknown,20 - 30 triệu vnđ,20.0,30.0,vnd,25.0
junior middle it comtor,full-time,"nhân viên, chuyên viên",nam từ liêm,trên 2 năm,"phiên dịch, biên, java",Unknown,12 - 28 triệu vnđ,12.0,28.0,vnd,20.0
107301 engineering manager quản lý kỹ thuật manufacturing,nhân viên chính thức,quản lý,hồ chí minh,trên 5 năm,"purchasing, engineering manager, purchasing staff, coordinator, associates accountant, quản lý kỹ thuật manufacturing, executive, specialist, supervisor, manager, staff, nhân viên mua hàng staff, officier",Unknown,23 tr - 33 tr vnd,23.0,33.0,vnd,28.0
107299 quality manager quản lý chất lượng manufacturing,nhân viên chính thức,quản lý,hồ chí minh,trên 5 năm," quality manager, quản lý chất lượng manufacturing, kiểm tra chất lượng",Unknown,23 tr - 30 tr vnd,23.0,30.0,vnd,26.5
110255 japanese speaking kaizen engineer kỹ sư cải tiến manufacturing,nhân viên chính thức,nhân viên,hồ chí minh,trên 3 năm,"purchasing, purchasing manager trưởng phòng mua hàng manufacturing, quản lý thu mua",Unknown,13 tr - 19 tr vnd,13.0,19.0,vnd,16.0
110372 sales engineer factory automation,nhân viên chính thức,nhân viên,hồ chí minh,trên 3 năm,"service engineer, kỹ sư kinh doanh, kỹ sư bán hàng, sales engineer factory automation",Unknown,20 tr - 30 tr vnd,20.0,30.0,vnd,25.0
angular software engineer,full-time,"nhân viên, chuyên viên",hà hội,trên 2 năm,"frontend (html, javascript, css)",Unknown,đến 40 triệu vnđ,0.0,40.0,vnd,20.0
108622 sales engineer trading,nhân viên chính thức,nhân viên,hồ chí minh,trên 5 năm,"service engineer, kỹ sư kinh doanh, kỹ sư bán hàng, sales engineer trading",Unknown,"17,5 tr - 25 tr vnd",17.5,25.0,vnd,21.25
110902 quality assurance manager trưởng phòng quản lý chất lượng it,nhân viên chính thức,quản lý,hồ chí minh,trên 10 năm,"quản lý qa haccp, quality management manager, qa, quality management director, trưởng phòng quản lý chất lượng it, qc manager, qc director, qa haccp manager, quality assurance manager, trưởng bộ phận quản lý chất lượng, giám đốc chất lượng, qc division head, an toàn môi trường",Unknown,70 tr - 100 tr vnd,70.0,100.0,vnd,85.0
audit assurance admin,full-time,"nhân viên, chuyên viên",hồ chí minh,trên 1 năm,"quản lý chất lượng (qa, kiểm toán, qc)",Unknown,11 - 14 triệu vnđ,11.0,14.0,vnd,12.5
back end developer,full-time,"nhân viên, chuyên viên",hà nội,1 - 3 năm,"hadoop, big data, nodejs, backend",Unknown,đến 20 triệu vnđ,0.0,20.0,vnd,10.0
audit senior,nhân viên chính thức,"trưởng nhóm , giám sát",hà nội,trên 3 năm,Unknown,Unknown,20 tr - 25 tr vnd,20.0,25.0,vnd,22.5
chuyên viên seo digital marketing seo executive,toàn thời gian,nhân viên,hồ chí minh,2 năm,"app script, semrush, google sheets, google search console, figma, google tag manager, google analytics, ahrefs, clickup, canva",Unknown,10 - 15 triệu,10.0,15.0,vnd,12.5
automation engineer,nhân viên chính thức,nhân viên,hồ chí minh,không yêu cầu,"kỹ sư giám sát công trình chuyên ngành m e, technical specialist, kỹ sư giám sát thiết kế điện, nhân viên điện công trình, electrical mechanical engineer, kỹ sư điện tại công trường, kỹ sư điện công nghiệp, kỹ sư công trình m e, giám sát m&e, electrical technician",Unknown,9 tr - 13 tr vnd,9.0,13.0,vnd,11.0
field engineering junior executive,nhân viên chính thức,nhân viên,hà nội,trên 1 năm,"hỗ trợ kỹ thuật, nhân viên kỹ thuật hiện trường, field engineering junior executive automobile, tư vấn viên, automotive product specialist",Unknown,12 tr - 16 tr vnd,12.0,16.0,vnd,14.0
assistant of developer,nhân viên chính thức,nhân viên,hồ chí minh,không yêu cầu,assistant of developer,Unknown,8 tr - 10 tr vnd,8.0,10.0,vnd,9.0
data enginner,nhân viên chính thức,nhân viên,hà nội,không yêu cầu,data analyst,Unknown,12 tr - 18 tr vnd,12.0,18.0,vnd,15.0
engineering manager,nhân viên chính thức,quản lý,hồ chí minh,trên 5 năm,"maintenance, ifm, operation, facility, hvac, chiller, air compressor, facility manager, engineering, utility",Unknown,38 tr - 40 tr vnd,38.0,40.0,vnd,39.0
nhân viên tư vấn bđs thu nhập 30 90 triệu hỗ trợ data marketing,toàn thời gian cố định,"chuyên viên, nhân viên",hồ chí minh,1 năm,", bán hàng kinh doanh, chăm sóc khách hàng, bất động sản",Unknown,70 - 90 triệu,70.0,90.0,vnd,80.0
sales executive software solutions,nhân viên chính thức,nhân viên,hồ chí minh,1 - 2 năm,Unknown,Unknown,9 tr - 12 tr vnd,9.0,12.0,vnd,10.5
nhân viên triển khai bản vẽ kiến trúc nội thất,toàn thời gian cố định,"chuyên viên, nhân viên",hồ chí minh,2 năm,", xây dựng, kiến trúc thiết kế nội ngoại thất, thiết kế sáng tạo nghệ thuật",Unknown,10.5 - 14 triệu,10.5,14.0,vnd,12.25
chuyên viên tuyển dụng talent acquisition specialist,nhân viên chính thức,nhân viên,hồ chí minh,2 - 3 năm,"executive recruitment, nhân viên tuyển dụng đào tạo, recruiter, nhân viên tuyển dụng",Unknown,12 tr - 16 tr vnd,12.0,16.0,vnd,14.0
cộng tác viên digital marketing,bán thời gian,thực tập sinh,hà nội,2 năm,Unknown,Unknown,4 - 8 triệu,4.0,8.0,vnd,6.0
nhân viên đào tạo trainer,full-time,"nhân viên, chuyên viên",q10,trên 1 năm,"đào tạo, spa, làm đẹp, mỹ phẩm",Unknown,từ 10 triệu vnđ,10.0,0.0,vnd,5.0
nhân viên kinh doanh phần mềm thu nhập 15m được đào tạo hỗ trợ data,full-time,"nhân viên, chuyên viên",ninh bình,dưới 1 năm,"bán hàng qua điện thoại (telesale), tư vấn bán hàng, chăm sóc khách hàng",Unknown,10 - 20 triệu vnđ,10.0,20.0,vnd,15.0
digital marketing hà nội,toàn thời gian,nhân viên,hà nội,1 năm,"performance marketing, quảng cáo ads, digital marketing, facebook ads, quản lý ngân sách, ads tiktok, fb ads",Unknown,10 - 12 triệu,10.0,12.0,vnd,11.0
digital marketing tiktok,toàn thời gian,nhân viên,hà nội,không yêu cầu kinh nghiệm,Unknown,Unknown,10 - 35 triệu,10.0,35.0,vnd,22.5
digital marketing ads đào tạo,toàn thời gian,thực tập sinh,hồ chí minh,không yêu cầu kinh nghiệm,"content marketing, facebook ads, video editor",Unknown,4 - 25 triệu,4.0,25.0,vnd,14.5
senior java developer specialist,nhân viên chính thức,nhân viên,hồ chí minh,3 - 6 năm,"game developer, asp net software developer, advert developer, .net developer, net android ios programmer, frontend developer, java android programmer, software developer, lập trình viên, embedded software engineer",Unknown,"1,000 - 1,600 usd",25.0,40.0,usd,32.5
nhân viên bán hàng nội thất hai bà trưng đi làm ngay,toàn thời gian,nhân viên,hà nội,dưới 1 năm,"bán hàng, tư vấn bán hàng",Unknown,7 - 10 triệu,7.0,10.0,vnd,8.5
nhân viên digital marketing,toàn thời gian,nhân viên,hồ chí minh,2 năm,Unknown,Unknown,12 - 16 triệu,12.0,16.0,vnd,14.0
nhân viên digital marketing ads facebook trung,toàn thời gian,nhân viên,hà nội,1 năm,Unknown,Unknown,12 - 18 triệu,12.0,18.0,vnd,15.0
nhân viên digital marketing tiktok,toàn thời gian,nhân viên,hà nội,3 năm,"ads tiktok, digital marketing, chạy quảng cáo tiktok",Unknown,15 - 22 triệu,15.0,22.0,vnd,18.5
hoàng mai hà nội,toàn thời gian,nhân viên,hà nội,không yêu cầu kinh nghiệm,Unknown,Unknown,8 - 30 triệu,8.0,30.0,vnd,19.0
nhân viên kinh doanh sales engineer hồ chí minh,toàn thời gian,nhân viên,hồ chí minh,không yêu cầu kinh nghiệm,Unknown,Unknown,15 - 30 triệu,15.0,30.0,vnd,22.5
nhân viên seo website hà nội đi làm ngay,toàn thời gian,nhân viên,hà nội,2 năm,Unknown,Unknown,15 - 20 triệu,15.0,20.0,vnd,17.5
sale engineer kỹ sư bán hàng,toàn thời gian,nhân viên,hà nội,1 năm,Unknown,Unknown,10 - 15 triệu,10.0,15.0,vnd,12.5
sales engineer,toàn thời gian,nhân viên,hà nội,1 năm,Unknown,Unknown,8 - 15 triệu,8.0,15.0,vnd,11.5
trưởng nhóm digital marketing đi làm ngay,toàn thời gian,trưởng nhóm,hà nội,1 năm,Unknown,Unknown,trên 15 triệu,15.0,0.0,vnd,7.5
middle fullstack engineer,full-time,"nhân viên, chuyên viên",thái bình,3 - 5 năm,"php, full stack",Unknown,18 - 25 triệu vnđ,18.0,25.0,vnd,21.5
nhân viên nghiên cứu phát triển sản phẩm r d nhơn trạch đồng nai,full-time,"nhân viên, chuyên viên",đồng nai,2 - 5 năm,"nghiên cứu và phát triển (r&d), hóa học, hóa chất",Unknown,15 - 20 triệu vnđ,15.0,20.0,vnd,17.5
nhân viên tư vấn bảo hiểm sức khỏe pvi data khách hàng tái ký,nhân viên chính thức,nhân viên,hồ chí minh,không yêu cầu,"sale, hành chính, văn phòng, bảo hiểm, tài chính, bán hàng, nhân viên tư vấn bảo hiểm sức khỏe pvi data khách hàng tái ký data có sẵn không đi thị trường, tư vấn, telesale",Unknown,10 tr - 20 tr vnd,10.0,20.0,vnd,15.0
it helpdesk it support,nhân viên chính thức,nhân viên,hồ chí minh,2 - 5 năm,Unknown,Unknown,8 tr - 9 tr vnd,8.0,9.0,vnd,8.5
nhân viên telesales kênh topup xsell thẻ tín dụng hỗ trợ 100 data,full-time,"nhân viên, chuyên viên",tp thủ đức,không yêu cầu,"bán hàng qua điện thoại (telesale), quan hệ khách hàng, chăm sóc khách hàng",Unknown,7 - 15 triệu vnđ,7.0,15.0,vnd,11.0
it staff,nhân viên chính thức,nhân viên,hồ chí minh,không yêu cầu,Unknown,Unknown,13 tr - 15 tr vnd,13.0,15.0,vnd,14.0
it support,nhân viên chính thức,nhân viên,hà nội,trên 1 năm,Unknown,Unknown,10 tr - 15 tr vnd,10.0,15.0,vnd,12.5
java developer,nhân viên chính thức,"trưởng nhóm , giám sát",hồ chí minh,lên đến 3 năm,"game developer, asp net software developer, advert developer, .net developer, net android ios programmer, frontend developer, java android programmer, software developer, lập trình viên, embedded software engineer",Unknown,lên đến 60 tr vnd,0.0,60.0,vnd,30.0
thợ nail spa làm việc ở dubai,full-time,"nhân viên, chuyên viên",hà nội,không yêu cầu,"spa, thể chất, thời trang, làm đẹp",Unknown,20 - 30 triệu vnđ,20.0,30.0,vnd,25.0
thực tập sinh ai trong marketing,full-time,thực tập sinh,hồ chí minh,không yêu cầu,"nội dung, data analytics, digital marketing",Unknown,từ 2 triệu vnđ,2.0,0.0,vnd,1.0
production engineer kỹ sư sản xuất,nhân viên chính thức,nhân viên,vũng tàu,1 - 3 năm,"manufacturing engineer, kỹ sư sản xuất bo mạch điện tử dạng dẻo fpc",Unknown,trên 13 tr vnd,13.0,0.0,vnd,6.5
quản lý kinh doanh kênh otc hồ chí minh neovital việt nam thu nhập không giới hạn,nhân viên chính thức,quản lý,hồ chí minh,2 - 3 năm,"giám sát kinh doanh, sales executive, nhân viên kinh doanh, chuyên viên bán hàng, nhân viên bán hàng, chuyên viên kinh doanh",Unknown,15 tr - 30 tr vnd,15.0,30.0,vnd,22.5
recruitment staff,nhân viên chính thức,nhân viên,hồ chí minh,1 - 3 năm,"chuyên viên tuyển dụng, executive recruitment, recruitment executive, chuyên viên tuyển dụng phòng nhân sự, nhân viên tuyển dụng đào tạo, chuyên viên tuyển dụng đào tạo, nhân viên tuyển dụng",Unknown,8 tr - 10 tr vnd,8.0,10.0,vnd,9.0
senior talent acquisition,nhân viên chính thức,nhân viên,hồ chí minh,3 - 5 năm,"chuyên viên tuyển dụng, executive recruitment, recruitment consultant, talent acquisition, senior recruitment consultant, recruiter, chuyên viên tuyển dụng cao cấp, senior hr executive, chuyên viên tuyển dụng đào tạo",Unknown,15 tr - 20 tr vnd,15.0,20.0,vnd,17.5
talent acquisition executive,nhân viên chính thức,nhân viên,hồ chí minh,1 - 2 năm,"chuyên viên tư vấn, nhân viên tư vấn, consultant, counsellor, senior consultant, talent acquisition executive korean language, tư vấn viên",Unknown,9 tr - 13 tr vnd,9.0,13.0,vnd,11.0
talent acquisition executive,nhân viên chính thức,nhân viên,hồ chí minh,1 - 2 năm,"chuyên viên tư vấn, nhân viên tư vấn, consultant, counsellor, senior consultant, tư vấn viên",Unknown,9 tr - 13 tr vnd,9.0,13.0,vnd,11.0
talent acquisition manager,nhân viên chính thức,quản lý,hồ chí minh,2 - 3 năm,"purchasing, purchasing staff, coordinator, associates accountant, executive, specialist, supervisor, manager, staff, nhân viên mua hàng staff, officier",Unknown,25 tr - 35 tr vnd,25.0,35.0,vnd,30.0
compliance auditor,full-time,"nhân viên, chuyên viên",bình dương,không yêu cầu,"kiểm toán, dệt may",Unknown,10 - 20 triệu vnđ,10.0,20.0,vnd,15.0
chuyên viên it hỗ trợ ứng dụng,full-time,"nhân viên, chuyên viên",kim động,2 - 5 năm,"quản trị hệ thống, it support",Unknown,đến 20 triệu vnđ,0.0,20.0,vnd,10.0
chuyên viên kỹ thuật cloud software,full-time,"nhân viên, chuyên viên",hà nội,0.5 - 1 năm,"triển khai phần mềm, c++, c, java",Unknown,từ 13 triệu vnđ,13.0,0.0,vnd,6.5
it network executive,full-time,"nhân viên, chuyên viên",hồ chí minh,1 - 2 năm,it support,Unknown,12 - 14 triệu vnđ,12.0,14.0,vnd,13.0
hy202 nhân viên it kcn thăng long li hưng yên,full-time,"nhân viên, chuyên viên",hưng yên,2 - 3 năm,"c#, sql, asp.net, .net",Unknown,12 - 18 triệu vnđ,12.0,18.0,vnd,15.0
i005 kỹ sư hệ thống cntt lập trình viên tại aichi,full-time,"nhân viên, chuyên viên",nhật bản,1 - 15 năm,"c#, javascript, .net, java",Unknown,45 - 90 triệu vnđ,45.0,90.0,vnd,67.5
i005 kỹ sư hệ thống cntt lập trình viên tại aichi,full-time,"nhân viên, chuyên viên",nhật bản,2 - 5 năm,it support,Unknown,45 - 90 triệu vnđ,45.0,90.0,vnd,67.5
kỹ sư it số lượng lớn,full-time,"nhân viên, chuyên viên",long an,1 - 2 năm,"it helpdesk, it support",Unknown,10 - 40 triệu vnđ,10.0,40.0,vnd,25.0
kỹ thuật viên triển khai hệ thống mạng nội bộ lan,full-time,"nhân viên, chuyên viên",hồ chí minh,trên 1 năm,"bưu chính viễn thông, quản trị mạng, điện tử",Unknown,9 - 15 triệu vnđ,9.0,15.0,vnd,12.0
nhân viên it help desk lương upto 15m bounus 3 tháng lương,full-time,"nhân viên, chuyên viên",hà nội,trên 0.5 năm,"it helpdesk, it support",Unknown,10 - 15 triệu vnđ,10.0,15.0,vnd,12.5
nhân viên it,full-time,"nhân viên, chuyên viên",bình dương,1 - 2 năm,"quản trị mạng, it support",Unknown,10 - 13 triệu vnđ,10.0,13.0,vnd,11.5
nhân viên it,full-time,"nhân viên, chuyên viên",hồ chí minh,2 - 5 năm,"quản trị mạng, triển khai phần mềm, it support",Unknown,100 - 20 triệu vnđ,100.0,20.0,vnd,60.0
nhân viên it,full-time,"nhân viên, chuyên viên",bình dương,1 - 3 năm,"quản trị mạng, it helpdesk, it support",Unknown,10 - 13 triệu vnđ,10.0,13.0,vnd,11.5
nhân viên it lập trình,full-time,"nhân viên, chuyên viên",thanh hóa,không yêu cầu,"c++, c, java",Unknown,6 - 12 triệu vnđ,6.0,12.0,vnd,9.0
nhân viên it,full-time,"nhân viên, chuyên viên",hồ chí minh,dưới 4 năm,"triển khai phần mềm, điện thoại, phần cứng máy tính",Unknown,10 - 40 triệu vnđ,10.0,40.0,vnd,25.0
nhân viên tư vấn website marketing công nghệ thông tin,full-time,"nhân viên, chuyên viên",hồ chí minh,không yêu cầu,"tư vấn bán hàng, digital marketing",Unknown,10 - 20 triệu vnđ,10.0,20.0,vnd,15.0
it communicator tiếng nhật 1500,full-time,"nhân viên, chuyên viên",hồ chí minh,1 - 5 năm,"kỹ sư cầu nối, phiên dịch, biên",Unknown,25 - 37 triệu vnđ,25.0,37.0,vnd,31.0
gia sư luyện thi chứng chỉ it passport online part time,part-time,"nhân viên, chuyên viên",toàn quốc,không yêu cầu,"trợ giảng, giảng viên",Unknown,7 - 9 triệu vnđ,7.0,9.0,vnd,8.0
sales engineer nhân viên kinh doanh thiết bị cntt,full-time,"nhân viên, chuyên viên",hà nội,2 - 3 năm,"kỹ sư bán hàng (sale engineer), tư vấn bán hàng, chăm sóc khách hàng",Unknown,15 - 30 triệu vnđ,15.0,30.0,vnd,22.5
sales it n2,full-time,"nhân viên, chuyên viên",hà nội,trên 1 năm,"tư vấn bán hàng, chăm sóc khách hàng",Unknown,10 - 15 triệu vnđ,10.0,15.0,vnd,12.5
thực tập sinh it,full-time,thực tập sinh,hồ chí minh,dưới 5 năm,"triển khai phần mềm, it support",Unknown,đến 10 triệu vnđ,0.0,10.0,vnd,5.0
trưởng phòng it,full-time,"trưởng nhóm, trưởng phòng",thủ đức,5 - 10 năm,"it support, vận hành sản xuất, ngoại ngữ",Unknown,22 - 33 triệu vnđ,22.0,33.0,vnd,27.5
tuyển dụng nhân viên it helpdesk,full-time,"nhân viên, chuyên viên",nam định,dưới 5 năm,"it helpdesk, điện thoại, phần cứng máy tính",Unknown,7 - 10 triệu vnđ,7.0,10.0,vnd,8.5
110899 sales assitant manager manager household goods,nhân viên chính thức,quản lý,hồ chí minh,trên 5 năm,"purchasing, sales assitant manager, purchasing staff, coordinator, associates accountant, executive, manager household goods, specialist, supervisor, manager, staff, nhân viên mua hàng staff, officier",Unknown,25 tr - 50 tr vnd,25.0,50.0,vnd,37.5
111054 digital marketing manager logistics,nhân viên chính thức,quản lý,hồ chí minh,trên 3 năm," digital marketing manager logistics, online marketing manager",Unknown,25 tr - 28 tr vnd,25.0,28.0,vnd,26.5
3d exhibition designer,nhân viên chính thức,nhân viên,hồ chí minh,không yêu cầu,Unknown,Unknown,14 tr - 25 tr vnd,14.0,25.0,vnd,19.5
ai engineer,toàn thời gian,nhân viên,hà nội,1 năm,"python, tensorflow, natural language processing, large language model, pytorch",Unknown,tới 40 triệu,40.0,0.0,vnd,20.0
android developer,toàn thời gian,nhân viên,hà nội,2 năm,Unknown,Unknown,tới 35 triệu,35.0,0.0,vnd,17.5
android kotlin developer,toàn thời gian,nhân viên,hà nội,4 năm,Unknown,Unknown,22 - 40 triệu,22.0,40.0,vnd,31.0
angular developer,toàn thời gian,nhân viên,hà nội,2 năm,angular,Unknown,tới 40 triệu,40.0,0.0,vnd,20.0
angular developer,toàn thời gian,nhân viên,hà nội,2 năm,Unknown,Unknown,18 - 20 triệu,18.0,20.0,vnd,19.0
video editor,toàn thời gian,nhân viên,hồ chí minh,1 năm,Unknown,Unknown,trên 12 triệu,12.0,0.0,vnd,6.0
architectural designer,nhân viên chính thức,nhân viên,hồ chí minh,3 - 8 năm,"architectural engineer, architect, kiến trúc sư, structural drafter, architectural drafter, nhân viên thiết kế kiến trúc",Unknown,25 tr - 30 tr vnd,25.0,30.0,vnd,27.5
area manager đồng nai,nhân viên chính thức,"trưởng nhóm , giám sát",đồng nai,2 - 3 năm,"purchasing, purchasing staff, coordinator, associates accountant, executive, specialist, supervisor, manager, staff, nhân viên mua hàng staff, officier",Unknown,"1,100 - 1,700 usd",27.5,42.5,usd,35.0
chuyên viên tư vấn khách hàng ngân hàng quốc tế singapore citibank,full-time,"nhân viên, chuyên viên",hà hội,không yêu cầu,"bán hàng qua điện thoại (telesale), tư vấn bán hàng",Unknown,7 - 15 triệu vnđ,7.0,15.0,vnd,11.0
back end developer,nhân viên chính thức,nhân viên,hồ chí minh,trên 2 năm,lập trình,Unknown,lên đến 25 tr vnd,0.0,25.0,vnd,12.5
109783 senior design engineer construction kỹ sư thiết kế nội thất xây dựng,nhân viên chính thức,nhân viên,hà nội,trên 2 năm,Unknown,Unknown,15 tr - 18 tr vnd,15.0,18.0,vnd,16.5
digital marketing manager,nhân viên chính thức,quản lý,hồ chí minh,2 - 5 năm,"online marketing manager, digital marketing manager tr tr",Unknown,25 tr - 30 tr vnd,25.0,30.0,vnd,27.5
digital marketing specialist,nhân viên chính thức,nhân viên,hồ chí minh,2 - 5 năm,Unknown,Unknown,15 tr - 20 tr vnd,15.0,20.0,vnd,17.5
chuyên viên tư vấn khách hàng ngân hàng quốc tế singapore citibank,full-time,"nhân viên, chuyên viên",hà hội,không yêu cầu,"tổng đài viên, quản lý tín dụng, tư vấn bán hàng",Unknown,7 - 15 triệu vnđ,7.0,15.0,vnd,11.0
chuyên viên tư vấn khách hàng ngân hàng quốc tế singapore citibank,full-time,"nhân viên, chuyên viên",hà hội,không yêu cầu,"tư vấn bán hàng, chăm sóc khách hàng",Unknown,7 - 15 triệu vnđ,7.0,15.0,vnd,11.0
software engineer,toàn thời gian,nhân viên,hồ chí minh,2 năm,"agile, analytics, tiếng nhật n2, bridge engineer, project management, teamwork, software development",Unknown,"1,000 - 2,500 usd",25.0,62.5,usd,43.75
assistant of developer,nhân viên chính thức,nhân viên,hồ chí minh,không yêu cầu,Unknown,Unknown,"8,5 tr - 10 tr vnd",8.5,10.0,vnd,9.25
chuyên viên tư vấn khách hàng ngân hàng quốc tế singapore citibank,full-time,"nhân viên, chuyên viên",hà hội,không yêu cầu,"tổng đài viên, quản lý tín dụng, tâm lý học",Unknown,7 - 15 triệu vnđ,7.0,15.0,vnd,11.0
chuyên viên tư vấn khách hàng ngân hàng quốc tế singapore citibank,nhân viên chính thức,nhân viên,hà nội,không yêu cầu, chuyên viên tư vấn khách hàng ngân hàng quốc tế singapore citibank giờ hành chính không yêu cầu kinh nghiệm,Unknown,7 tr - 15 tr vnd,7.0,15.0,vnd,11.0
111276 architectural designer construction kiến trúc sư xây dựng,nhân viên chính thức,nhân viên,hà nội,trên 2 năm," architectural designer construction kiến trúc sư xây dựng, architectural engineer, architect, kiến trúc sư, structural drafter, architectural drafter, nhân viên thiết kế kiến trúc",Unknown,15 tr - 25 tr vnd,15.0,25.0,vnd,20.0
111976 sales engineer trading kỹ sư kinh doanh thương mại,nhân viên chính thức,nhân viên,hà nội,trên 2 năm,"kỹ sư kinh doanh, sales engineer, technical sales engineer, kỹ sư bán hàng, sales engineer trading kỹ sư kinh doanh thương mại",Unknown,15 tr - 25 tr vnd,15.0,25.0,vnd,20.0
ai artist,nhân viên chính thức,nhân viên,hồ chí minh,lên đến 1 năm,Unknown,Unknown,10 tr - 12 tr vnd,10.0,12.0,vnd,11.0
backend,toàn thời gian,nhân viên,hà nội,1 năm,Unknown,Unknown,15 - 20 triệu,15.0,20.0,vnd,17.5
ai box manager,nhân viên chính thức,quản lý,hồ chí minh,lên đến 15 năm,"purchasing, purchasing staff, coordinator, associates accountant, executive, specialist, supervisor, manager, staff, nhân viên mua hàng staff, officier",Unknown,30 tr - 50 tr vnd,30.0,50.0,vnd,40.0
area manager katinat saigon kafe,nhân viên chính thức,quản lý,hồ chí minh,3 - 5 năm,Unknown,Unknown,18 tr - 22 tr vnd,18.0,22.0,vnd,20.0
back end developer,nhân viên chính thức,nhân viên,hồ chí minh,3 - 5 năm,Unknown,Unknown,"3,000 - 5,000 usd",75.0,125.0,usd,100.0
backend developer,nhân viên chính thức,nhân viên,hồ chí minh,3 - 4 năm,"mysql, cd, postgresql, rest, grpc api, backend developer golang, lập trình, kubernetes, ci",Unknown,30 tr - 35 tr vnd,30.0,35.0,vnd,32.5
back end developer,nhân viên chính thức,nhân viên,hà nội,không yêu cầu,Unknown,Unknown,lên đến 40 tr vnd,0.0,40.0,vnd,20.0
backend developer,nhân viên chính thức,nhân viên,hà nội,3 - 10 năm,Unknown,Unknown,"1,000 - 1,600 usd",25.0,40.0,usd,32.5
chuyên viên tư vấn tài chính dự án vpbank aia thu nhập từ 20tr,full-time,"nhân viên, chuyên viên",vpbank cn ba đình,1 - 1 năm,"tư vấn bảo hiểm, tư vấn bán hàng, chăm sóc khách hàng",Unknown,9 - 20 triệu vnđ,9.0,20.0,vnd,14.5
back end developer lương upto 30tr,full-time,"nhân viên, chuyên viên",hồ chí minh,trên 2 năm,"javascript, backend",Unknown,đến 30 triệu vnđ,0.0,30.0,vnd,15.0
